-6.781073287129402161e-03,-5.518594756722450256e-02,-2.205570638179779053e-01,3.714164495468139648e-01,-2.315422147512435913e-01,-3.253140673041343689e-02,-3.181394562125205994e-02,-2.512819468975067139e-01,3.992774188518524170e-01,-1.608900576829910278e-01,1.034312648698687553e-03,-4.676433280110359192e-02,3.448457643389701843e-02,-9.619701653718948364e-03,-1.449165958911180496e-02,-3.860138822346925735e-03,4.978066682815551758e-02,2.535109221935272217e-02,1.161655411124229431e-02
-1.006031781435012817e-02,-5.473524332046508789e-02,-2.250205129384994507e-01,3.753798902034759521e-01,-2.464171648025512695e-01,-3.279707208275794983e-02,-3.135987371206283569e-02,-2.537882924079895020e-01,4.063481092453002930e-01,-1.643033325672149658e-01,1.427547354251146317e-02,-4.191855341196060181e-02,3.621383756399154663e-02,-4.167794249951839447e-03,-1.423379965126514435e-02,-9.264159016311168671e-03,4.898865893483161926e-02,2.507593110203742981e-02,1.144463941454887390e-02
-1.159435138106346130e-02,-4.999553784728050232e-02,-2.229223400354385376e-01,3.801751732826232910e-01,-2.679986953735351562e-01,-3.285867720842361450e-02,-2.976895868778228760e-02,-2.546808719635009766e-01,4.184981584548950195e-01,-1.667405962944030762e-01,2.206813357770442963e-02,-3.359683230519294739e-02,3.597541898488998413e-02,-3.170878626406192780e-03,-1.242157630622386932e-02,-1.199540775269269943e-02,4.718259721994400024e-02,2.439502812922000885e-02,1.096889283508062363e-02
-1.533525157719850540e-02,-4.504190385341644287e-02,-2.159416377544403076e-01,3.786166906356811523e-01,-2.929202020168304443e-01,-3.108769096434116364e-02,-2.933513745665550232e-02,-2.563411593437194824e-01,4.352042973041534424e-01,-1.706716269254684448e-01,2.553049102425575256e-02,-2.406802400946617126e-02,3.514245897531509399e-02,-2.598175080493092537e-03,-8.903081528842449188e-03,-1.257945876568555832e-02,4.460095986723899841e-02,2.293858118355274200e-02,1.000706758350133896e-02
-2.404860593378543854e-02,-3.934474289417266846e-02,-2.071518301963806152e-01,3.728939592838287354e-01,-3.205559253692626953e-01,-2.664802968502044678e-02,-2.977255731821060181e-02,-2.606970071792602539e-01,4.556078016757965088e-01,-1.739111393690109253e-01,2.745482884347438812e-02,-1.466536056250333786e-02,3.381060063838958740e-02,-2.103994367644190788e-03,-5.454575642943382263e-03,-1.260535325855016708e-02,4.118484258651733398e-02,2.092338725924491882e-02,9.399365633726119995e-03
-3.313515707850456238e-02,-3.472370654344558716e-02,-1.981642991304397583e-01,3.660396337509155273e-01,-3.508937954902648926e-01,-2.304972149431705475e-02,-3.091862611472606659e-02,-2.685682773590087891e-01,4.792407751083374023e-01,-1.779939234256744385e-01,2.842394635081291199e-02,-6.188155617564916611e-03,3.234781697392463684e-02,-1.727201044559478760e-03,-2.598784165456891060e-03,-1.262294966727495193e-02,3.727229312062263489e-02,1.869987510144710541e-02,8.883811533451080322e-03
-4.144207388162612915e-02,-3.370692953467369080e-02,-2.003666609525680542e-01,3.827895820140838623e-01,-3.802817165851593018e-01,-2.304568886756896973e-02,-3.366328403353691101e-02,-2.767010331153869629e-01,5.038641095161437988e-01,-1.827646791934967041e-01,2.741040475666522980e-02,-2.269199758302420378e-04,3.160893917083740234e-02,-1.592729822732508183e-03,5.101605318486690521e-03,-1.261966768652200699e-02,3.404833748936653137e-02,1.622403413057327271e-02,1.131757348775863647e-02
-4.444519057869911194e-02,-3.750465065240859985e-02,-1.931475549936294556e-01,3.931033611297607422e-01,-3.909280002117156982e-01,-2.236187458038330078e-02,-3.710269927978515625e-02,-2.802755534648895264e-01,5.325612425804138184e-01,-1.916879117488861084e-01,2.756010740995407104e-02,5.394608713686466217e-03,3.155140206217765808e-02,-1.493759104050695896e-03,9.161337278783321381e-03,-1.218988001346588135e-02,3.358302265405654907e-02,1.593603566288948059e-02,1.249597780406475067e-02
-4.845358803868293762e-02,-4.241016134619712830e-02,-1.791789382696151733e-01,3.895951211452484131e-01,-3.958619534969329834e-01,-2.162368781864643097e-02,-4.066719114780426025e-02,-2.871107459068298340e-01,5.652472972869873047e-01,-2.031227052211761475e-01,2.634513191878795624e-02,8.772895671427249908e-03,3.139347583055496216e-02,-1.321029034443199635e-03,9.356289170682430267e-03,-1.199220214039087296e-02,3.331705182790756226e-02,1.558540016412734985e-02,1.233472116291522980e-02
-5.269705131649971008e-02,-4.843727871775627136e-02,-1.620465666055679321e-01,3.789685666561126709e-01,-3.970887660980224609e-01,-2.176791243255138397e-02,-4.421112686395645142e-02,-2.977102994918823242e-01,6.000860929489135742e-01,-2.175395488739013672e-01,2.476999163627624512e-02,9.490068070590496063e-03,3.119651414453983307e-02,-1.155947567895054817e-03,9.441367350518703461e-03,-1.190803293138742447e-02,3.276844322681427002e-02,1.524702645838260651e-02,1.207834109663963318e-02
-5.720303952693939209e-02,-5.545711517333984375e-02,-1.433261036872863770e-01,3.644467294216156006e-01,-3.964269757270812988e-01,-2.487346157431602478e-02,-4.715821892023086548e-02,-3.120492994785308838e-01,6.343210339546203613e-01,-2.330950051546096802e-01,2.241183817386627197e-02,9.482021443545818329e-03,3.091789036989212036e-02,-9.908094070851802826e-04,9.416882880032062531e-03,-1.186241582036018372e-02,3.187002986669540405e-02,1.497484184801578522e-02,1.177616789937019348e-02
-6.078455224633216858e-02,-6.347125023603439331e-02,-1.244217529892921448e-01,3.488120138645172119e-01,-3.953053057193756104e-01,-2.863892540335655212e-02,-4.970288276672363281e-02,-3.307317793369293213e-01,6.692219376564025879e-01,-2.510742843151092529e-01,2.040748298168182373e-02,9.468385949730873108e-03,3.051816485822200775e-02,-8.452664478681981564e-04,9.348192252218723297e-03,-1.182943582534790039e-02,3.063890710473060608e-02,1.455514132976531982e-02,1.141269039362668991e-02
-6.419084221124649048e-02,-7.262399792671203613e-02,-1.057707220315933228e-01,3.331455290317535400e-01,-3.942486941814422607e-01,-3.390473499894142151e-02,-5.209493637084960938e-02,-3.524365425109863281e-01,7.017428874969482422e-01,-2.702333033084869385e-01,1.810781098902225494e-02,9.455949999392032623e-03,2.995670028030872345e-02,-7.180607644841074944e-04,9.284975007176399231e-03,-1.177809201180934906e-02,2.909665182232856750e-02,1.394587848335504532e-02,1.103894226253032684e-02
-6.702348589897155762e-02,-8.294904232025146484e-02,-8.743607997894287109e-02,3.180417418479919434e-01,-3.936247229576110840e-01,-4.022963717579841614e-02,-5.431739613413810730e-02,-3.767071366310119629e-01,7.313659191131591797e-01,-2.883720993995666504e-01,1.603526622056961060e-02,9.440837427973747253e-03,2.920008637011051178e-02,-6.024913745932281017e-04,9.211069904267787933e-03,-1.171280909329652786e-02,2.728423476219177246e-02,1.319249160587787628e-02,1.064644288271665573e-02
-7.021205872297286987e-02,-9.458222985267639160e-02,-6.879707425832748413e-02,3.026120066642761230e-01,-3.929653763771057129e-01,-4.803512617945671082e-02,-5.655222386121749878e-02,-4.028075933456420898e-01,7.591006755828857422e-01,-3.064289689064025879e-01,1.339869853109121323e-02,9.425692260265350342e-03,2.835371904075145721e-02,-5.092218634672462940e-04,9.203827939927577972e-03,-1.153663359582424164e-02,2.534653432667255402e-02,1.231194753199815750e-02,1.028194837272167206e-02
-7.322830706834793091e-02,-1.072028875350952148e-01,-5.003410205245018005e-02,2.872036099433898926e-01,-3.924603462219238281e-01,-5.755828320980072021e-02,-5.797740072011947632e-02,-4.307418465614318848e-01,7.847148180007934570e-01,-3.205876946449279785e-01,1.101682800799608231e-02,9.394506923854351044e-03,2.728369459509849548e-02,-4.177693044766783714e-04,9.115881286561489105e-03,-1.096996292471885681e-02,2.326006628572940826e-02,1.147957146167755127e-02,9.919418953359127045e-03
-7.525902986526489258e-02,-1.204397305846214294e-01,-3.167983517050743103e-02,2.726153731346130371e-01,-3.925933241844177246e-01,-6.716464459896087646e-02,-5.842351540923118591e-02,-4.596297740936279297e-01,8.059511184692382812e-01,-3.293275237083435059e-01,9.659315459430217743e-03,9.363577701151371002e-03,2.595739625394344330e-02,-3.303261764813214540e-04,8.994129486382007599e-03,-1.013589277863502502e-02,2.116058021783828735e-02,1.068486180156469345e-02,9.612508118152618408e-03
-7.744085788726806641e-02,-1.340182572603225708e-01,-1.443471200764179230e-02,2.597676217555999756e-01,-3.936384320259094238e-01,-7.551966607570648193e-02,-5.845068395137786865e-02,-4.879296422004699707e-01,8.220263123512268066e-01,-3.366088569164276123e-01,8.105699904263019562e-03,9.324108250439167023e-03,2.445507049560546875e-02,-2.539902343414723873e-04,8.846549317240715027e-03,-9.194660931825637817e-03,1.918452233076095581e-02,9.925952181220054626e-03,9.330534376204013824e-03
-7.987754791975021362e-02,-1.477289497852325439e-01,1.513981609605252743e-03,2.491824179887771606e-01,-3.958688378334045410e-01,-8.221687376499176025e-02,-5.790511518716812134e-02,-5.149575471878051758e-01,8.330584764480590820e-01,-3.421695530414581299e-01,6.411448586732149124e-03,9.273642674088478088e-03,2.275616675615310669e-02,-1.899786002468317747e-04,8.665221743285655975e-03,-8.122727274894714355e-03,1.740010082721710205e-02,9.214911609888076782e-03,9.092650376260280609e-03
-8.198073506355285645e-02,-1.615167111158370972e-01,1.633451879024505615e-02,2.410525828599929810e-01,-3.994926810264587402e-01,-8.817515522241592407e-02,-5.608356744050979614e-02,-5.407819151878356934e-01,8.400339484214782715e-01,-3.455882668495178223e-01,5.189828574657440186e-03,9.229405783116817474e-03,2.090004459023475647e-02,-1.396385923726484179e-04,8.514809422194957733e-03,-6.992815062403678894e-03,1.587041653692722321e-02,8.565456606447696686e-03,8.892827667295932770e-03
-8.341509103775024414e-02,-1.754081547260284424e-01,3.009193018078804016e-02,2.355265170335769653e-01,-4.046829938888549805e-01,-9.243028610944747925e-02,-5.358475446701049805e-02,-5.644804835319519043e-01,8.427306413650512695e-01,-3.451840877532958984e-01,4.640770610421895981e-03,9.193381294608116150e-03,1.902005821466445923e-02,-9.756541840033605695e-05,8.360578678548336029e-03,-6.014274433255195618e-03,1.465323474258184433e-02,8.040523156523704529e-03,8.732800371944904327e-03
-8.483949303627014160e-02,-1.894955933094024658e-01,4.281416535377502441e-02,2.324892580509185791e-01,-4.112967550754547119e-01,-9.329383820295333862e-02,-5.221643298864364624e-02,-5.847396254539489746e-01,8.417212963104248047e-01,-3.409896194934844971e-01,4.010221455246210098e-03,9.158954955637454987e-03,1.726752519607543945e-02,-6.961112376302480698e-05,8.269930258393287659e-03,-5.277556832879781723e-03,1.378543209284543991e-02,7.642031647264957428e-03,8.582901209592819214e-03
-8.650472760200500488e-02,-2.035948932170867920e-01,5.416755378246307373e-02,2.325774431228637695e-01,-4.196346402168273926e-01,-9.330563992261886597e-02,-5.112423747777938843e-02,-6.018235087394714355e-01,8.369069695472717285e-01,-3.340935111045837402e-01,3.204442095011472702e-03,9.112365543842315674e-03,1.555893197655677795e-02,-4.684954546974040568e-05,8.023501373827457428e-03,-4.663587547838687897e-03,1.318719517439603806e-02,7.390747312456369400e-03,8.442297577857971191e-03
-8.772119134664535522e-02,-2.175861001014709473e-01,6.448338925838470459e-02,2.351944148540496826e-01,-4.294853806495666504e-01,-9.131326526403427124e-02,-5.055032297968864441e-02,-6.157215833663940430e-01,8.290018439292907715e-01,-3.246131837368011475e-01,2.890427596867084503e-03,9.073518216609954834e-03,1.391375996172428131e-02,-3.140676926705054939e-05,7.872577756643295288e-03,-4.209787584841251373e-03,1.289502996951341629e-02,7.236981298774480820e-03,8.333203382790088654e-03
-8.944479376077651978e-02,-2.312986254692077637e-01,7.324682176113128662e-02,2.408203631639480591e-01,-4.409658610820770264e-01,-8.939094096422195435e-02,-5.001201108098030090e-02,-6.267971396446228027e-01,8.188689947128295898e-01,-3.138530850410461426e-01,2.190517960116267204e-03,9.003090672194957733e-03,1.231961231678724289e-02,-2.508807483536656946e-05,7.596096955239772797e-03,-3.846031613647937775e-03,1.281484309583902359e-02,7.116390392184257507e-03,8.208349347114562988e-03
-9.154009073972702026e-02,-2.447210848331451416e-01,8.046765625476837158e-02,2.489855140447616577e-01,-4.537769854068756104e-01,-8.658274263143539429e-02,-5.004484951496124268e-02,-6.352152228355407715e-01,8.067427277565002441e-01,-3.005971312522888184e-01,1.460568979382514954e-03,8.940200321376323700e-03,1.082242932170629501e-02,-2.693302485567983240e-05,7.359175942838191986e-03,-3.483945969492197037e-03,1.274637039750814438e-02,7.001551799476146698e-03,8.075496181845664978e-03
-9.363267570734024048e-02,-2.575855851173400879e-01,8.600526303052902222e-02,2.598074972629547119e-01,-4.680149257183074951e-01,-8.195234835147857666e-02,-5.086145922541618347e-02,-6.413453817367553711e-01,7.940543889999389648e-01,-2.851963639259338379e-01,1.122903428040444851e-03,8.824835531413555145e-03,9.411746636033058167e-03,-2.655533899087458849e-05,7.042175158858299255e-03,-3.105092328041791916e-03,1.267530024051666260e-02,6.901255343109369278e-03,7.972943596541881561e-03
-9.641333669424057007e-02,-2.696155011653900146e-01,8.933367580175399780e-02,2.739745974540710449e-01,-4.839383065700531006e-01,-7.620810717344284058e-02,-5.262120068073272705e-02,-6.447057723999023438e-01,7.796068787574768066e-01,-2.672542631626129150e-01,5.227483343333005905e-04,8.602941408753395081e-03,8.047820068895816803e-03,-2.691852387215476483e-05,6.673542782664299011e-03,-2.760766074061393738e-03,1.260010525584220886e-02,6.801172159612178802e-03,7.867099717259407043e-03
-9.913299977779388428e-02,-2.806714773178100586e-01,9.141916036605834961e-02,2.899682521820068359e-01,-5.009323358535766602e-01,-6.913120299577713013e-02,-5.493224784731864929e-02,-6.456274986267089844e-01,7.640266418457031250e-01,-2.465951889753341675e-01,2.747474936768412590e-04,8.449799381196498871e-03,6.753459572792053223e-03,-2.800455149554181844e-05,6.364217493683099747e-03,-2.528026234358549118e-03,1.253150962293148041e-02,6.730307359248399734e-03,7.807161659002304077e-03
-1.013087928295135498e-01,-2.908497750759124756e-01,9.257544577121734619e-02,3.072415590286254883e-01,-5.188024044036865234e-01,-6.159364432096481323e-02,-5.838337540626525879e-02,-6.464999914169311523e-01,7.551948428153991699e-01,-2.217220813035964966e-01,5.935007939115166664e-04,8.417381905019283295e-03,5.600905511528253555e-03,-3.349421240272931755e-05,6.182336248457431793e-03,-2.470323815941810608e-03,1.245306432247161865e-02,6.671439856290817261e-03,7.694177329540252686e-03
-9.908470511436462402e-02,-2.981975972652435303e-01,9.608691185712814331e-02,3.220002055168151855e-01,-5.313546061515808105e-01,-6.034170463681221008e-02,-6.488715112209320068e-02,-6.510285735130310059e-01,7.836202383041381836e-01,-2.440163791179656982e-01,3.136451821774244308e-03,8.381145074963569641e-03,3.886524355039000511e-03,-9.458504791837185621e-06,6.709550507366657257e-03,-2.442618599161505699e-03,1.228729821741580963e-02,6.690068170428276062e-03,9.319833479821681976e-03
-9.492341428995132446e-02,-3.009121716022491455e-01,9.674526005983352661e-02,3.400884866714477539e-01,-5.386757850646972656e-01,-5.873649939894676208e-02,-6.690849363803863525e-02,-6.506722569465637207e-01,8.004533648490905762e-01,-2.603774964809417725e-01,4.602376371622085571e-03,8.332074619829654694e-03,2.388611901551485062e-03,-2.673020617294241674e-06,6.746653001755475998e-03,-2.412305213510990143e-03,1.217407919466495514e-02,6.697969511151313782e-03,9.438157081604003906e-03
-9.020361304283142090e-02,-3.012587726116180420e-01,9.446148574352264404e-02,3.586091995239257812e-01,-5.417889952659606934e-01,-5.700524523854255676e-02,-6.687466055154800415e-02,-6.486554145812988281e-01,8.091810345649719238e-01,-2.720061242580413818e-01,4.916893783956766129e-03,8.288237266242504120e-03,1.715124002657830715e-03,-1.757123573042917997e-05,6.747082341462373734e-03,-2.392104826867580414e-03,1.208020932972431183e-02,6.677271798253059387e-03,9.392754174768924713e-03
-8.601889014244079590e-02,-3.004921078681945801e-01,8.796942979097366333e-02,3.787853717803955078e-01,-5.412849187850952148e-01,-5.487367883324623108e-02,-6.608089059591293335e-02,-6.462780833244323730e-01,8.113349676132202148e-01,-2.794553935527801514e-01,5.088223610073328018e-03,8.239290677011013031e-03,1.604021410457789898e-03,-3.917383219231851399e-05,6.742214784026145935e-03,-2.376288874074816704e-03,1.197936665266752243e-02,6.653019692748785019e-03,9.318727999925613403e-03
-8.370366692543029785e-02,-2.988697886466979980e-01,7.668644934892654419e-02,4.015522897243499756e-01,-5.373923778533935547e-01,-5.244698375463485718e-02,-6.475965678691864014e-02,-6.436548829078674316e-01,8.073066473007202148e-01,-2.829419076442718506e-01,5.139077547937631607e-03,8.188284933567047119e-03,1.541109755635261536e-03,-6.324072455754503608e-05,6.742034107446670532e-03,-2.359436824917793274e-03,1.187834329903125763e-02,6.627446506172418594e-03,9.234121069312095642e-03
-8.305289596319198608e-02,-2.965836524963378906e-01,6.136957556009292603e-02,4.261538386344909668e-01,-5.297743678092956543e-01,-4.922610893845558167e-02,-6.316965818405151367e-02,-6.405119895935058594e-01,7.973846793174743652e-01,-2.827738523483276367e-01,5.476122722029685974e-03,8.143793791532516479e-03,1.487360685132443905e-03,-8.812396117718890309e-05,6.755576469004154205e-03,-2.341179875656962395e-03,1.178150158375501633e-02,6.605494767427444458e-03,9.152072481811046600e-03
-8.301904052495956421e-02,-2.933445870876312256e-01,4.334963113069534302e-02,4.517312645912170410e-01,-5.182955265045166016e-01,-4.474347829818725586e-02,-6.143382564187049866e-02,-6.361938714981079102e-01,7.814630270004272461e-01,-2.784436345100402832e-01,5.987329408526420593e-03,8.097183890640735626e-03,1.440828782506287098e-03,-1.123808469856157899e-04,6.801791489124298096e-03,-2.318094484508037567e-03,1.168821845203638077e-02,6.583490874618291855e-03,9.084806777536869049e-03
-8.243087679147720337e-02,-2.878515422344207764e-01,2.356672473251819611e-02,4.790631830692291260e-01,-5.035849809646606445e-01,-3.948810696601867676e-02,-5.956029519438743591e-02,-6.301807165145874023e-01,7.603339552879333496e-01,-2.710973620414733887e-01,6.274415645748376846e-03,8.041782304644584656e-03,1.391722122207283974e-03,-1.333433028776198626e-04,6.879857741296291351e-03,-2.300587249919772148e-03,1.159314531832933426e-02,6.554562132805585861e-03,9.041308425366878510e-03
-8.168256282806396484e-02,-2.789667546749114990e-01,3.233118215575814247e-03,5.058287978172302246e-01,-4.868290126323699951e-01,-3.468614071607589722e-02,-5.778570845723152161e-02,-6.221649646759033203e-01,7.348796129226684570e-01,-2.614631950855255127e-01,5.646395031362771988e-03,7.962846197187900543e-03,1.338873291388154030e-03,-1.504388055764138699e-04,6.937371566891670227e-03,-2.291034208610653877e-03,1.149248052388429642e-02,6.502341944724321365e-03,9.006911888718605042e-03
-8.093970268964767456e-02,-2.663575708866119385e-01,-1.791094057261943817e-02,5.328227877616882324e-01,-4.715747535228729248e-01,-3.043703362345695496e-02,-5.644327029585838318e-02,-6.120756864547729492e-01,7.056209444999694824e-01,-2.498654723167419434e-01,4.732625093311071396e-03,7.694201543927192688e-03,1.280468888580799103e-03,-1.651662751100957394e-04,7.006679661571979523e-03,-2.280937274917960167e-03,1.137080322951078415e-02,6.401841063052415848e-03,8.968637324869632721e-03
-8.005019277334213257e-02,-2.506207823753356934e-01,-3.979316726326942444e-02,5.602103471755981445e-01,-4.617264568805694580e-01,-2.638463117182254791e-02,-5.575039237737655640e-02,-5.996441841125488281e-01,6.727074980735778809e-01,-2.364399433135986328e-01,3.899829462170600891e-03,7.357583846896886826e-03,1.220796722918748856e-03,-1.748698705341666937e-04,7.074411958456039429e-03,-2.275808947160840034e-03,1.119694672524929047e-02,6.294889841228723526e-03,8.952392265200614929e-03
-7.734529674053192139e-02,-2.323952019214630127e-01,-6.180758401751518250e-02,5.866391062736511230e-01,-4.566904604434967041e-01,-2.269992604851722717e-02,-5.565726384520530701e-02,-5.845088362693786621e-01,6.364747285842895508e-01,-2.215104401111602783e-01,2.984185004606842995e-03,6.997759453952312469e-03,1.163576962426304817e-03,-1.808416709536686540e-04,7.139522582292556763e-03,-2.273937920108437538e-03,1.089665479958057404e-02,6.155319046229124069e-03,8.938476443290710449e-03
-7.375175505876541138e-02,-2.123220413923263550e-01,-8.450154215097427368e-02,6.124570369720458984e-01,-4.543825984001159668e-01,-1.960841380059719086e-02,-5.621902644634246826e-02,-5.665915012359619141e-01,5.972972512245178223e-01,-2.053611427545547485e-01,1.929147867485880852e-03,6.459590047597885132e-03,1.102935173548758030e-03,-1.852378918556496501e-04,7.224484346807003021e-03,-2.275196602568030357e-03,1.037345267832279205e-02,5.973957013338804245e-03,8.919501677155494690e-03
-6.976725906133651733e-02,-1.908462643623352051e-01,-1.072158887982368469e-01,6.361126899719238281e-01,-4.532638490200042725e-01,-1.823535375297069550e-02,-5.750817432999610901e-02,-5.457449555397033691e-01,5.564097166061401367e-01,-1.887931078672409058e-01,-3.833476512227207422e-04,5.769728682935237885e-03,1.050841296091675758e-03,-1.849962427513673902e-04,7.293979171663522720e-03,-2.270941855385899544e-03,9.635166265070438385e-03,5.614020861685276031e-03,8.869353681802749634e-03
-6.135572865605354309e-02,-1.678929924964904785e-01,-1.292272210121154785e-01,6.588619351387023926e-01,-4.566959142684936523e-01,-1.743135973811149597e-02,-5.896838754415512085e-02,-5.217007398605346680e-01,5.146965980529785156e-01,-1.726033389568328857e-01,-2.418475691229104996e-03,4.849079996347427368e-03,9.917364222928881645e-04,-1.829654356697574258e-04,7.355393376201391220e-03,-2.254565479233860970e-03,8.649913594126701355e-03,5.181125365197658539e-03,8.831616491079330444e-03
-4.952448979020118713e-02,-1.433821320533752441e-01,-1.501922160387039185e-01,6.807851791381835938e-01,-4.643945693969726562e-01,-1.668377965688705444e-02,-6.027011200785636902e-02,-4.945919811725616455e-01,4.728772044181823730e-01,-1.570289134979248047e-01,-3.862359328195452690e-03,3.827585373073816299e-03,9.391850908286869526e-04,-1.795711286831647158e-04,7.368052378296852112e-03,-2.235681749880313873e-03,7.547456305474042892e-03,4.761267453432083130e-03,8.788352832198143005e-03
-3.603554144501686096e-02,-1.176084801554679871e-01,-1.697914600372314453e-01,7.016035914421081543e-01,-4.728454351425170898e-01,-1.611642166972160339e-02,-6.136341765522956848e-02,-4.648360013961791992e-01,4.319686591625213623e-01,-1.426326483488082886e-01,-4.951648414134979248e-03,2.865571761503815651e-03,8.952204370871186256e-04,-1.751650706864893436e-04,7.348987273871898651e-03,-2.211601240560412407e-03,6.451307330280542374e-03,4.340831656008958817e-03,8.712287060916423798e-03
-2.399054914712905884e-02,-9.123247116804122925e-02,-1.875444501638412476e-01,7.198225259780883789e-01,-4.845706820487976074e-01,-1.557712722569704056e-02,-6.248987466096878052e-02,-4.333365857601165771e-01,3.928333520889282227e-01,-1.296964436769485474e-01,-5.581601988524198532e-03,2.044397406280040741e-03,8.553196093998849392e-04,-1.702387089608237147e-04,7.280930411070585251e-03,-2.186930971220135689e-03,5.384903866797685623e-03,3.931763116270303726e-03,8.554621599614620209e-03
-8.778885006904602051e-03,-6.500132381916046143e-02,-2.046172320842742920e-01,7.371372580528259277e-01,-4.965316057205200195e-01,-1.387771684676408768e-02,-6.361928582191467285e-02,-4.010406732559204102e-01,3.559828698635101318e-01,-1.182335391640663147e-01,-5.035027861595153809e-03,1.685653813183307648e-03,8.289362885989248753e-04,-1.625203149160370231e-04,7.084668613970279694e-03,-2.185961697250604630e-03,4.489649552851915359e-03,3.755756886675953865e-03,8.400074206292629242e-03
5.867763888090848923e-03,-3.928863629698753357e-02,-2.212453186511993408e-01,7.518924474716186523e-01,-5.097593665122985840e-01,-1.233718823641538620e-02,-6.478644162416458130e-02,-3.691608905792236328e-01,3.224745094776153564e-01,-1.086734011769294739e-01,-4.781222902238368988e-03,1.644852221943438053e-03,8.038662490434944630e-04,-1.543430116726085544e-04,6.799545604735612869e-03,-2.174646826460957527e-03,3.819953650236129761e-03,3.606561338528990746e-03,8.122588507831096649e-03
1.836686581373214722e-02,-1.506784092634916306e-02,-2.370013892650604248e-01,7.624809145927429199e-01,-5.224472284317016602e-01,-1.111765298992395401e-02,-6.625375896692276001e-02,-3.384685218334197998e-01,2.927774190902709961e-01,-1.011554300785064697e-01,-4.752743989229202271e-03,1.615651999600231647e-03,7.773270481266081333e-04,-1.434477599104866385e-04,6.674352101981639862e-03,-2.143749501556158066e-03,3.237782511860132217e-03,3.360807429999113083e-03,7.660038303583860397e-03
3.171535208821296692e-02,6.726079154759645462e-03,-2.519676983356475830e-01,7.688729166984558105e-01,-5.337931513786315918e-01,-9.464621543884277344e-03,-6.814076006412506104e-02,-3.098457157611846924e-01,2.679085731506347656e-01,-9.602768719196319580e-02,-4.197148140519857407e-03,1.585243502631783485e-03,7.558236829936504364e-04,-1.315692934440448880e-04,6.522946059703826904e-03,-2.108841901645064354e-03,2.689983230084180832e-03,3.066887613385915756e-03,7.025239523500204086e-03
4.324079304933547974e-02,2.588349208235740662e-02,-2.655172348022460938e-01,7.706230878829956055e-01,-5.419717431068420410e-01,-7.728026714175939560e-03,-7.055532187223434448e-02,-2.848448157310485840e-01,2.501536905765533447e-01,-9.436014294624328613e-02,-3.536764066666364670e-03,1.555415452457964420e-03,7.346464553847908974e-04,-1.207798195537179708e-04,6.176302675157785416e-03,-2.057388424873352051e-03,2.146734856069087982e-03,2.687050728127360344e-03,6.090514827519655228e-03
5.210737511515617371e-02,4.260645434260368347e-02,-2.773006558418273926e-01,7.679222822189331055e-01,-5.462654829025268555e-01,-5.679155234247446060e-03,-7.321392744779586792e-02,-2.640764713287353516e-01,2.398185431957244873e-01,-9.618484228849411011e-02,-2.643135376274585724e-03,1.524973544292151928e-03,6.917688879184424877e-04,-1.080088040907867253e-04,5.636626854538917542e-03,-2.050040988251566887e-03,1.548626692965626717e-03,2.408126369118690491e-03,5.418712273240089417e-03
5.639575421810150146e-02,5.680153518915176392e-02,-2.870213985443115234e-01,7.613484859466552734e-01,-5.467296242713928223e-01,-4.154582042247056961e-03,-7.590762525796890259e-02,-2.477031350135803223e-01,2.365393489599227905e-01,-1.012774854898452759e-01,-2.273983554914593697e-03,1.492131617851555347e-03,6.334510981105268002e-04,-9.348364983452484012e-05,5.113942548632621765e-03,-2.033089520409703255e-03,9.897036943584680557e-04,2.220788272097706795e-03,5.042952485382556915e-03
5.878570303320884705e-02,6.787656992673873901e-02,-2.940825223922729492e-01,7.510158419609069824e-01,-5.434744358062744141e-01,-2.533140126615762711e-03,-7.861571758985519409e-02,-2.352481037378311157e-01,2.394058704376220703e-01,-1.091415137052536011e-01,-1.783042447641491890e-03,1.463758642785251141e-03,5.964448791928589344e-04,-7.703554729232564569e-05,4.950650967657566071e-03,-1.999119529500603676e-03,5.802380619570612907e-04,2.106992760673165321e-03,4.909728653728961945e-03
5.907013267278671265e-02,7.582228630781173706e-02,-2.979193329811096191e-01,7.368999719619750977e-01,-5.363674163818359375e-01,-1.622357871383428574e-03,-8.129560947418212891e-02,-2.265873700380325317e-01,2.483194768428802490e-01,-1.197839602828025818e-01,-1.723425462841987610e-03,1.432611607015132904e-03,5.673913983628153801e-04,-5.956895620329305530e-05,4.868770018219947815e-03,-1.927676377817988396e-03,3.537991433404386044e-04,1.987752271816134453e-03,4.792426712810993195e-03
5.758786574006080627e-02,8.105602115392684937e-02,-2.981921434402465820e-01,7.188609242439270020e-01,-5.255731344223022461e-01,-6.208940758369863033e-04,-8.398118615150451660e-02,-2.207792699337005615e-01,2.618107497692108154e-01,-1.326527744531631470e-01,-1.841702498495578766e-03,1.402582391165196896e-03,5.316734313964843750e-04,-4.222370625939220190e-05,4.803912248462438583e-03,-1.823410158976912498e-03,2.518194378353655338e-04,1.911806524731218815e-03,4.737859591841697693e-03
5.762940645217895508e-02,8.364854007959365845e-02,-2.979567348957061768e-01,7.007126212120056152e-01,-5.130778551101684570e-01,3.339982940815389156e-04,-8.631837368011474609e-02,-2.180653363466262817e-01,2.793228030204772949e-01,-1.472580134868621826e-01,-1.858974923379719257e-03,1.377291162498295307e-03,4.950666334480047226e-04,-2.596448757685720921e-05,4.564306233078241348e-03,-1.678896602243185043e-03,2.114844246534630656e-04,1.854761154390871525e-03,4.642852582037448883e-03
5.514989420771598816e-02,8.467434346675872803e-02,-2.956519722938537598e-01,6.795682311058044434e-01,-4.980463087558746338e-01,3.041649470105767250e-04,-8.828604966402053833e-02,-2.178439199924468994e-01,3.000189363956451416e-01,-1.633062362670898438e-01,-2.575759543105959892e-03,1.350598293356597424e-03,4.417639866005629301e-04,-8.858103683451190591e-06,4.419343080371618271e-03,-1.432806835509836674e-03,1.550114102428779006e-04,1.785659347660839558e-03,4.593915771692991257e-03
5.344694852828979492e-02,8.455457538366317749e-02,-2.901079356670379639e-01,6.557399034500122070e-01,-4.801754653453826904e-01,8.509586914442479610e-04,-8.967540413141250610e-02,-2.180364578962326050e-01,3.221674263477325439e-01,-1.801992505788803101e-01,-2.577665727585554123e-03,1.329201622866094112e-03,3.931936807930469513e-04,1.036202138493536040e-05,4.419777542352676392e-03,-9.722406393848359585e-04,9.407135803485289216e-05,1.726115355268120766e-03,4.645409993827342987e-03
5.198604986071586609e-02,8.395297080278396606e-02,-2.815596759319305420e-01,6.314623951911926270e-01,-4.597092568874359131e-01,1.463428838178515434e-03,-9.030846506357192993e-02,-2.185362130403518677e-01,3.464457392692565918e-01,-1.983937472105026245e-01,-2.474585082381963730e-03,1.310947001911699772e-03,3.554701397661119699e-04,3.039460170839447528e-05,4.435344133526086807e-03,-4.819476162083446980e-04,3.748353628907352686e-05,1.669615856371819973e-03,4.701544996351003647e-03
4.920420795679092407e-02,8.268241584300994873e-02,-2.699154615402221680e-01,6.054667830467224121e-01,-4.380482733249664307e-01,1.224222360178828239e-03,-9.053251147270202637e-02,-2.194169163703918457e-01,3.730841875076293945e-01,-2.180972695350646973e-01,-3.015358699485659599e-03,1.282993122003972530e-03,3.200521459802985191e-04,4.589043601299636066e-05,4.441578406840562820e-03,1.308855862589552999e-04,-7.602238474646583200e-05,1.571975881233811378e-03,4.691377282142639160e-03
4.702246561646461487e-02,8.045004308223724365e-02,-2.566506266593933105e-01,5.785896182060241699e-01,-4.145010709762573242e-01,5.366967525333166122e-04,-9.045867621898651123e-02,-2.210189998149871826e-01,4.021102786064147949e-01,-2.391855418682098389e-01,-3.612732281908392906e-03,1.247474225237965584e-03,2.804501564241945744e-04,5.869332380825653672e-05,4.394742194563150406e-03,8.911187178455293179e-04,-2.489408652763813734e-04,1.464276923798024654e-03,4.663149826228618622e-03
4.278371855616569519e-02,7.947961241006851196e-02,-2.433952391147613525e-01,5.622413754463195801e-01,-3.699765205383300781e-01,-4.838856402784585953e-04,-9.029594063758850098e-02,-2.232893109321594238e-01,4.329051673412322998e-01,-2.611854374408721924e-01,-4.133563954383134842e-03,1.226788037456572056e-03,3.014612593688070774e-04,6.620226486120373011e-05,4.478527233004570007e-03,1.646777614951133728e-03,-3.117645392194390297e-04,1.315018045715987682e-03,4.694308154284954071e-03
4.345364123582839966e-02,7.873778045177459717e-02,-2.413463890552520752e-01,5.911364555358886719e-01,-3.936652243137359619e-01,-3.356807166710495949e-03,-9.034070372581481934e-02,-2.236434072256088257e-01,4.601553380489349365e-01,-2.736237943172454834e-01,-2.489003818482160568e-03,1.527643064036965370e-03,4.915477475151419640e-04,5.282298297970555723e-05,8.098645135760307312e-03,1.754796947352588177e-03,4.327472415752708912e-04,1.276696682907640934e-03,7.265588268637657166e-03
4.407062008976936340e-02,7.652156800031661987e-02,-2.321238517761230469e-01,6.026659607887268066e-01,-4.072717130184173584e-01,-4.042314831167459488e-03,-9.026712179183959961e-02,-2.266463935375213623e-01,4.887765645980834961e-01,-2.833833396434783936e-01,-1.637179171666502953e-03,1.636758213862776756e-03,5.727271782234311104e-04,4.810004611499607563e-05,8.561640046536922455e-03,1.806887332350015640e-03,1.223786850459873676e-03,1.263366546481847763e-03,7.388572674244642258e-03
4.420429840683937073e-02,7.341095805168151855e-02,-2.195541411638259888e-01,6.030857563018798828e-01,-4.146317839622497559e-01,-3.403869690373539925e-03,-8.996754884719848633e-02,-2.332769334316253662e-01,5.192958712577819824e-01,-2.940232753753662109e-01,-1.497332821600139141e-03,1.670453115366399288e-03,6.317348452284932137e-04,4.414453360368497670e-05,8.567881770431995392e-03,1.852439017966389656e-03,1.833856338635087013e-03,1.259731012396514416e-03,7.441220805048942566e-03
4.413143917918205261e-02,6.958279013633728027e-02,-2.044293433427810669e-01,5.942643880844116211e-01,-4.167526364326477051e-01,-2.382010919973254204e-03,-8.925339579582214355e-02,-2.436368614435195923e-01,5.516392588615417480e-01,-3.056767880916595459e-01,-1.449909061193466187e-03,1.697896048426628113e-03,6.829288904555141926e-04,4.031954085803590715e-05,8.547287434339523315e-03,1.893235254101455212e-03,2.063259948045015335e-03,1.256073941476643085e-03,7.457728963345289230e-03
4.414149746298789978e-02,6.487209349870681763e-02,-1.871734410524368286e-01,5.773556828498840332e-01,-4.142867326736450195e-01,-8.761560457060113549e-05,-8.877671509981155396e-02,-2.570525407791137695e-01,5.849715471267700195e-01,-3.195185363292694092e-01,-1.341740600764751434e-03,1.724050845950841904e-03,7.319677388295531273e-04,3.691040546982549131e-05,8.534181863069534302e-03,1.923082047142088413e-03,2.122804522514343262e-03,1.247810549102723598e-03,7.436284329742193222e-03
4.392040520906448364e-02,5.919864773750305176e-02,-1.679617613554000854e-01,5.533259510993957520e-01,-4.077977538108825684e-01,5.788647104054689407e-04,-8.834496140480041504e-02,-2.731504142284393311e-01,6.167486310005187988e-01,-3.290442228317260742e-01,-1.367144635878503323e-03,1.739893690682947636e-03,7.713577942922711372e-04,3.442478191573172808e-05,8.519843220710754395e-03,1.966891810297966003e-03,2.158335410058498383e-03,1.240644254721701145e-03,7.397996727377176285e-03
4.352929815649986267e-02,5.291592329740524292e-02,-1.473225504159927368e-01,5.239286422729492188e-01,-3.982774317264556885e-01,4.782101896125823259e-04,-8.744583278894424438e-02,-2.906563580036163330e-01,6.450439095497131348e-01,-3.375780582427978516e-01,-1.394242746755480766e-03,1.744943554513156414e-03,8.044342393986880779e-04,3.402816219022497535e-05,8.494519628584384918e-03,2.001173328608274460e-03,2.181258518248796463e-03,1.233184477314352989e-03,7.326681166887283325e-03
4.254090413451194763e-02,4.606964811682701111e-02,-1.264271438121795654e-01,4.919063150882720947e-01,-3.871280252933502197e-01,-9.659382048994302750e-04,-8.602712303400039673e-02,-3.088617324829101562e-01,6.680073738098144531e-01,-3.438964784145355225e-01,-1.662633498199284077e-03,1.738539780490100384e-03,8.242313051596283913e-04,3.556110095814801753e-05,8.411304093897342682e-03,2.044619759544730186e-03,2.189835766330361366e-03,1.228745095431804657e-03,7.126092910766601562e-03
4.142929241061210632e-02,3.841502964496612549e-02,-1.061967462301254272e-01,4.595638513565063477e-01,-3.756096661090850830e-01,-3.825271502137184143e-03,-8.444107323884963989e-02,-3.278873264789581299e-01,6.857181787490844727e-01,-3.490007221698760986e-01,-1.706582610495388508e-03,1.729986630380153656e-03,8.407878922298550606e-04,3.812194336205720901e-05,8.295594714581966400e-03,2.057625679299235344e-03,2.196707762777805328e-03,1.222271705046296120e-03,6.598253268748521805e-03
3.922214359045028687e-02,2.992189861834049225e-02,-8.739431202411651611e-02,4.289089739322662354e-01,-3.647375404834747314e-01,-8.534720167517662048e-03,-8.288592100143432617e-02,-3.466298878192901611e-01,6.978451609611511230e-01,-3.529374599456787109e-01,-2.542264526709914207e-03,1.716069644317030907e-03,8.493681089021265507e-04,4.088866626261733472e-05,8.104891516268253326e-03,2.061206614598631859e-03,2.194635104387998581e-03,1.214439631439745426e-03,5.781780462712049484e-03
3.686008974909782410e-02,2.094769850373268127e-02,-6.997727602720260620e-02,4.010726511478424072e-01,-3.552840948104858398e-01,-1.230037026107311249e-02,-8.103606104850769043e-02,-3.640014529228210449e-01,7.050963640213012695e-01,-3.552409708499908447e-01,-2.988111227750778198e-03,1.701486879028379917e-03,8.570571662858128548e-04,4.363441257737576962e-05,7.865188643336296082e-03,2.057260600849986076e-03,2.191709121689200401e-03,1.209213398396968842e-03,5.285148508846759796e-03
3.476861491799354553e-02,1.178997196257114410e-02,-5.374382063746452332e-02,3.767220079898834229e-01,-3.477852344512939453e-01,-1.612030528485774994e-02,-7.779446244239807129e-02,-3.799936175346374512e-01,7.084952592849731445e-01,-3.550942540168762207e-01,-2.819151151925325394e-03,1.685404917225241661e-03,8.679924067109823227e-04,4.653641008189879358e-05,7.680237758904695511e-03,2.054083393886685371e-03,2.192177576944231987e-03,1.203678431920707226e-03,5.206278525292873383e-03
3.245346248149871826e-02,2.404794562608003616e-03,-3.874028474092483521e-02,3.563777506351470947e-01,-3.428712785243988037e-01,-1.949704624712467194e-02,-7.339381426572799683e-02,-3.937327563762664795e-01,7.087256908416748047e-01,-3.545181453227996826e-01,-2.783137373626232147e-03,1.678086351603269577e-03,8.871929021552205086e-04,4.688386616180650890e-05,7.643450517207384109e-03,2.058686921373009682e-03,2.201453316956758499e-03,1.198395155370235443e-03,5.191710311919450760e-03
2.978725545108318329e-02,-7.392905186861753464e-03,-2.429125458002090454e-02,3.386280238628387451e-01,-3.390834331512451172e-01,-2.076460793614387512e-02,-6.894223392009735107e-02,-4.049805104732513428e-01,7.075223922729492188e-01,-3.503654897212982178e-01,-2.874574158340692520e-03,1.672156271524727345e-03,9.058701107278466225e-04,4.643328429665416479e-05,7.599999662488698959e-03,2.064969157800078392e-03,2.209043828770518303e-03,1.194394310005009174e-03,5.147362127900123596e-03
2.635128609836101532e-02,-1.751534454524517059e-02,-1.092534605413675308e-02,3.238252401351928711e-01,-3.369154632091522217e-01,-2.179217338562011719e-02,-6.442652642726898193e-02,-4.151440858840942383e-01,7.067137360572814941e-01,-3.433064818382263184e-01,-3.320353804156184196e-03,1.661428017541766167e-03,9.202068904414772987e-04,4.585059650707989931e-05,7.510148920118808746e-03,2.082663821056485176e-03,2.212387742474675179e-03,1.189206377603113651e-03,5.089837592095136642e-03
2.317934483289718628e-02,-2.778346650302410126e-02,1.687188399955630302e-03,3.115128874778747559e-01,-3.361977636814117432e-01,-2.142172865569591522e-02,-5.982263758778572083e-02,-4.240359067916870117e-01,7.054089307785034180e-01,-3.325515091419219971e-01,-3.217210527509450912e-03,1.660898327827453613e-03,9.393273503519594669e-04,4.379835445433855057e-05,7.451566867530345917e-03,2.093916991725564003e-03,2.220287220552563667e-03,1.178677310235798359e-03,5.083205644041299820e-03
1.990107819437980652e-02,-3.818004950881004333e-02,1.292207464575767517e-02,3.024840652942657471e-01,-3.372384607791900635e-01,-1.959829591214656830e-02,-5.559026449918746948e-02,-4.315270483493804932e-01,7.030798792839050293e-01,-3.186219632625579834e-01,-3.139517270028591156e-03,1.655191299505531788e-03,9.557904559187591076e-04,4.178949529887177050e-05,7.337433751672506332e-03,2.105942927300930023e-03,2.225716598331928253e-03,1.167971873655915260e-03,5.040251184254884720e-03
1.643429137766361237e-02,-4.889420792460441589e-02,2.253734506666660309e-02,2.967828810214996338e-01,-3.400149047374725342e-01,-1.720742508769035339e-02,-5.235180258750915527e-02,-4.376160502433776855e-01,6.983896493911743164e-01,-3.017831444740295410e-01,-3.117961110547184944e-03,1.665468211285769939e-03,9.706316632218658924e-04,3.973528873757459223e-05,7.255674805492162704e-03,2.118171891197562218e-03,2.229573205113410950e-03,1.153387478552758694e-03,5.002084653824567795e-03
1.409294363111257553e-02,-5.976175889372825623e-02,3.138773888349533081e-02,2.929711937904357910e-01,-3.439593315124511719e-01,-1.313488557934761047e-02,-4.991412535309791565e-02,-4.420822560787200928e-01,6.907642483711242676e-01,-2.857300639152526855e-01,-2.019645646214485168e-03,1.749121467582881451e-03,9.899971773847937584e-04,3.679347355500794947e-05,7.154548540711402893e-03,2.128008985891938210e-03,2.238694578409194946e-03,1.134779653511941433e-03,5.015881732106208801e-03
1.253537274897098541e-02,-7.037158310413360596e-02,3.881151229143142700e-02,2.919748425483703613e-01,-3.494570851325988770e-01,-8.501647971570491791e-03,-4.751969873905181885e-02,-4.453640580177307129e-01,6.808346509933471680e-01,-2.690001130104064941e-01,-4.548809083644300699e-04,2.048628870397806168e-03,1.007886719889938831e-03,3.472979733487591147e-05,6.845466326922178268e-03,2.129866508767008781e-03,2.247357973828911781e-03,1.115999068133533001e-03,5.024907179176807404e-03
1.149981003254652023e-02,-8.044852316379547119e-02,4.498880356550216675e-02,2.938046455383300781e-01,-3.565437793731689453e-01,-3.359456779435276985e-03,-4.517780616879463196e-02,-4.465710520744323730e-01,6.681997179985046387e-01,-2.538549304008483887e-01,1.160025247372686863e-03,2.604162553325295448e-03,1.025556819513440132e-03,3.235498661524616182e-05,6.653191056102514267e-03,2.131500048562884331e-03,2.256163163110613823e-03,1.097088912501931190e-03,5.033642984926700592e-03
1.046648249030113220e-02,-8.996914327144622803e-02,5.015412345528602600e-02,2.978821694850921631e-01,-3.649256825447082520e-01,3.423545509576797485e-03,-4.372088611125946045e-02,-4.458144009113311768e-01,6.543590426445007324e-01,-2.386099845170974731e-01,2.242059214040637016e-03,3.369249170646071434e-03,1.048669568262994289e-03,2.481278352206572890e-05,6.545270793139934540e-03,2.140959026291966438e-03,2.269893418997526169e-03,1.080230344086885452e-03,5.037995986640453339e-03
9.244506247341632843e-03,-9.882431477308273315e-02,5.416714772582054138e-02,3.042441606521606445e-01,-3.745332360267639160e-01,1.130793243646621704e-02,-4.296768084168434143e-02,-4.438436925411224365e-01,6.400442123413085938e-01,-2.230243235826492310e-01,2.745618810877203941e-03,4.176195245236158371e-03,1.068662852048873901e-03,1.814990901038981974e-05,6.424405612051486969e-03,2.149543026462197304e-03,2.279246924445033073e-03,1.063191099092364311e-03,5.035683512687683105e-03
8.265817537903785706e-03,-1.067886352539062500e-01,5.688579753041267395e-02,3.134888410568237305e-01,-3.857087194919586182e-01,1.966074854135513306e-02,-4.246886074542999268e-02,-4.402951002120971680e-01,6.235216856002807617e-01,-2.052549868822097778e-01,3.107616677880287170e-03,4.860254935920238495e-03,1.085783587768673897e-03,1.328725556959398091e-05,6.217609159648418427e-03,2.158231334760785103e-03,2.284927759319543839e-03,1.045780954882502556e-03,5.031146109104156494e-03
7.649981882423162460e-03,-1.140961349010467529e-01,5.901886150240898132e-02,3.245062828063964844e-01,-3.977011442184448242e-01,2.539125084877014160e-02,-4.434872418642044067e-02,-4.383224844932556152e-01,6.183631420135498047e-01,-1.923824846744537354e-01,3.513831179589033127e-03,5.349894985556602478e-03,1.008857158012688160e-03,1.091214198822854087e-05,6.365917157381772995e-03,2.169477986171841621e-03,2.243743045255541801e-03,1.027633436024188995e-03,5.267881788313388824e-03
9.640213102102279663e-03,-1.176421418786048889e-01,6.254076957702636719e-02,3.334165215492248535e-01,-4.051168859004974365e-01,2.568921260535717010e-02,-4.811568558216094971e-02,-4.379694461822509766e-01,6.336773037910461426e-01,-2.068895995616912842e-01,4.193942062556743622e-03,5.345705430954694748e-03,5.237313453108072281e-04,2.691283589228987694e-05,6.543606985360383987e-03,2.207559067755937576e-03,2.185785211622714996e-03,1.041689189150929451e-03,7.055305410176515579e-03
8.902233093976974487e-03,-1.178035438060760498e-01,6.299217045307159424e-02,3.437397181987762451e-01,-4.097233116626739502e-01,2.619416452944278717e-02,-4.846886172890663147e-02,-4.354306757450103760e-01,6.402399539947509766e-01,-2.160279601812362671e-01,4.396391566842794418e-03,5.335869733244180679e-03,1.706055772956460714e-04,2.644518644956406206e-05,6.493623834103345871e-03,2.235238207504153252e-03,2.137031173333525658e-03,1.057875575497746468e-03,7.166222669184207916e-03
8.923644199967384338e-03,-1.163073480129241943e-01,6.122916936874389648e-02,3.557786345481872559e-01,-4.115145206451416016e-01,2.764169313013553619e-02,-4.745444655418395996e-02,-4.312469363212585449e-01,6.403324007987976074e-01,-2.212866246700286865e-01,4.652517382055521011e-03,5.342639051377773285e-03,1.156152356998063624e-04,1.753157812345307320e-05,6.523889955133199692e-03,2.252551959827542305e-03,2.092423383146524429e-03,1.062015886418521404e-03,7.180863060057163239e-03
7.891517132520675659e-03,-1.136083379387855530e-01,5.737182497978210449e-02,3.702246248722076416e-01,-4.101386666297912598e-01,2.892926707863807678e-02,-4.603938013315200806e-02,-4.250696301460266113e-01,6.346128582954406738e-01,-2.232606559991836548e-01,4.517694003880023956e-03,5.336051806807518005e-03,5.923355274717323482e-05,7.560903668490936980e-06,6.535112857818603516e-03,2.267380245029926300e-03,2.036936813965439796e-03,1.074804342351853848e-03,7.167569361627101898e-03
7.232478354126214981e-03,-1.090875864028930664e-01,5.233670398592948914e-02,3.858920037746429443e-01,-4.051650762557983398e-01,3.029193170368671417e-02,-4.442751407623291016e-02,-4.167824089527130127e-01,6.236374378204345703e-01,-2.223411649465560913e-01,4.469873383641242981e-03,5.340152420103549957e-03,1.096578853321261704e-05,-1.245272756023041438e-06,6.565343122929334641e-03,2.275122562423348427e-03,1.985500101000070572e-03,1.085211755707859993e-03,7.158060558140277863e-03
7.142513059079647064e-03,-1.026445776224136353e-01,4.575530812144279480e-02,4.048490524291992188e-01,-4.023092687129974365e-01,3.151817619800567627e-02,-4.276151582598686218e-02,-4.063799679279327393e-01,6.082539558410644531e-01,-2.192660570144653320e-01,4.302679561078548431e-03,5.337108857929706573e-03,-3.853922316920943558e-05,-7.898419426055625081e-06,6.606116425246000290e-03,2.282008063048124313e-03,1.931159291416406631e-03,1.095154439099133015e-03,7.143765687942504883e-03
5.205526947975158691e-03,-9.483661502599716187e-02,3.815976530313491821e-02,4.252179563045501709e-01,-4.021452665328979492e-01,3.186634927988052368e-02,-4.121376574039459229e-02,-3.937430381774902344e-01,5.889372229576110840e-01,-2.139904946088790894e-01,3.383029950782656670e-03,5.324527621269226074e-03,-8.174587856046855450e-05,-1.272474037250503898e-05,6.640608422458171844e-03,2.287694020196795464e-03,1.880009658634662628e-03,1.106198178604245186e-03,7.153019774705171585e-03
4.060713574290275574e-03,-8.590648323297500610e-02,2.941535785794258118e-02,4.468503296375274658e-01,-4.030516147613525391e-01,3.214313834905624390e-02,-3.980399668216705322e-02,-3.790403902530670166e-01,5.665118694305419922e-01,-2.072100490331649780e-01,2.594651188701391220e-03,5.313858855515718460e-03,-1.250474306289106607e-04,-1.544626138638705015e-05,6.682487670332193375e-03,2.291318960487842560e-03,1.827989239245653152e-03,1.116438186727464199e-03,7.171801757067441940e-03
4.092770162969827652e-03,-7.606752961874008179e-02,2.016264572739601135e-02,4.681430160999298096e-01,-4.062826037406921387e-01,3.239813819527626038e-02,-3.842953592538833618e-02,-3.622440993785858154e-01,5.416339635848999023e-01,-1.993270367383956909e-01,1.961190253496170044e-03,5.298742093145847321e-03,-1.682160655036568642e-04,-1.604548197065014392e-05,6.712119095027446747e-03,2.289733383804559708e-03,1.777977100573480129e-03,1.123349182307720184e-03,7.188371848315000534e-03
5.816130433231592178e-03,-6.538470089435577393e-02,1.033942308276891708e-02,4.880067110061645508e-01,-4.113151431083679199e-01,3.232155367732048035e-02,-3.698862344026565552e-02,-3.438387513160705566e-01,5.152117609977722168e-01,-1.908188313245773315e-01,1.169122173450887203e-03,5.286251660436391830e-03,-2.057800302281975746e-04,-1.396510924678295851e-05,6.717988289892673492e-03,2.280153799802064896e-03,1.732420874759554863e-03,1.126923016272485256e-03,7.190298289060592651e-03
8.325231261551380157e-03,-5.409935861825942993e-02,-9.184298687614500523e-05,5.065488219261169434e-01,-4.168305695056915283e-01,3.270078450441360474e-02,-3.549710661172866821e-02,-3.247485756874084473e-01,4.882438778877258301e-01,-1.819971054792404175e-01,9.793833596631884575e-04,5.262450315058231354e-03,-2.461619151290506124e-04,-1.337935009360080585e-05,6.673626136034727097e-03,2.270204946398735046e-03,1.690219505690038204e-03,1.127858529798686504e-03,7.163741160184144974e-03
1.162001304328441620e-02,-4.212746769189834595e-02,-1.168527547270059586e-02,5.238159298896789551e-01,-4.201298952102661133e-01,3.281314671039581299e-02,-3.386238589882850647e-02,-3.058409988880157471e-01,4.620502293109893799e-01,-1.735348850488662720e-01,5.437229410745203495e-04,5.207232199609279633e-03,-2.724888618104159832e-04,-8.997664735943544656e-06,6.576125044375658035e-03,2.257737563923001289e-03,1.655083382502198219e-03,1.126042334362864494e-03,7.105531636625528336e-03
1.675119064748287201e-02,-2.965308539569377899e-02,-2.367801405489444733e-02,5.374869108200073242e-01,-4.243677258491516113e-01,3.347116336226463318e-02,-3.206535428762435913e-02,-2.879325747489929199e-01,4.378024339675903320e-01,-1.658965498208999634e-01,6.434416281990706921e-04,5.168668925762176514e-03,-2.977547410409897566e-04,-5.488393071573227644e-06,6.418668664991855621e-03,2.242209855467081070e-03,1.622913638129830360e-03,1.122984685935080051e-03,7.011749781668186188e-03
2.006708644330501556e-02,-1.738703623414039612e-02,-3.596927225589752197e-02,5.475976467132568359e-01,-4.286688268184661865e-01,3.373891860246658325e-02,-3.031059168279170990e-02,-2.718249857425689697e-01,4.168722629547119141e-01,-1.598145663738250732e-01,3.098638553638011217e-04,5.066043231636285782e-03,-3.210420545656234026e-04,5.061828733943229963e-09,6.228017155081033707e-03,2.227678662165999413e-03,1.586676924489438534e-03,1.120739267207682133e-03,6.730240769684314728e-03
2.576583437621593475e-02,-5.800492595881223679e-03,-4.874084889888763428e-02,5.547918081283569336e-01,-4.308531880378723145e-01,3.472256287932395935e-02,-2.865700051188468933e-02,-2.581421434879302979e-01,4.005849957466125488e-01,-1.558921933174133301e-01,6.224293611012399197e-04,4.996958654373884201e-03,-3.388368058949708939e-04,5.912721917411545292e-06,5.938577465713024139e-03,2.207496669143438339e-03,1.560469390824437141e-03,1.118344720453023911e-03,6.393119692802429199e-03
3.071226552128791809e-02,4.559822846204042435e-03,-6.002531573176383972e-02,5.568215250968933105e-01,-4.346827268600463867e-01,3.592825308442115784e-02,-2.712121605873107910e-02,-2.473995834589004517e-01,3.903773725032806396e-01,-1.551644802093505859e-01,9.371974156238138676e-04,4.973098170012235641e-03,-3.540572943165898323e-04,1.298967345064738765e-05,5.681714043021202087e-03,2.185108140110969543e-03,1.536085503175854683e-03,1.115603721700608730e-03,6.056321784853935242e-03
3.082074038684368134e-02,1.325364224612712860e-02,-6.858694553375244141e-02,5.538250803947448730e-01,-4.362423121929168701e-01,3.670612722635269165e-02,-2.576297707855701447e-02,-2.398168742656707764e-01,3.869093656539916992e-01,-1.575730741024017334e-01,7.263579173013567924e-04,4.923469386994838715e-03,-3.702939138747751713e-04,2.029784991464111954e-05,5.588902160525321960e-03,2.162625081837177277e-03,1.510071917437016964e-03,1.111614867113530636e-03,5.817808210849761963e-03
3.078049048781394958e-02,2.012129500508308411e-02,-7.523488998413085938e-02,5.485287904739379883e-01,-4.336889684200286865e-01,3.833784535527229309e-02,-2.458650805056095123e-02,-2.351260036230087280e-01,3.897688984870910645e-01,-1.631100624799728394e-01,1.225858577527105808e-03,4.901869688183069229e-03,-3.821961872745305300e-04,2.800472611852455884e-05,5.511645227670669556e-03,2.139879157766699791e-03,1.489933463744819164e-03,1.108583179302513599e-03,5.638521164655685425e-03
2.744861878454685211e-02,2.528964169323444366e-02,-8.000552654266357422e-02,5.411157011985778809e-01,-4.272294938564300537e-01,3.906163945794105530e-02,-2.347136288881301880e-02,-2.329356223344802856e-01,3.981091976165771484e-01,-1.714723855257034302e-01,6.940809544175863266e-04,4.872152581810951233e-03,-3.979824541602283716e-04,3.801962520810775459e-05,5.437227897346019745e-03,2.128408523276448250e-03,1.462245942093431950e-03,1.106582814827561378e-03,5.547343753278255463e-03
2.435280010104179382e-02,2.882536314427852631e-02,-8.230474591255187988e-02,5.302557349205017090e-01,-4.171217381954193115e-01,4.000082612037658691e-02,-2.235635928809642792e-02,-2.323747873306274414e-01,4.104016721248626709e-01,-1.818553656339645386e-01,4.806602664757519960e-04,4.851519130170345306e-03,-4.168902232777327299e-04,4.830211400985717773e-05,5.450481548905372620e-03,2.126510720700025558e-03,1.432730932720005512e-03,1.105848932638764381e-03,5.546721164137125015e-03
2.231152541935443878e-02,3.075779229402542114e-02,-8.296006172895431519e-02,5.180543661117553711e-01,-4.036361873149871826e-01,4.051775857806205750e-02,-2.117739617824554443e-02,-2.324694693088531494e-01,4.253733754158020020e-01,-1.937487721443176270e-01,-4.256870670360513031e-05,4.829254001379013062e-03,-4.376322613097727299e-04,6.027087511029094458e-05,5.479464307427406311e-03,2.134265843778848648e-03,1.399138127453625202e-03,1.105686416849493980e-03,5.569912493228912354e-03
2.030448988080024719e-02,3.142042085528373718e-02,-8.242939412593841553e-02,5.039378404617309570e-01,-3.885318934917449951e-01,3.981966152787208557e-02,-1.977125741541385651e-02,-2.327824681997299194e-01,4.420052766799926758e-01,-2.067187577486038208e-01,-1.484791864641010761e-03,4.805359058082103729e-03,-4.631132469512522221e-04,7.130713493097573519e-05,5.502079147845506668e-03,2.168440027162432671e-03,1.355598098598420620e-03,1.103490241803228855e-03,5.599534139037132263e-03
2.098281867802143097e-02,3.154948353767395020e-02,-8.079532533884048462e-02,4.878888428211212158e-01,-3.731316626071929932e-01,3.942423313856124878e-02,-1.770926825702190399e-02,-2.330417186021804810e-01,4.595025181770324707e-01,-2.202098369598388672e-01,-2.176860347390174866e-03,4.780329298228025436e-03,-4.933862946927547455e-04,8.300720946863293648e-05,5.513566080480813980e-03,2.196870278567075729e-03,1.316021080128848553e-03,1.106782350689172745e-03,5.642450880259275436e-03
2.195887826383113861e-02,3.146123513579368591e-02,-7.823804020881652832e-02,4.710948765277862549e-01,-3.597794771194458008e-01,3.894448652863502502e-02,-1.489175669848918915e-02,-2.330854833126068115e-01,4.772679805755615234e-01,-2.339255958795547485e-01,-2.573378384113311768e-03,4.759395495057106018e-03,-5.238237790763378143e-04,9.544970816932618618e-05,5.533399991691112518e-03,2.213788218796253204e-03,1.274200971238315105e-03,1.110703218728303909e-03,5.687487311661243439e-03
2.180005423724651337e-02,3.269693255424499512e-02,-7.261260598897933960e-02,4.615879654884338379e-01,-3.733500540256500244e-01,3.854715451598167419e-02,-1.166398916393518448e-02,-2.327674925327301025e-01,4.945003688335418701e-01,-2.472714483737945557e-01,-2.566610462963581085e-03,4.747142083942890167e-03,-5.249173264019191265e-04,1.003196011879481375e-04,5.718491040170192719e-03,2.231811406090855598e-03,1.265699509531259537e-03,1.105241011828184128e-03,5.820665508508682251e-03
2.430714666843414307e-02,3.327025100588798523e-02,-6.857691705226898193e-02,4.764610230922698975e-01,-3.873975276947021484e-01,3.853869065642356873e-02,-1.037929393351078033e-02,-2.289810180664062500e-01,5.047851204872131348e-01,-2.525669336318969727e-01,-5.257391603663563728e-05,5.550847854465246201e-03,-4.252839135006070137e-04,7.123148679966107011e-05,7.974951528012752533e-03,2.306831302121281624e-03,1.597984111867845058e-03,1.068722805939614773e-03,6.879869382828474045e-03
2.707883156836032867e-02,3.223372623324394226e-02,-5.900752916932106018e-02,4.780331850051879883e-01,-3.939495682716369629e-01,3.709371015429496765e-02,-9.831748902797698975e-03,-2.288790345191955566e-01,5.180796384811401367e-01,-2.527530491352081299e-01,1.701334724202752113e-03,6.789261475205421448e-03,-3.571864508558064699e-04,5.883642370463348925e-05,8.047054521739482880e-03,2.348416484892368317e-03,1.887652440927922726e-03,1.049204263836145401e-03,6.900218315422534943e-03
2.800619974732398987e-02,3.072075732052326202e-02,-4.699419811367988586e-02,4.716188013553619385e-01,-3.959441184997558594e-01,3.520343080163002014e-02,-8.965998888015747070e-03,-2.311068326234817505e-01,5.330219268798828125e-01,-2.520578205585479736e-01,1.590779167599976063e-03,7.232501171529293060e-03,-3.030464285984635353e-04,4.957104829372838140e-05,8.128151297569274902e-03,2.673414070159196854e-03,1.976890489459037781e-03,1.035706722177565098e-03,6.920405663549900055e-03
2.867972105741500854e-02,2.893376909196376801e-02,-3.300626575946807861e-02,4.582075178623199463e-01,-3.941068351268768311e-01,3.469641879200935364e-02,-7.199785206466913223e-03,-2.365669906139373779e-01,5.508512258529663086e-01,-2.527288794517517090e-01,1.536041381768882275e-03,7.249376270920038223e-03,-2.488288737367838621e-04,4.212550629745237529e-05,8.155747316777706146e-03,3.239081008359789848e-03,2.022741828113794327e-03,1.025154953822493553e-03,6.942274048924446106e-03
2.915969863533973694e-02,2.652852237224578857e-02,-1.788839511573314667e-02,4.396467804908752441e-01,-3.896066546440124512e-01,3.448051214218139648e-02,-5.097827874124050140e-03,-2.450229823589324951e-01,5.696486830711364746e-01,-2.540869712829589844e-01,1.440851483494043350e-03,7.261899765580892563e-03,-1.992192701436579227e-04,3.583271245588548481e-05,8.179130963981151581e-03,3.850309178233146667e-03,2.073277486488223076e-03,1.015085028484463692e-03,6.882177665829658508e-03
2.949481457471847534e-02,2.351798117160797119e-02,-2.452782820910215378e-03,4.174675941467285156e-01,-3.825401961803436279e-01,3.320929780602455139e-02,-2.597867045551538467e-03,-2.554756999015808105e-01,5.857200622558593750e-01,-2.555516958236694336e-01,1.350652659311890602e-03,7.262670435011386871e-03,-1.616985973669216037e-04,3.347122765262611210e-05,8.127767592668533325e-03,4.354589618742465973e-03,2.100893994793295860e-03,1.004324876703321934e-03,6.763045676052570343e-03
2.952162176370620728e-02,2.010959759354591370e-02,1.156612113118171692e-02,3.950071930885314941e-01,-3.749074637889862061e-01,3.267472237348556519e-02,3.696056664921343327e-04,-2.663394808769226074e-01,5.965971946716308594e-01,-2.575888931751251221e-01,1.024758443236351013e-03,7.249801419675350189e-03,-1.351369428448379040e-04,3.354819273226894438e-05,7.943156175315380096e-03,4.502522759139537811e-03,2.116570714861154556e-03,9.966522920876741409e-04,6.554444320499897003e-03
2.845340967178344727e-02,1.614546775817871094e-02,2.354545891284942627e-02,3.742421865463256836e-01,-3.679263591766357422e-01,3.123962320387363434e-02,3.572651883587241173e-03,-2.765179872512817383e-01,6.013522148132324219e-01,-2.580799162387847900e-01,-8.617368439445272088e-05,7.237251847982406616e-03,-1.166766378446482122e-04,3.359129186719655991e-05,7.792968302965164185e-03,4.507955629378557205e-03,2.126756822690367699e-03,9.934469126164913177e-04,6.174663547426462173e-03
2.650554664433002472e-02,1.156265288591384888e-02,3.336696326732635498e-02,3.566466271877288818e-01,-3.623310923576354980e-01,2.933088876307010651e-02,6.786693818867206573e-03,-2.853604257106781006e-01,6.006875038146972656e-01,-2.562561929225921631e-01,-1.589339692145586014e-03,7.221476640552282333e-03,-1.022203068714588881e-04,3.350507904542610049e-05,7.600265555083751678e-03,4.514612257480621338e-03,2.132921246811747551e-03,9.902041638270020485e-04,5.760862026363611221e-03
2.482353337109088898e-02,6.389646325260400772e-03,4.149480164051055908e-02,3.423585593700408936e-01,-3.584990203380584717e-01,2.895541489124298096e-02,9.963889606297016144e-03,-2.938476800918579102e-01,5.988426804542541504e-01,-2.527700662612915039e-01,-2.296938095241785049e-03,7.211394142359495163e-03,-8.341160719282925129e-05,3.194233795511536300e-05,7.491372525691986084e-03,4.511787090450525284e-03,2.143407939001917839e-03,9.879745775833725929e-04,5.537191871553659439e-03
2.318404987454414368e-02,6.436821422539651394e-04,4.877128824591636658e-02,3.306972980499267578e-01,-3.562122881412506104e-01,2.864602021872997284e-02,1.335975155234336853e-02,-3.017581403255462646e-01,5.963271856307983398e-01,-2.491560429334640503e-01,-2.534113125875592232e-03,7.208192721009254456e-03,-6.118613964645192027e-05,2.861033681256230921e-05,7.441709749400615692e-03,4.517951514571905136e-03,2.157039707526564598e-03,9.862898150458931923e-04,5.474034231156110764e-03
2.128425985574722290e-02,-5.778515245765447617e-03,5.560699477791786194e-02,3.214728534221649170e-01,-3.553292751312255859e-01,2.825392410159111023e-02,1.654630154371261597e-02,-3.085369169712066650e-01,5.931909680366516113e-01,-2.438729405403137207e-01,-2.704435726627707481e-03,7.207979913800954819e-03,-3.984913928434252739e-05,2.487574238330125809e-05,7.421357557177543640e-03,4.522701725363731384e-03,2.169847022742033005e-03,9.848452173173427582e-04,5.415086634457111359e-03
1.959339715540409088e-02,-1.278897002339363098e-02,6.258621066808700562e-02,3.138071596622467041e-01,-3.556839525699615479e-01,2.967968210577964783e-02,1.919870823621749878e-02,-3.142252862453460693e-01,5.907673239707946777e-01,-2.371583580970764160e-01,-2.465012716129422188e-03,7.208865601569414139e-03,-1.352042363578220829e-05,1.944136238307692111e-05,7.424321956932544708e-03,4.527023062109947205e-03,2.187919104471802711e-03,9.799697436392307281e-04,5.415597464889287949e-03
1.766110211610794067e-02,-2.031661942601203918e-02,6.977944821119308472e-02,3.074034154415130615e-01,-3.568111956119537354e-01,2.969002909958362579e-02,2.189848013222217560e-02,-3.194228112697601318e-01,5.891708135604858398e-01,-2.305979132652282715e-01,-2.376291435211896896e-03,7.207752671092748642e-03,9.922043318510986865e-06,1.456301197322318330e-05,7.421090267598628998e-03,4.534494131803512573e-03,2.202099421992897987e-03,9.745793649926781654e-04,5.410409066826105118e-03
1.564355194568634033e-02,-2.832622267305850983e-02,7.667853683233261108e-02,3.024297654628753662e-01,-3.588955998420715332e-01,3.053121268749237061e-02,2.390811033546924591e-02,-3.241469860076904297e-01,5.874112844467163086e-01,-2.241154015064239502e-01,-2.252218080684542656e-03,7.207478396594524384e-03,3.472352545941248536e-05,8.668537702760659158e-06,7.381385192275047302e-03,4.539968911558389664e-03,2.217638073489069939e-03,9.686832781881093979e-04,5.379351787269115448e-03
1.354869641363620758e-02,-3.690588846802711487e-02,8.349002897739410400e-02,2.982597649097442627e-01,-3.615186214447021484e-01,3.202492743730545044e-02,2.493967488408088684e-02,-3.285004198551177979e-01,5.854772925376892090e-01,-2.192806899547576904e-01,-2.072454430162906647e-03,7.207260467112064362e-03,5.905340367462486029e-05,2.317936605322756805e-06,7.399360183626413345e-03,4.548226483166217804e-03,2.232362981885671616e-03,9.611062123440206051e-04,5.375602748245000839e-03
1.132288016378879547e-02,-4.588572680950164795e-02,9.017100185155868530e-02,2.946889698505401611e-01,-3.645696341991424561e-01,3.280476853251457214e-02,2.518499270081520081e-02,-3.331118524074554443e-01,5.839625000953674316e-01,-2.129352688789367676e-01,-1.931820996105670929e-03,7.203858811408281326e-03,8.262995834229514003e-05,-4.069026545039378107e-06,7.360746618360280991e-03,4.560173489153385162e-03,2.246305579319596291e-03,9.504414047114551067e-04,5.389359779655933380e-03
9.291502647101879120e-03,-5.482348054647445679e-02,9.680981934070587158e-02,2.913458645343780518e-01,-3.678603470325469971e-01,3.376834839582443237e-02,2.514696680009365082e-02,-3.372680544853210449e-01,5.805736780166625977e-01,-2.053827345371246338e-01,-1.620741095393896103e-03,7.202344480901956558e-03,1.077300330507569015e-04,-9.861980288405902684e-06,7.304365746676921844e-03,4.571839235723018646e-03,2.261807676404714584e-03,9.394527296535670757e-04,5.433319136500358582e-03
7.794802542775869370e-03,-6.341834366321563721e-02,1.030530780553817749e-01,2.887335121631622314e-01,-3.716529309749603271e-01,3.586958348751068115e-02,2.513292245566844940e-02,-3.415443599224090576e-01,5.769354104995727539e-01,-1.970162987709045410e-01,-8.761307108215987682e-04,7.202656008303165436e-03,1.330349041381850839e-04,-1.600733412487898022e-05,7.201700937002897263e-03,4.579914268106222153e-03,2.277541905641555786e-03,9.256422636099159718e-04,5.478759761899709702e-03
6.588253192603588104e-03,-7.152466475963592529e-02,1.090547367930412292e-01,2.867811918258666992e-01,-3.759087324142456055e-01,3.875163197517395020e-02,2.487577311694622040e-02,-3.453969061374664307e-01,5.738040804862976074e-01,-1.959487050771713257e-01,-5.655615314026363194e-05,7.211324293166399002e-03,1.574114430695772171e-04,-2.277675957884639502e-05,7.123122923076152802e-03,4.590068012475967407e-03,2.292728051543235779e-03,9.114057174883782864e-04,5.528899375349283218e-03
5.016537848860025406e-03,-7.875905930995941162e-02,1.148021221160888672e-01,2.856313586235046387e-01,-3.806690871715545654e-01,4.185792431235313416e-02,2.333947457373142242e-02,-3.467806875705718994e-01,5.697425007820129395e-01,-2.015572041273117065e-01,1.488911802880465984e-04,7.207506801933050156e-03,1.766324858181178570e-04,-2.865608439606148750e-05,7.033152505755424500e-03,4.601612687110900879e-03,2.303174696862697601e-03,8.990288479253649712e-04,5.570946261286735535e-03
3.993870690464973450e-03,-8.423752337694168091e-02,1.215509772300720215e-01,2.830972373485565186e-01,-3.845332264900207520e-01,4.175747558474540710e-02,1.837841793894767761e-02,-3.477195799350738525e-01,5.826203227043151855e-01,-2.136646360158920288e-01,6.981837213970720768e-04,7.187076844274997711e-03,1.274066016776487231e-04,-1.990499731618911028e-05,6.911936216056346893e-03,4.619157407432794571e-03,2.269055228680372238e-03,9.001640719361603260e-04,5.905804224312305450e-03
3.722257679328322411e-03,-8.657715469598770142e-02,1.263215690851211548e-01,2.831560671329498291e-01,-3.885928392410278320e-01,4.148337990045547485e-02,1.630647294223308563e-02,-3.475712537765502930e-01,5.923023819923400879e-01,-2.239006310701370239e-01,1.446098205633461475e-03,7.160365581512451172e-03,9.974700515158474445e-05,-1.009083007375011221e-05,6.800815463066101074e-03,4.639006685465574265e-03,2.237121108919382095e-03,9.108482627198100090e-04,5.993274040520191193e-03
3.360802773386240005e-03,-8.688137680292129517e-02,1.278721690177917480e-01,2.873634099960327148e-01,-3.927218317985534668e-01,4.138851910829544067e-02,1.619951613247394562e-02,-3.467384874820709229e-01,5.982300639152526855e-01,-2.316501587629318237e-01,1.764781656675040722e-03,7.145131006836891174e-03,7.146385178202763200e-05,-5.723762569687096402e-06,6.794375833123922348e-03,4.649617709219455719e-03,2.203544601798057556e-03,9.217227343469858170e-04,6.031217053532600403e-03
2.550364471971988678e-03,-8.637471497058868408e-02,1.270725727081298828e-01,2.939354777336120605e-01,-3.959033489227294922e-01,4.155462235212326050e-02,1.681002043187618256e-02,-3.452881276607513428e-01,6.006559133529663086e-01,-2.373857647180557251e-01,1.895858673378825188e-03,7.141820620745420456e-03,4.396205258672125638e-05,-6.897318598930723965e-06,6.795294117182493210e-03,4.654695745557546616e-03,2.169941086322069168e-03,9.327135048806667328e-04,6.035138387233018875e-03
2.207529963925480843e-03,-8.566564321517944336e-02,1.235616579651832581e-01,3.034634590148925781e-01,-3.981402516365051270e-01,4.195992276072502136e-02,1.754606515169143677e-02,-3.433254659175872803e-01,5.997566580772399902e-01,-2.410000413656234741e-01,1.981134992092847824e-03,7.139899302273988724e-03,1.499833069829037413e-05,-1.077520664694020525e-05,6.799323484301567078e-03,4.661237820982933044e-03,2.134513109922409058e-03,9.432597435079514980e-04,6.022414192557334900e-03
2.175511093810200691e-03,-8.479952067136764526e-02,1.180012971162796021e-01,3.153626620769500732e-01,-3.990475535392761230e-01,4.252123087644577026e-02,1.836958713829517365e-02,-3.403195738792419434e-01,5.952934026718139648e-01,-2.425110489130020142e-01,1.994317397475242615e-03,7.142037153244018555e-03,-1.602377233211882412e-05,-1.570706990605685860e-05,6.823234725743532181e-03,4.665595479309558868e-03,2.096990356221795082e-03,9.521797182969748974e-04,6.027029827237129211e-03
3.806117456406354904e-04,-8.337254077196121216e-02,1.106875091791152954e-01,3.299727439880371094e-01,-3.987273871898651123e-01,4.309040680527687073e-02,1.951737515628337860e-02,-3.360247611999511719e-01,5.874925851821899414e-01,-2.421507686376571655e-01,1.927284058183431625e-03,7.125533651560544968e-03,-4.906652611680328846e-05,-2.155190304620191455e-05,6.843913812190294266e-03,4.670774564146995544e-03,2.057237783446907997e-03,9.627168765291571617e-04,6.036301609128713608e-03
-1.065514166839420795e-03,-8.064375817775726318e-02,1.016108393669128418e-01,3.482266664505004883e-01,-3.971222043037414551e-01,4.385524988174438477e-02,2.114667743444442749e-02,-3.300718963146209717e-01,5.764991641044616699e-01,-2.400647699832916260e-01,1.918152906000614166e-03,7.114473264664411545e-03,-8.095845259958878160e-05,-2.614016011648345739e-05,6.877855863422155380e-03,4.678763449192047119e-03,2.018370665609836578e-03,9.728014701977372169e-04,6.059222854673862457e-03
-1.001846510916948318e-03,-7.606157660484313965e-02,9.091066569089889526e-02,3.696823418140411377e-01,-3.936887979507446289e-01,4.458876699209213257e-02,2.313846722245216370e-02,-3.222084343433380127e-01,5.624945759773254395e-01,-2.366674542427062988e-01,1.783091924153268337e-03,7.109927479177713394e-03,-1.159064413513988256e-04,-2.919427606684621423e-05,6.918646860867738724e-03,4.678928293287754059e-03,1.976312603801488876e-03,9.806168964132666588e-04,6.088251713663339615e-03
-1.106453244574368000e-03,-6.939192116260528564e-02,7.944117486476898193e-02,3.920179903507232666e-01,-3.883510828018188477e-01,4.491207003593444824e-02,2.528713084757328033e-02,-3.121411204338073730e-01,5.454606413841247559e-01,-2.316519170999526978e-01,1.381518784910440445e-03,7.087081670761108398e-03,-1.521426311228424311e-04,-3.270354500273242593e-05,6.956000346690416336e-03,4.686924628913402557e-03,1.932669081725180149e-03,9.895561961457133293e-04,6.125321146100759506e-03
-1.178253209218382835e-03,-6.067399680614471436e-02,6.732591986656188965e-02,4.141601026058197021e-01,-3.871330022811889648e-01,4.494629427790641785e-02,2.749104239046573639e-02,-2.999175190925598145e-01,5.258052945137023926e-01,-2.255015522241592407e-01,9.296440402977168560e-04,7.064394187182188034e-03,-1.900006755022332072e-04,-3.488797301542945206e-05,6.994083989411592484e-03,4.693832714110612869e-03,1.887768274173140526e-03,9.977453155443072319e-04,6.173370871692895889e-03
-1.010070991469547153e-04,-5.005254596471786499e-02,5.403784289956092834e-02,4.361509680747985840e-01,-3.884230852127075195e-01,4.478314891457557678e-02,2.981119044125080109e-02,-2.856373786926269531e-01,5.035662651062011719e-01,-2.181868851184844971e-01,5.238291341811418533e-04,7.042904850095510483e-03,-2.274963044328615069e-04,-3.502971594571135938e-05,7.020622491836547852e-03,4.696497227996587753e-03,1.843943609856069088e-03,1.004112767986953259e-03,6.216839887201786041e-03
3.412218764424324036e-03,-3.797645494341850281e-02,3.961233794689178467e-02,4.571303129196166992e-01,-3.933469057083129883e-01,4.482831060886383057e-02,3.220397979021072388e-02,-2.697148919105529785e-01,4.791795611381530762e-01,-2.098470926284790039e-01,4.245922318659722805e-04,7.033417467027902603e-03,-2.595050027593970299e-04,-3.343777643749490380e-05,7.025095168501138687e-03,4.696228541433811188e-03,1.804971601814031601e-03,1.007306971587240696e-03,6.244205404072999954e-03
7.731088437139987946e-03,-2.522783912718296051e-02,2.380661293864250183e-02,4.764450192451477051e-01,-3.983410000801086426e-01,4.413287341594696045e-02,3.449293226003646851e-02,-2.528597116470336914e-01,4.536672830581665039e-01,-2.010312080383300781e-01,-3.014002286363393068e-04,7.015300914645195007e-03,-2.886061847675591707e-04,-2.849592601705808192e-05,7.009189575910568237e-03,4.684880375862121582e-03,1.766038127243518829e-03,1.011100830510258675e-03,6.251436658203601837e-03
1.426367461681365967e-02,-1.279403921216726303e-02,7.451807148754596710e-03,4.930911958217620850e-01,-4.061243534088134766e-01,4.454380646347999573e-02,3.636473789811134338e-02,-2.362797856330871582e-01,4.288124740123748779e-01,-1.923903375864028931e-01,1.118789296015165746e-04,7.001260295510292053e-03,-3.120169858448207378e-04,-2.539344859542325139e-05,6.951848510652780533e-03,4.671115428209304810e-03,1.732857548631727695e-03,1.010685460641980171e-03,6.193820387125015259e-03
1.935451291501522064e-02,-1.314766006544232368e-03,-9.093209169805049896e-03,5.067109465599060059e-01,-4.129701852798461914e-01,4.497822746634483337e-02,3.764872625470161438e-02,-2.210419178009033203e-01,4.066143035888671875e-01,-1.850002855062484741e-01,2.846358111128211021e-04,6.982045248150825500e-03,-3.307984734419733286e-04,-2.039870378212071955e-05,6.852722726762294769e-03,4.635034129023551941e-03,1.702662208117544651e-03,1.009828643873333931e-03,6.051388103514909744e-03
2.349539659917354584e-02,9.308562614023685455e-03,-2.577721513807773590e-02,5.174188613891601562e-01,-4.195713400840759277e-01,4.534532129764556885e-02,3.844601660966873169e-02,-2.078779488801956177e-01,3.884170651435852051e-01,-1.795190274715423584e-01,2.701004850678145885e-04,6.945785600692033768e-03,-3.503054322209209204e-04,-1.334692024101968855e-05,6.729190237820148468e-03,4.612298216670751572e-03,1.667425967752933502e-03,1.010436797514557838e-03,5.852584261447191238e-03
2.616863697767257690e-02,1.889221183955669403e-02,-4.160244762897491455e-02,5.237982273101806641e-01,-4.244346320629119873e-01,4.579321295022964478e-02,3.883983939886093140e-02,-1.971878707408905029e-01,3.750112652778625488e-01,-1.763496547937393188e-01,2.819571818690747023e-04,6.921145599335432053e-03,-3.689189616125077009e-04,-5.150536253495374694e-06,6.592218298465013504e-03,4.583297297358512878e-03,1.632991130463778973e-03,1.011934829875826836e-03,5.690534599125385284e-03
3.018424846231937408e-02,2.738085016608238220e-02,-5.692815035581588745e-02,5.272977948188781738e-01,-4.267770946025848389e-01,4.684936627745628357e-02,3.902467712759971619e-02,-1.894421726465225220e-01,3.674203455448150635e-01,-1.759822666645050049e-01,7.270199130289256573e-04,6.897965446114540100e-03,-3.813257208094000816e-04,3.784811724472092465e-06,6.352067925035953522e-03,4.506204742938280106e-03,1.611051731742918491e-03,1.011434942483901978e-03,5.540124140679836273e-03
3.151103481650352478e-02,3.450363874435424805e-02,-6.987913697957992554e-02,5.268540382385253906e-01,-4.262304902076721191e-01,4.760315269231796265e-02,3.907823935151100159e-02,-1.842829287052154541e-01,3.655576407909393311e-01,-1.785236895084381104e-01,7.453068974427878857e-04,6.859828252345323563e-03,-3.982896450906991959e-04,1.424890615453477949e-05,6.278849206864833832e-03,4.459619522094726562e-03,1.583626377396285534e-03,1.012421213090419769e-03,5.474758800119161606e-03
3.063655830919742584e-02,4.030343145132064819e-02,-8.000660687685012817e-02,5.236292481422424316e-01,-4.223844110965728760e-01,4.839741066098213196e-02,3.917111828923225403e-02,-1.815538108348846436e-01,3.693872988224029541e-01,-1.839892268180847168e-01,7.607846637256443501e-04,6.801981013268232346e-03,-4.115805495530366898e-04,2.393475551798474044e-05,6.172633729875087738e-03,4.436456598341464996e-03,1.561812940053641796e-03,1.012411783449351788e-03,5.427873693406581879e-03
2.831847593188285828e-02,4.456297680735588074e-02,-8.726321905851364136e-02,5.173206329345703125e-01,-4.164095222949981689e-01,4.912843555212020874e-02,3.930300101637840271e-02,-1.810165643692016602e-01,3.784274756908416748e-01,-1.921290755271911621e-01,6.820120033808052540e-04,6.766048260033130646e-03,-4.259500419721007347e-04,3.451791053521446884e-05,6.113586947321891785e-03,4.413806833326816559e-03,1.538992975838482380e-03,1.012495951727032661e-03,5.396812688559293747e-03
2.785498835146427155e-02,4.722905158996582031e-02,-9.120643883943557739e-02,5.062618255615234375e-01,-4.072162210941314697e-01,5.007428303360939026e-02,3.958780691027641296e-02,-1.811729520559310913e-01,3.906552195549011230e-01,-2.020748555660247803e-01,7.686298922635614872e-04,6.738977506756782532e-03,-4.420567129272967577e-04,4.685669046011753380e-05,6.122823338955640793e-03,4.402400460094213486e-03,1.514727016910910606e-03,1.012968597933650017e-03,5.445334129035472870e-03
2.676940709352493286e-02,4.836048930883407593e-02,-9.239915758371353149e-02,4.927743375301361084e-01,-3.971337974071502686e-01,5.026141926646232605e-02,4.005260765552520752e-02,-1.814506351947784424e-01,4.051016271114349365e-01,-2.134453505277633667e-01,1.963351678568869829e-04,6.704988889396190643e-03,-4.618292732629925013e-04,5.957028042757883668e-05,6.124161183834075928e-03,4.396966658532619476e-03,1.481042709201574326e-03,1.015007728710770607e-03,5.488018505275249481e-03
2.499623410403728485e-02,4.840292781591415405e-02,-9.178162366151809692e-02,4.772714376449584961e-01,-3.847376406192779541e-01,4.969219863414764404e-02,4.078956320881843567e-02,-1.820878684520721436e-01,4.216664135456085205e-01,-2.261168062686920166e-01,-8.562434231862425804e-04,6.633440963923931122e-03,-4.823467461392283440e-04,7.327844650717452168e-05,6.086561363190412521e-03,4.403447266668081284e-03,1.443366170860826969e-03,1.013981294818222523e-03,5.499151069670915604e-03
2.477210387587547302e-02,4.799341037869453430e-02,-9.001567214727401733e-02,4.643824994564056396e-01,-3.577332198619842529e-01,4.923025146126747131e-02,4.181923717260360718e-02,-1.830964535474777222e-01,4.404979348182678223e-01,-2.403109967708587646e-01,-1.443407614715397358e-03,6.603978574275970459e-03,-4.996381467208266258e-04,8.761479693930596113e-05,6.114708259701728821e-03,4.427834413945674896e-03,1.413776539266109467e-03,1.012162887491285801e-03,5.568577907979488373e-03
2.597727067768573761e-02,4.738182947039604187e-02,-8.772147446870803833e-02,4.810694754123687744e-01,-3.697541058063507080e-01,4.849838465452194214e-02,4.173370823264122009e-02,-1.798508167266845703e-01,4.524845480918884277e-01,-2.490173727273941040e-01,-5.314619047567248344e-04,6.795654073357582092e-03,-4.167040751781314611e-04,7.500767242163419724e-05,7.772393524646759033e-03,4.489055369049310684e-03,1.679838052950799465e-03,9.833021322265267372e-04,6.509093102067708969e-03
2.803390473127365112e-02,4.566024243831634521e-02,-8.070848882198333740e-02,4.869892001152038574e-01,-3.785172402858734131e-01,4.796358570456504822e-02,4.123782366514205933e-02,-1.792698353528976440e-01,4.660966694355010986e-01,-2.517531514167785645e-01,5.824064137414097786e-04,6.945203524082899094e-03,-3.350522601976990700e-04,6.644515087828040123e-05,7.860630750656127930e-03,4.529711790382862091e-03,2.092406852170825005e-03,9.695403277873992920e-04,6.625483278185129166e-03
2.946082688868045807e-02,4.345770552754402161e-02,-7.006386667490005493e-02,4.835298359394073486e-01,-3.817726373672485352e-01,4.770927131175994873e-02,4.109001904726028442e-02,-1.811993271112442017e-01,4.823957979679107666e-01,-2.542715966701507568e-01,7.588534499518573284e-04,6.972917821258306503e-03,-2.685973886400461197e-04,6.256916822167113423e-05,7.917945273220539093e-03,4.574471153318881989e-03,2.548209158703684807e-03,9.631940047256648540e-04,6.723996251821517944e-03
3.067994490265846252e-02,4.064861685037612915e-02,-5.667451769113540649e-02,4.725922048091888428e-01,-3.810203671455383301e-01,4.721558094024658203e-02,4.111259058117866516e-02,-1.859245598316192627e-01,5.019354820251464844e-01,-2.605343163013458252e-01,7.526551489718258381e-04,6.990009918808937073e-03,-2.109853958245366812e-04,5.827817949466407299e-05,7.963412441313266754e-03,4.622559063136577606e-03,2.882029162719845772e-03,9.545945795252919197e-04,6.743282079696655273e-03
3.124073892831802368e-02,3.730777651071548462e-02,-4.195307940244674683e-02,4.562493264675140381e-01,-3.771617710590362549e-01,4.652421176433563232e-02,4.111474379897117615e-02,-1.933918297290802002e-01,5.228498578071594238e-01,-2.655237615108489990e-01,3.645853139460086823e-04,6.998875644057989120e-03,-1.674254453973844647e-04,5.591367880697362125e-05,7.988220080733299255e-03,4.719194490462541580e-03,2.970264060422778130e-03,9.516297723166644573e-04,6.729179527610540390e-03
3.110148198902606964e-02,3.347493708133697510e-02,-2.675431780517101288e-02,4.360151290893554688e-01,-3.709429502487182617e-01,4.566996172070503235e-02,4.102775081992149353e-02,-2.027378529310226440e-01,5.420949459075927734e-01,-2.709671854972839355e-01,-1.827490050345659256e-04,7.000690791755914688e-03,-1.323197648162022233e-04,5.534969022846780717e-05,7.998379878699779510e-03,4.957408178597688675e-03,2.996886381879448891e-03,9.491787059232592583e-04,6.672811694443225861e-03
3.064739145338535309e-02,2.910866029560565948e-02,-1.177268009632825851e-02,4.134291410446166992e-01,-3.631783127784729004e-01,4.458331689238548279e-02,4.086584225296974182e-02,-2.142006754875183105e-01,5.600697398185729980e-01,-2.771189808845520020e-01,-5.764851812273263931e-04,6.996925920248031616e-03,-1.018042894429527223e-04,5.568687629420310259e-05,7.983153685927391052e-03,5.148627329617738724e-03,3.017904469743371010e-03,9.465185576118528843e-04,6.571190431714057922e-03
3.001149371266365051e-02,2.427441440522670746e-02,2.680649049580097198e-03,3.897175490856170654e-01,-3.545966446399688721e-01,4.351036623120307922e-02,4.083327576518058777e-02,-2.271465510129928589e-01,5.762988924980163574e-01,-2.837977111339569092e-01,-8.112531504593789577e-04,6.990287918597459793e-03,-7.369743980234488845e-05,5.567667540162801743e-05,7.939264178276062012e-03,5.169649142771959305e-03,3.036977024748921394e-03,9.426310425624251366e-04,6.466187536716461182e-03
2.920167706906795502e-02,1.905108429491519928e-02,1.585187390446662903e-02,3.666709661483764648e-01,-3.460763692855834961e-01,4.304452240467071533e-02,4.079770669341087341e-02,-2.410167753696441650e-01,5.905752182006835938e-01,-2.911005318164825439e-01,-9.509780211374163628e-04,6.976069882512092590e-03,-5.219055674388073385e-05,5.719935143133625388e-05,7.809416390955448151e-03,5.160287022590637207e-03,3.050671657547354698e-03,9.378914837725460529e-04,6.296481005847454071e-03
2.732234634459018707e-02,1.334872841835021973e-02,2.684605866670608521e-02,3.463541567325592041e-01,-3.386957645416259766e-01,4.214859753847122192e-02,4.027604311704635620e-02,-2.547582387924194336e-01,6.011809110641479492e-01,-2.958369851112365723e-01,-1.822030986659228802e-03,6.963123101741075516e-03,-3.723869303939864039e-05,5.835009142174385488e-05,7.643429096788167953e-03,5.151002667844295502e-03,3.057796042412519455e-03,9.384476579725742340e-04,5.959135945886373520e-03
2.595658600330352783e-02,7.115564774721860886e-03,3.663159534335136414e-02,3.282220065593719482e-01,-3.325198292732238770e-01,4.150549322366714478e-02,3.931095078587532043e-02,-2.681406438350677490e-01,6.085772514343261719e-01,-2.988615334033966064e-01,-1.786195323802530766e-03,6.951710674911737442e-03,-1.826833249651826918e-05,5.846488056704401970e-05,7.587333209812641144e-03,5.142795853316783905e-03,3.068714868277311325e-03,9.326440049335360527e-04,5.851089954376220703e-03
2.506012655794620514e-02,5.883043631911277771e-04,4.558149352669715881e-02,3.121892213821411133e-01,-3.275427818298339844e-01,4.172063618898391724e-02,3.840392082929611206e-02,-2.801269888877868652e-01,6.119184494018554688e-01,-3.020054399967193604e-01,-1.318589318543672562e-03,6.941962055861949921e-03,4.434444690559757873e-06,5.744118971051648259e-05,7.519638631492853165e-03,5.140384659171104431e-03,3.083223709836602211e-03,9.253878961317241192e-04,5.805511958897113800e-03
2.405207976698875427e-02,-6.230189930647611618e-03,5.368689075112342834e-02,2.985665500164031982e-01,-3.238970935344696045e-01,4.369929060339927673e-02,3.733626008033752441e-02,-2.901772260665893555e-01,6.118449568748474121e-01,-3.029669225215911865e-01,-1.057225978001952171e-03,6.935943849384784698e-03,2.690946894290391356e-05,5.550894638872705400e-05,7.473558653146028519e-03,5.138861481100320816e-03,3.097414271906018257e-03,9.198774932883679867e-04,5.750850308686494827e-03
2.217921987175941467e-02,-1.321276277303695679e-02,6.064979732036590576e-02,2.879306375980377197e-01,-3.218290507793426514e-01,4.349253326654434204e-02,3.716278076171875000e-02,-2.990372180938720703e-01,6.092377901077270508e-01,-3.003768920898437500e-01,-1.491254311986267567e-03,6.927710026502609253e-03,4.519480353337712586e-05,5.334356319508515298e-05,7.394469808787107468e-03,5.138198845088481903e-03,3.107465570792555809e-03,9.173449361696839333e-04,5.718333646655082703e-03
1.996101066470146179e-02,-2.031915076076984406e-02,6.631539762020111084e-02,2.804525792598724365e-01,-3.214826881885528564e-01,4.349075630307197571e-02,3.751678392291069031e-02,-3.068607449531555176e-01,6.048047542572021484e-01,-2.960107028484344482e-01,-1.890555024147033691e-03,6.921025924384593964e-03,6.475876580225303769e-05,4.922859807265922427e-05,7.317884825170040131e-03,5.136633291840553284e-03,3.118735272437334061e-03,9.140733163803815842e-04,5.682939663529396057e-03
1.775373890995979309e-02,-2.769074216485023499e-02,7.147175073623657227e-02,2.751858532428741455e-01,-3.224246203899383545e-01,4.401298612356185913e-02,3.794372826814651489e-02,-3.137207925319671631e-01,6.001766324043273926e-01,-2.880343794822692871e-01,-1.971510006114840508e-03,6.918414495885372162e-03,8.600105502409860492e-05,4.375589924165979028e-05,7.308695465326309204e-03,5.137628875672817230e-03,3.131470642983913422e-03,9.081282187253236771e-04,5.679087713360786438e-03
1.595596224069595337e-02,-3.522020205855369568e-02,7.642422616481781006e-02,2.716448605060577393e-01,-3.245058953762054443e-01,4.574747011065483093e-02,3.834063932299613953e-02,-3.196221590042114258e-01,5.956400632858276367e-01,-2.782083749771118164e-01,-1.585792400874197483e-03,6.913889665156602859e-03,1.104791590478271246e-04,3.813455259660258889e-05,7.277459837496280670e-03,5.139842629432678223e-03,3.147401148453354836e-03,8.980138809420168400e-04,5.688221659511327744e-03
1.428062748163938522e-02,-4.281083866953849792e-02,8.111475408077239990e-02,2.697264552116394043e-01,-3.276222944259643555e-01,4.574244096875190735e-02,3.936108946800231934e-02,-3.248974382877349854e-01,5.904627442359924316e-01,-2.667097151279449463e-01,-1.154100638814270496e-03,6.911942735314369202e-03,1.338100846624001861e-04,3.316942456876859069e-05,7.249690592288970947e-03,5.141135305166244507e-03,3.162232926115393639e-03,8.854932966642081738e-04,5.702424328774213791e-03
1.309448480606079102e-02,-5.057693645358085632e-02,8.570286631584167480e-02,2.691598534584045410e-01,-3.316873311996459961e-01,4.595580324530601501e-02,4.006274789571762085e-02,-3.292151689529418945e-01,5.847728848457336426e-01,-2.555220425128936768e-01,-4.133749753236770630e-04,6.916378624737262726e-03,1.582400873303413391e-04,2.696380397537723184e-05,7.240425329655408859e-03,5.142534617334604263e-03,3.178105456754565239e-03,8.717422606423497200e-04,5.712587386369705200e-03
1.212831586599349976e-02,-5.828105285763740540e-02,9.056542813777923584e-02,2.692782580852508545e-01,-3.363634347915649414e-01,4.777809977531433105e-02,4.028997942805290222e-02,-3.319236934185028076e-01,5.780943632125854492e-01,-2.450178712606430054e-01,3.089139354415237904e-04,6.925886031240224838e-03,1.856899034464731812e-04,1.940424590429756790e-05,7.203043438494205475e-03,5.149879492819309235e-03,3.197082551196217537e-03,8.577685221098363400e-04,5.766445305198431015e-03
1.032442413270473480e-02,-6.587819755077362061e-02,9.552926570177078247e-02,2.701251804828643799e-01,-3.415108919143676758e-01,4.787633940577507019e-02,4.063461720943450928e-02,-3.340237140655517578e-01,5.725451707839965820e-01,-2.318264693021774292e-01,1.388689852319657803e-04,6.926330737769603729e-03,2.073921496048569679e-04,1.182715732284123078e-05,7.187582552433013916e-03,5.155259277671575546e-03,3.210226073861122131e-03,8.470746688544750214e-04,5.814849399030208588e-03
8.687067776918411255e-03,-7.319236546754837036e-02,1.000257208943367004e-01,2.723463773727416992e-01,-3.475458621978759766e-01,4.929793998599052429e-02,4.068031534552574158e-02,-3.355359137058258057e-01,5.672143101692199707e-01,-2.177266776561737061e-01,2.249282115371897817e-04,6.920912303030490875e-03,2.294014411745592952e-04,4.793536845681956038e-06,7.095478475093841553e-03,5.160538014024496078e-03,3.224201500415802002e-03,8.341093198396265507e-04,5.841016303747892380e-03
7.666326593607664108e-03,-8.014991134405136108e-02,1.043523997068405151e-01,2.754855155944824219e-01,-3.542182445526123047e-01,5.108375474810600281e-02,4.078599065542221069e-02,-3.371868431568145752e-01,5.631933212280273438e-01,-2.040002346038818359e-01,7.901937351562082767e-04,6.945105735212564468e-03,2.531816426198929548e-04,-2.850599457815405913e-06,7.036152761429548264e-03,5.165613722056150436e-03,3.239952726289629936e-03,8.169984212145209312e-04,5.878284573554992676e-03
6.319407839328050613e-03,-8.666177093982696533e-02,1.085843741893768311e-01,2.794839739799499512e-01,-3.614848256111145020e-01,5.279065296053886414e-02,4.061922430992126465e-02,-3.376386165618896484e-01,5.582289695739746094e-01,-1.936336159706115723e-01,8.538675610907375813e-04,6.959137972444295883e-03,2.735196903813630342e-04,-9.319660421169828624e-06,6.991466507315635681e-03,5.176361184567213058e-03,3.252174705266952515e-03,8.050103788264095783e-04,5.922873970121145248e-03
5.461845081299543381e-03,-9.281838685274124146e-02,1.125323995947837830e-01,2.842338681221008301e-01,-3.693180084228515625e-01,5.579068511724472046e-02,3.969902172684669495e-02,-3.376452028751373291e-01,5.526357293128967285e-01,-1.838203966617584229e-01,1.289398525841534138e-03,6.991784088313579559e-03,2.945762826129794121e-04,-1.580845673743169755e-05,6.917327176779508591e-03,5.181631539016962051e-03,3.265609266236424446e-03,7.893448928371071815e-04,5.930306855589151382e-03
4.780473187565803528e-03,-9.785407781600952148e-02,1.172548681497573853e-01,2.875468134880065918e-01,-3.758221566677093506e-01,5.645582824945449829e-02,3.602019697427749634e-02,-3.392247557640075684e-01,5.653287768363952637e-01,-1.958027034997940063e-01,1.594973728060722351e-03,6.997117307037115097e-03,2.340808423468843102e-04,-7.806299436197150499e-06,6.942334584891796112e-03,5.200419109314680099e-03,3.232783870771527290e-03,7.906859391368925571e-04,6.543079856783151627e-03
4.242320545017719269e-03,-9.967882931232452393e-02,1.208365634083747864e-01,2.916184961795806885e-01,-3.807929754257202148e-01,5.573097243905067444e-02,3.463427349925041199e-02,-3.392716646194458008e-01,5.771659612655639648e-01,-2.070037722587585449e-01,1.662304974161088467e-03,6.975104566663503647e-03,1.952660386450588703e-04,5.648775641020620242e-06,6.899871863424777985e-03,5.219690967351198196e-03,3.192187985405325890e-03,8.060645777732133865e-04,6.693077739328145981e-03
3.496655495837330818e-03,-9.965305775403976440e-02,1.212396547198295593e-01,2.989467084407806396e-01,-3.850518167018890381e-01,5.482505261898040771e-02,3.497561439871788025e-02,-3.384333252906799316e-01,5.843126773834228516e-01,-2.153737246990203857e-01,1.506419386714696884e-03,6.957482546567916870e-03,1.602408156031742692e-04,1.108249671233352274e-05,6.904064211994409561e-03,5.226613022387027740e-03,3.152499208226799965e-03,8.188913925550878048e-04,6.732149515300989151e-03
2.773196203634142876e-03,-9.897459298372268677e-02,1.193782091140747070e-01,3.080796301364898682e-01,-3.880333900451660156e-01,5.442682653665542603e-02,3.583299741148948669e-02,-3.370206356048583984e-01,5.875942707061767578e-01,-2.213200181722640991e-01,1.727739581838250160e-03,6.955871824175119400e-03,1.317281712545081973e-04,1.080941910913679749e-05,6.909312214702367783e-03,5.228993482887744904e-03,3.119252156466245651e-03,8.255148422904312611e-04,6.746658589690923691e-03
-8.127395994961261749e-05,-9.795711934566497803e-02,1.147267073392868042e-01,3.199348449707031250e-01,-3.896050155162811279e-01,5.403741821646690369e-02,3.686027973890304565e-02,-3.349342644214630127e-01,5.868687629699707031e-01,-2.247204035520553589e-01,1.710617216303944588e-03,6.954025942832231522e-03,9.885590407066047192e-05,8.476470611640252173e-06,6.916331127285957336e-03,5.235031247138977051e-03,3.081083297729492188e-03,8.358043851330876350e-04,6.749179679900407791e-03
-2.613229909911751747e-03,-9.648485481739044189e-02,1.077500581741333008e-01,3.343896865844726562e-01,-3.895232677459716797e-01,5.400806292891502380e-02,3.801744431257247925e-02,-3.318232893943786621e-01,5.822318196296691895e-01,-2.258160561323165894e-01,1.837929594330489635e-03,6.956773344427347183e-03,6.740672688465565443e-05,6.944475899217650294e-06,6.932420656085014343e-03,5.241887178272008896e-03,3.044198499992489815e-03,8.444928680546581745e-04,6.754641886800527573e-03
-2.628515940159559250e-03,-9.393626451492309570e-02,9.886068850755691528e-02,3.506984710693359375e-01,-3.874178528785705566e-01,5.406556650996208191e-02,3.940192982554435730e-02,-3.271956145763397217e-01,5.736843347549438477e-01,-2.247261703014373779e-01,1.853698282502591610e-03,6.955013610422611237e-03,3.526924774632789195e-05,6.850140380265656859e-06,6.952593568712472916e-03,5.249341949820518494e-03,3.006504615768790245e-03,8.520165574736893177e-04,6.769879255443811417e-03
-2.739226911216974258e-03,-9.004320204257965088e-02,8.848249912261962891e-02,3.683205544948577881e-01,-3.833581805229187012e-01,5.395926162600517273e-02,4.101902991533279419e-02,-3.209730386734008789e-01,5.617851614952087402e-01,-2.218498140573501587e-01,1.759747741743922234e-03,6.944713182747364044e-03,3.730109767730027670e-07,7.178570285759633407e-06,6.974372081458568573e-03,5.256502423435449600e-03,2.965995110571384430e-03,8.618807769380509853e-04,6.801121868193149567e-03
-3.198066959157586098e-03,-8.460951596498489380e-02,7.724031805992126465e-02,3.863709867000579834e-01,-3.815189898014068604e-01,5.341814830899238586e-02,4.285573959350585938e-02,-3.129619657993316650e-01,5.472211241722106934e-01,-2.176885753870010376e-01,1.333579537458717823e-03,6.930836476385593414e-03,-3.133248173980973661e-05,6.606928764085751027e-06,6.998740136623382568e-03,5.259417928755283356e-03,2.928282832726836205e-03,8.704959182068705559e-04,6.820325274020433426e-03
-3.216223558411002159e-03,-7.778453081846237183e-02,6.527923047542572021e-02,4.052122831344604492e-01,-3.842105567455291748e-01,5.281287059187889099e-02,4.481162503361701965e-02,-3.031581044197082520e-01,5.304077863693237305e-01,-2.124817222356796265e-01,1.077028922736644745e-03,6.914951838552951813e-03,-6.469879008363932371e-05,6.288364147621905431e-06,7.024472579360008240e-03,5.260076839476823807e-03,2.889011055231094360e-03,8.776180911809206009e-04,6.842529401183128357e-03
-3.326597623527050018e-03,-6.976483017206192017e-02,5.298390612006187439e-02,4.240136146545410156e-01,-3.879828751087188721e-01,5.225669220089912415e-02,4.693641141057014465e-02,-2.915764749050140381e-01,5.114945173263549805e-01,-2.063095271587371826e-01,1.022157841362059116e-03,6.900726817548274994e-03,-9.511414828011766076e-05,7.102160452632233500e-06,7.042717654258012772e-03,5.261569749563932419e-03,2.852642210200428963e-03,8.840421796776354313e-04,6.868381984531879425e-03
-1.653850311413407326e-03,-6.077694147825241089e-02,4.052799940109252930e-02,4.424041211605072021e-01,-3.945499062538146973e-01,5.217674002051353455e-02,4.926614463329315186e-02,-2.785595059394836426e-01,4.912954270839691162e-01,-1.995722651481628418e-01,1.248079235665500164e-03,6.893198937177658081e-03,-1.184471693704836071e-04,8.905581125873140991e-06,7.042781449854373932e-03,5.258403718471527100e-03,2.823211485520005226e-03,8.842517854645848274e-04,6.882929243147373199e-03
-9.931895183399319649e-04,-5.203690752387046814e-02,2.804614230990409851e-02,4.608364999294281006e-01,-4.021904170513153076e-01,5.150568857789039612e-02,5.132968351244926453e-02,-2.645572721958160400e-01,4.709087014198303223e-01,-1.929291337728500366e-01,7.995939231477677822e-04,6.883022375404834747e-03,-1.443414803361520171e-04,1.407641138939652592e-05,7.053794339299201965e-03,5.244055762887001038e-03,2.790045225992798805e-03,8.888712036423385143e-04,6.882582325488328934e-03
-1.551939174532890320e-03,-4.417819529771804810e-02,1.673612371087074280e-02,4.774010181427001953e-01,-4.057808518409729004e-01,5.096951127052307129e-02,5.283288657665252686e-02,-2.497550696134567261e-01,4.504700303077697754e-01,-1.863498389720916748e-01,6.385474116541445255e-04,6.874853279441595078e-03,-1.706407056190073490e-04,2.010100797633640468e-05,7.064937613904476166e-03,5.232950206845998764e-03,2.755427267402410507e-03,8.948146714828908443e-04,6.879631895571947098e-03
-2.956001088023185730e-03,-3.720955550670623779e-02,5.821862723678350449e-03,4.935950338840484619e-01,-4.068417549133300781e-01,5.049139261245727539e-02,5.374524742364883423e-02,-2.345141172409057617e-01,4.300860166549682617e-01,-1.798321306705474854e-01,5.508083850145339966e-04,6.863395217806100845e-03,-1.961353846127167344e-04,2.906622830778360367e-05,7.068251259624958038e-03,5.218760576099157333e-03,2.718250034376978874e-03,9.005684405565261841e-04,6.853257305920124054e-03
-4.738361574709415436e-03,-3.118761070072650909e-02,-4.816842265427112579e-03,5.096677541732788086e-01,-4.053877294063568115e-01,4.985311627388000488e-02,5.412834882736206055e-02,-2.189774662256240845e-01,4.100694656372070312e-01,-1.735702306032180786e-01,3.355806111358106136e-04,6.849458441138267517e-03,-2.220852038590237498e-04,4.046954927616752684e-05,7.074729073792695999e-03,5.203033331781625748e-03,2.662881743162870407e-03,9.074643603526055813e-04,6.834964733570814133e-03
-4.628105554729700089e-03,-2.624645456671714783e-02,-1.464555040001869202e-02,5.236804485321044922e-01,-3.995691239833831787e-01,4.946391284465789795e-02,5.401375144720077515e-02,-2.033487111330032349e-01,3.909438550472259521e-01,-1.678176075220108032e-01,3.648841811809688807e-04,6.831857841461896896e-03,-2.472130872774869204e-04,5.509422408067621291e-05,7.073692977428436279e-03,5.180523730814456940e-03,2.583230845630168915e-03,9.132734267041087151e-04,6.789584644138813019e-03
-2.780702663585543633e-03,-2.207657508552074432e-02,-2.407401241362094879e-02,5.348647236824035645e-01,-3.909822404384613037e-01,4.909730702638626099e-02,5.361271277070045471e-02,-1.883872151374816895e-01,3.735339641571044922e-01,-1.629304289817810059e-01,3.635704342741519213e-04,6.808289326727390289e-03,-2.718387986533343792e-04,7.043636287562549114e-05,7.025996223092079163e-03,5.155640654265880585e-03,2.461715601384639740e-03,9.178504114970564842e-04,6.708737462759017944e-03
-2.794284606352448463e-03,-1.864668913185596466e-02,-3.369107469916343689e-02,5.440080165863037109e-01,-3.837520480155944824e-01,4.796865209937095642e-02,5.299486964941024780e-02,-1.748196333646774292e-01,3.585719764232635498e-01,-1.592246890068054199e-01,-3.293475892860442400e-04,6.782183889299631119e-03,-3.010244690813124180e-04,8.606610936112701893e-05,6.943552754819393158e-03,5.134515464305877686e-03,2.220247406512498856e-03,9.212212171405553818e-04,6.596965249627828598e-03
-4.714617971330881119e-04,-1.611586660146713257e-02,-4.387608543038368225e-02,5.512595772743225098e-01,-3.741500675678253174e-01,4.753593355417251587e-02,5.214571207761764526e-02,-1.631098836660385132e-01,3.467530310153961182e-01,-1.569277048110961914e-01,-2.864894340746104717e-04,6.757041439414024353e-03,-3.270918969064950943e-04,1.014918234432116151e-04,6.865857634693384171e-03,5.109288264065980911e-03,1.903986325487494469e-03,9.213176672346889973e-04,6.469042506068944931e-03
3.595796646550297737e-03,-1.487879175692796707e-02,-5.415843054652214050e-02,5.555983185768127441e-01,-3.641708493232727051e-01,4.728291183710098267e-02,5.104577913880348206e-02,-1.530215740203857422e-01,3.377830386161804199e-01,-1.559556871652603149e-01,-1.790646201698109508e-04,6.734887603670358658e-03,-3.548694949131458998e-04,1.184684733743779361e-04,6.819061003625392914e-03,5.084990058094263077e-03,1.552518340758979321e-03,9.197366889566183090e-04,6.379430647939443588e-03
6.524992175400257111e-03,-1.485109981149435043e-02,-6.460466980934143066e-02,5.569798350334167480e-01,-3.536036014556884766e-01,4.619554430246353149e-02,4.972792789340019226e-02,-1.439737528562545776e-01,3.302455842494964600e-01,-1.556518077850341797e-01,-8.449980523437261581e-04,6.709712091833353043e-03,-3.922615433111786842e-04,1.385695941280573606e-04,6.786742713302373886e-03,5.095866508781909943e-03,1.075064181350171566e-03,9.081002790480852127e-04,6.311686243861913681e-03
1.118578854948282242e-02,-1.543308608233928680e-02,-7.505198568105697632e-02,5.548310279846191406e-01,-3.414529263973236084e-01,4.547661915421485901e-02,4.843267053365707397e-02,-1.359010338783264160e-01,3.236609399318695068e-01,-1.556755006313323975e-01,-9.826436871662735939e-04,6.683339830487966537e-03,-4.280468274373561144e-04,1.589016028447076678e-04,6.734832189977169037e-03,5.123576149344444275e-03,5.202817264944314957e-04,8.921314147301018238e-04,6.263609975576400757e-03
1.688418723642826080e-02,-1.651312410831451416e-02,-8.603411912918090820e-02,5.509313941001892090e-01,-3.294137418270111084e-01,4.443874582648277283e-02,4.735194891691207886e-02,-1.287914365530014038e-01,3.180035650730133057e-01,-1.560502797365188599e-01,-1.320469542406499386e-03,6.652491167187690735e-03,-4.669417103286832571e-04,1.806946384022012353e-04,6.679076235741376877e-03,5.159726832062005997e-03,-4.401354453875683248e-05,8.689499809406697750e-04,6.230400875210762024e-03
2.247984334826469421e-02,-1.770664751529693604e-02,-9.709878265857696533e-02,5.453103780746459961e-01,-3.171648979187011719e-01,4.244546964764595032e-02,4.676467925310134888e-02,-1.223005503416061401e-01,3.129319548606872559e-01,-1.567138731479644775e-01,-2.343924017623066902e-03,6.607274524867534637e-03,-5.150192882865667343e-04,2.032328338827937841e-04,6.615406833589076996e-03,5.305483471602201462e-03,-5.833929753862321377e-04,8.367308182641863823e-04,6.213604472577571869e-03
3.119017370045185089e-02,-1.962928846478462219e-02,-1.079655289649963379e-01,5.382959246635437012e-01,-3.058094382286071777e-01,4.136000201106071472e-02,4.637952521443367004e-02,-1.171777918934822083e-01,3.096138834953308105e-01,-1.580598205327987671e-01,-2.278374740853905678e-03,6.585753522813320160e-03,-5.548971239477396011e-04,2.235354040749371052e-04,6.565569899976253510e-03,5.430275574326515198e-03,-1.054287771694362164e-03,7.897316245362162590e-04,6.147684995085000992e-03
3.820539638400077820e-02,-2.263824827969074249e-02,-1.174889653921127319e-01,5.275122523307800293e-01,-2.945457994937896729e-01,4.022381082177162170e-02,4.585094749927520752e-02,-1.137196198105812073e-01,3.084677159786224365e-01,-1.603396385908126831e-01,-2.250951249152421951e-03,6.561827845871448517e-03,-5.983017035759985447e-04,2.445979625917971134e-04,6.518012378364801407e-03,5.446027498692274094e-03,-1.484760432504117489e-03,7.335522095672786236e-04,6.064550951123237610e-03
4.157639294862747192e-02,-2.628885209560394287e-02,-1.254357397556304932e-01,5.131921172142028809e-01,-2.866742908954620361e-01,3.801050782203674316e-02,4.535345733165740967e-02,-1.115919202566146851e-01,3.091162145137786865e-01,-1.635004878044128418e-01,-3.072385210543870926e-03,6.519878283143043518e-03,-6.494615809060633183e-04,2.654778363648802042e-04,6.475028116255998611e-03,5.545241292566061020e-03,-1.894896617159247398e-03,6.701187812723219395e-04,6.007619202136993408e-03
4.745965451002120972e-02,-3.032269701361656189e-02,-1.330417394638061523e-01,5.000054240226745605e-01,-2.840559780597686768e-01,3.607887402176856995e-02,4.521255940198898315e-02,-1.109500527381896973e-01,3.119111657142639160e-01,-1.676373034715652466e-01,-3.263412974774837494e-03,6.466994993388652802e-03,-6.936868303455412388e-04,2.880644460674375296e-04,6.408441811800003052e-03,5.781403277069330215e-03,-2.182263182476162910e-03,6.191662396304309368e-04,5.972215440124273300e-03
5.361428856849670410e-02,-3.393878415226936340e-02,-1.367292851209640503e-01,4.869292378425598145e-01,-2.884308993816375732e-01,3.468716517090797424e-02,4.521705955266952515e-02,-1.108677238225936890e-01,3.161325156688690186e-01,-1.725119501352310181e-01,-2.835326828062534332e-03,6.453857757151126862e-03,-7.282140431925654411e-04,3.097653971053659916e-04,6.424744613468647003e-03,5.937019828706979752e-03,-2.277059946209192276e-03,5.954020307399332523e-04,5.985428579151630402e-03
5.839405581355094910e-02,-3.654586151242256165e-02,-1.365471631288528442e-01,4.749844968318939209e-01,-2.956819236278533936e-01,3.300256282091140747e-02,4.517906159162521362e-02,-1.115491911768913269e-01,3.224299252033233643e-01,-1.785498261451721191e-01,-2.758205402642488480e-03,6.434456445276737213e-03,-7.627560989931225777e-04,3.337099042255431414e-04,6.404552608728408813e-03,5.952899344265460968e-03,-2.310496289283037186e-03,5.775292520411312580e-04,5.939047783613204956e-03
5.929524824023246765e-02,-3.786839544773101807e-02,-1.355749219655990601e-01,4.714774489402770996e-01,-3.055559992790222168e-01,3.145278990268707275e-02,4.461297392845153809e-02,-1.129245981574058533e-01,3.300469815731048584e-01,-1.866732090711593628e-01,-2.400971250608563423e-03,6.431867834180593491e-03,-7.440198096446692944e-04,3.465192858129739761e-04,7.200615946203470230e-03,5.940680857747793198e-03,-2.208348596468567848e-03,5.414930637925863266e-04,6.378568243235349655e-03
6.106965243816375732e-02,-4.074373468756675720e-02,-1.342165768146514893e-01,4.760194122791290283e-01,-3.110340833663940430e-01,3.324423357844352722e-02,4.173538461327552795e-02,-1.127595975995063782e-01,3.378844857215881348e-01,-2.066010832786560059e-01,6.159889162518084049e-04,6.958509795367717743e-03,-6.960660684853792191e-04,3.473148390185087919e-04,7.841586135327816010e-03,5.954018328338861465e-03,-1.552301808260381222e-03,5.197905702516436577e-04,6.679756566882133484e-03
6.164995953440666199e-02,-4.491610080003738403e-02,-1.306901425123214722e-01,4.740023910999298096e-01,-3.130295872688293457e-01,3.335797041654586792e-02,3.747956082224845886e-02,-1.128187775611877441e-01,3.451794683933258057e-01,-2.307492047548294067e-01,1.862193923443555832e-03,7.162251044064760208e-03,-6.573987775482237339e-04,3.508621884975582361e-04,7.879756391048431396e-03,5.959944333881139755e-03,-8.998825214803218842e-04,4.995701601728796959e-04,6.703996099531650543e-03
6.232891231775283813e-02,-4.960843920707702637e-02,-1.249771788716316223e-01,4.667309820652008057e-01,-3.122789561748504639e-01,3.351302072405815125e-02,3.265736252069473267e-02,-1.130413264036178589e-01,3.528286814689636230e-01,-2.598273456096649170e-01,2.796469489112496376e-03,7.195906713604927063e-03,-6.205745739862322807e-04,3.529025416355580091e-04,7.915955036878585815e-03,5.961578804999589920e-03,-5.111313075758516788e-04,4.831558908335864544e-04,6.750832311809062958e-03
6.308518350124359131e-02,-5.436162650585174561e-02,-1.172876432538032532e-01,4.549946486949920654e-01,-3.092325031757354736e-01,3.364980965852737427e-02,2.793141268193721771e-02,-1.131350323557853699e-01,3.618884682655334473e-01,-2.895703315734863281e-01,3.384549869224429131e-03,7.217688951641321182e-03,-5.816983757540583611e-04,3.506946668494492769e-04,7.939125411212444305e-03,5.968621000647544861e-03,-4.315291298553347588e-04,4.674255033023655415e-04,6.781983654946088791e-03
6.357936561107635498e-02,-5.899960920214653015e-02,-1.077617630362510681e-01,4.391630589962005615e-01,-3.040840029716491699e-01,3.409541398286819458e-02,2.349480986595153809e-02,-1.133882403373718262e-01,3.747256100177764893e-01,-3.154638409614562988e-01,3.388128243386745453e-03,7.225334644317626953e-03,-5.503124557435512543e-04,3.481061139609664679e-04,7.958557456731796265e-03,5.973211955279111862e-03,-3.988359530922025442e-04,4.550393787212669849e-04,6.819112226366996765e-03
6.408616155385971069e-02,-6.340681016445159912e-02,-9.653035551309585571e-02,4.198595583438873291e-01,-2.971242368221282959e-01,3.597191348671913147e-02,1.921934448182582855e-02,-1.135746017098426819e-01,3.914522826671600342e-01,-3.347346484661102295e-01,3.274187911301851273e-03,7.226860150694847107e-03,-5.228827358223497868e-04,3.446509654168039560e-04,7.970875129103660583e-03,5.977958440780639648e-03,-3.711527097038924694e-04,4.449025145731866360e-04,6.857084110379219055e-03
6.344058364629745483e-02,-6.754963099956512451e-02,-8.435284346342086792e-02,3.981241881847381592e-01,-2.888475656509399414e-01,3.789705783128738403e-02,1.503327116370201111e-02,-1.139210313558578491e-01,4.118645787239074707e-01,-3.478533029556274414e-01,2.187328645959496498e-03,7.221585139632225037e-03,-5.037676892243325710e-04,3.413425001781433821e-04,7.913813926279544830e-03,5.978923290967941284e-03,-3.517779696267098188e-04,4.409799003042280674e-04,6.859953980892896652e-03
6.213127449154853821e-02,-7.173413038253784180e-02,-7.181518524885177612e-02,3.749822080135345459e-01,-2.796859145164489746e-01,3.985935449600219727e-02,1.051326282322406769e-02,-1.151253655552864075e-01,4.362379908561706543e-01,-3.582468628883361816e-01,8.649014635011553764e-04,7.214132230728864670e-03,-4.887803224846720695e-04,3.387262113392353058e-04,7.852266542613506317e-03,5.976934917271137238e-03,-3.343402931932359934e-04,4.371105751488357782e-04,6.799227558076381683e-03
6.088658794760704041e-02,-7.615092396736145020e-02,-5.964854359626770020e-02,3.517495393753051758e-01,-2.703022360801696777e-01,4.297374188899993896e-02,5.504535045474767685e-03,-1.173490285873413086e-01,4.632025659084320068e-01,-3.689428269863128662e-01,6.061283056624233723e-05,7.200587075203657150e-03,-4.769193765241652727e-04,3.373778017703443766e-04,7.732397876679897308e-03,5.966214928776025772e-03,-3.191948635503649712e-04,4.331528907641768456e-04,6.682902108877897263e-03
5.838808789849281311e-02,-8.081472665071487427e-02,-4.899303615093231201e-02,3.299867212772369385e-01,-2.614905238151550293e-01,4.628203809261322021e-02,9.410229540662840009e-05,-1.212646290659904480e-01,4.931448698043823242e-01,-3.800274431705474854e-01,-1.530809211544692516e-03,7.161302026361227036e-03,-4.661192069761455059e-04,3.357299137860536575e-04,7.506707683205604553e-03,5.956808570772409439e-03,-3.031943633686751127e-04,4.347720823716372252e-04,6.455213762819766998e-03
5.670684948563575745e-02,-8.583809435367584229e-02,-3.922997787594795227e-02,3.093524873256683350e-01,-2.531371712684631348e-01,5.083340406417846680e-02,-5.739628802984952927e-03,-1.274177134037017822e-01,5.253091454505920410e-01,-3.909986019134521484e-01,-1.786761917173862457e-03,7.144279312342405319e-03,-4.546315467450767756e-04,3.340726834721863270e-04,7.415021304041147232e-03,5.945655982941389084e-03,-2.878925588447600603e-04,4.302966117393225431e-04,6.330368109047412872e-03
5.509638041257858276e-02,-9.120167046785354614e-02,-3.008286468684673309e-02,2.896235287189483643e-01,-2.451871782541275024e-01,5.508404970169067383e-02,-1.198651175945997238e-02,-1.356980204582214355e-01,5.588709115982055664e-01,-4.014016091823577881e-01,-1.742090680636465549e-03,7.131743244826793671e-03,-4.390282847452908754e-04,3.310145693831145763e-04,7.322379853576421738e-03,5.940444767475128174e-03,-2.667439403012394905e-04,4.277238913346081972e-04,6.220625247806310654e-03
5.345993489027023315e-02,-9.688423573970794678e-02,-2.045680955052375793e-02,2.692906856536865234e-01,-2.369939535856246948e-01,5.727856233716011047e-02,-1.835488155484199524e-02,-1.464613974094390869e-01,5.943940877914428711e-01,-4.144983291625976562e-01,-1.576840761117637157e-03,7.127339951694011688e-03,-4.219757101964205503e-04,3.273719048593193293e-04,7.335077505558729172e-03,5.938514135777950287e-03,-2.442472032271325588e-04,4.227586905471980572e-04,6.202047225087881088e-03
5.273500457406044006e-02,-1.027027741074562073e-01,-1.065062731504440308e-02,2.491497844457626343e-01,-2.290197610855102539e-01,5.773159489035606384e-02,-2.445088699460029602e-02,-1.602138131856918335e-01,6.313150525093078613e-01,-4.281297326087951660e-01,-5.595478578470647335e-04,7.117177359759807587e-03,-4.050061106681823730e-04,3.248160937801003456e-04,7.273907773196697235e-03,5.928940605372190475e-03,-2.262899506604298949e-04,4.144309496041387320e-04,6.173856090754270554e-03
5.226630717515945435e-02,-1.086009144783020020e-01,-6.832579965703189373e-04,2.292493283748626709e-01,-2.212503701448440552e-01,5.762748047709465027e-02,-3.044316731393337250e-02,-1.761852353811264038e-01,6.684804558753967285e-01,-4.408737123012542725e-01,4.704087623395025730e-04,7.112450432032346725e-03,-3.837451222352683544e-04,3.218646743334829807e-04,7.256866432726383209e-03,5.911589600145816803e-03,-2.021761320065706968e-04,4.074992612004280090e-04,6.180986296385526657e-03
5.247787013649940491e-02,-1.145271584391593933e-01,9.981242939829826355e-03,2.086957842111587524e-01,-2.132908105850219727e-01,5.665659159421920776e-02,-3.595736995339393616e-02,-1.949280053377151489e-01,7.067040801048278809e-01,-4.527104198932647705e-01,1.866894657723605633e-03,7.104106713086366653e-03,-3.619040362536907196e-04,3.201737417839467525e-04,7.245484739542007446e-03,5.894617643207311630e-03,-1.791114773368462920e-04,3.958530433010309935e-04,6.201466079801321030e-03
5.245191603899002075e-02,-1.204271614551544189e-01,2.208470553159713745e-02,1.860497891902923584e-01,-2.043426781892776489e-01,5.248837172985076904e-02,-4.047443345189094543e-02,-2.160401046276092529e-01,7.446827292442321777e-01,-4.630792438983917236e-01,2.593628363683819771e-03,7.102966308593750000e-03,-3.382877621334046125e-04,3.163578803651034832e-04,7.261339575052261353e-03,5.886430852115154266e-03,-1.539166114525869489e-04,3.840286226477473974e-04,6.255970336496829987e-03
5.283483117818832397e-02,-1.259181350469589233e-01,3.447755426168441772e-02,1.630824357271194458e-01,-1.953025311231613159e-01,4.880258440971374512e-02,-4.350208863615989685e-02,-2.392387539148330688e-01,7.823513746261596680e-01,-4.733143746852874756e-01,3.385858610272407532e-03,7.092846091836690903e-03,-3.149984113406389952e-04,3.134412690997123718e-04,7.164897862821817398e-03,5.875134840607643127e-03,-1.307336933678016067e-04,3.719564992934465408e-04,6.285110022872686386e-03
5.220952257513999939e-02,-1.311305910348892212e-01,4.630924761295318604e-02,1.411235928535461426e-01,-1.866796761751174927e-01,4.264773428440093994e-02,-4.501426592469215393e-02,-2.645280361175537109e-01,8.197434544563293457e-01,-4.819595813751220703e-01,2.981830621138215065e-03,7.081896532326936722e-03,-2.984010207001119852e-04,3.093378036282956600e-04,7.109825033694505692e-03,5.868473555892705917e-03,-1.135549246100708842e-04,3.632292791735380888e-04,6.285287439823150635e-03
5.187587440013885498e-02,-1.360981613397598267e-01,5.684457719326019287e-02,1.215936094522476196e-01,-1.793230921030044556e-01,3.713249415159225464e-02,-4.533746093511581421e-02,-2.902950346469879150e-01,8.526296615600585938e-01,-4.894674122333526611e-01,2.936777193099260330e-03,7.060283794999122620e-03,-2.841728855855762959e-04,3.052531101275235415e-04,6.990098860114812851e-03,5.858332850039005280e-03,-9.849947673501446843e-05,3.510997339617460966e-04,6.273958366364240646e-03
5.168093740940093994e-02,-1.409941762685775757e-01,6.595075875520706177e-02,1.050373911857604980e-01,-1.734861880540847778e-01,3.003017976880073547e-02,-4.443049803376197815e-02,-3.161216378211975098e-01,8.787482380867004395e-01,-4.933391213417053223e-01,2.961549907922744751e-03,7.041883189231157303e-03,-2.703763893805444241e-04,2.994630194734781981e-04,6.929110269993543625e-03,5.847838241606950760e-03,-8.397430065087974072e-05,3.358142857905477285e-04,6.274024024605751038e-03
5.106642842292785645e-02,-1.458311676979064941e-01,7.469287514686584473e-02,9.010291844606399536e-02,-1.685187518596649170e-01,2.048772946000099182e-02,-4.203505069017410278e-02,-3.408353030681610107e-01,8.974413275718688965e-01,-4.955003261566162109e-01,2.484901109710335732e-03,7.030933164060115814e-03,-2.568880445323884487e-04,2.913071366492658854e-04,6.931032985448837280e-03,5.842440761625766754e-03,-6.983122875681146979e-05,3.229897120036184788e-04,6.309250835329294205e-03
5.106447264552116394e-02,-1.506454795598983765e-01,8.345963805913925171e-02,7.630047947168350220e-02,-1.643453538417816162e-01,1.037299446761608124e-02,-3.822993114590644836e-02,-3.638452291488647461e-01,9.083615541458129883e-01,-4.939750134944915771e-01,2.596623264253139496e-03,7.021581288427114487e-03,-2.426698774797841907e-04,2.841704990714788437e-04,6.941101979464292526e-03,5.832497030496597290e-03,-5.534319279831834137e-05,3.045931516680866480e-04,6.334574893116950989e-03
5.150702968239784241e-02,-1.554141044616699219e-01,9.259567409753799438e-02,6.291887909173965454e-02,-1.605952084064483643e-01,2.568806812632828951e-04,-3.288503736257553101e-02,-3.845427632331848145e-01,9.117096066474914551e-01,-4.885791242122650146e-01,2.839898224920034409e-03,7.025904953479766846e-03,-2.245117939310148358e-04,2.755433670245110989e-04,6.952953990548849106e-03,5.827428307384252548e-03,-3.703432957991026342e-05,2.848426811397075653e-04,6.373831536620855331e-03
5.162605270743370056e-02,-1.601227223873138428e-01,1.019363030791282654e-01,5.019190907478332520e-02,-1.573591679334640503e-01,-9.575492702424526215e-03,-2.610884793102741241e-02,-4.025617241859436035e-01,9.092719554901123047e-01,-4.811916649341583252e-01,2.559713320806622505e-03,7.018757052719593048e-03,-2.081284765154123306e-04,2.647906076163053513e-04,6.884262897074222565e-03,5.822564475238323212e-03,-2.047590533038601279e-05,2.686505322344601154e-04,6.396186072379350662e-03
5.114375799894332886e-02,-1.649132519960403442e-01,1.106454059481620789e-01,3.944859281182289124e-02,-1.551094204187393188e-01,-2.030392736196517944e-02,-1.818399131298065186e-02,-4.182164371013641357e-01,9.022225737571716309e-01,-4.705097973346710205e-01,1.708175521343946457e-03,7.009394932538270950e-03,-1.953778846655040979e-04,2.536997490096837282e-04,6.860752590000629425e-03,5.818878766149282455e-03,-7.085880952217848971e-06,2.511732454877346754e-04,6.401837337762117386e-03
5.113901942968368530e-02,-1.697222143411636353e-01,1.190516874194145203e-01,3.006455674767494202e-02,-1.537488102912902832e-01,-2.928146719932556152e-02,-9.491619653999805450e-03,-4.310021698474884033e-01,8.905639648437500000e-01,-4.583453536033630371e-01,1.442417968064546585e-03,7.004208397120237350e-03,-1.813590788515284657e-04,2.418972144369035959e-04,6.838311441242694855e-03,5.815411452203989029e-03,7.480740350729320198e-06,2.322571963304653764e-04,6.423163227736949921e-03
5.068449303507804871e-02,-1.745259612798690796e-01,1.273687928915023804e-01,2.155802212655544281e-02,-1.529460549354553223e-01,-3.983126208186149597e-02,6.793662323616445065e-04,-4.409755170345306396e-01,8.746633529663085938e-01,-4.437260031700134277e-01,8.209260995499789715e-04,7.000950165092945099e-03,-1.691049546934664249e-04,2.298855542903766036e-04,6.822341587394475937e-03,5.818334873765707016e-03,2.036778823821805418e-05,2.126356703229248524e-04,6.438373122364282608e-03
5.073973163962364197e-02,-1.793814897537231445e-01,1.363715380430221558e-01,1.221667975187301636e-02,-1.519121676683425903e-01,-4.978432506322860718e-02,1.162403728812932968e-02,-4.480669200420379639e-01,8.547433614730834961e-01,-4.276670813560485840e-01,8.062354754656553268e-04,7.010133471339941025e-03,-1.537960924906656146e-04,2.175784466089680791e-04,6.791912484914064407e-03,5.818094126880168915e-03,3.481636667856946588e-05,1.894151064334437251e-04,6.442924961447715759e-03
5.102652683854103088e-02,-1.842136085033416748e-01,1.452523469924926758e-01,2.994064707309007645e-03,-1.510060280561447144e-01,-5.589045584201812744e-02,2.204706333577632904e-02,-4.516544044017791748e-01,8.308379054069519043e-01,-4.098576903343200684e-01,9.276500204578042030e-04,7.019856944680213928e-03,-1.356220600428059697e-04,2.037761732935905457e-04,6.742272991687059402e-03,5.817516706883907318e-03,5.226040229899808764e-05,1.652419159654527903e-04,6.448409985750913620e-03
5.102986842393875122e-02,-1.889349967241287231e-01,1.539931148290634155e-01,-6.105892360210418701e-03,-1.502110064029693604e-01,-6.116016581654548645e-02,3.280067816376686096e-02,-4.525077939033508301e-01,8.045700192451477051e-01,-3.903129994869232178e-01,8.298694156110286713e-04,7.026746403425931931e-03,-1.227590691996738315e-04,1.896278845379129052e-04,6.693182978779077530e-03,5.821488332003355026e-03,6.616771133849397302e-05,1.418811007170006633e-04,6.456890143454074860e-03
5.099597200751304626e-02,-1.937121152877807617e-01,1.622159183025360107e-01,-1.478630863130092621e-02,-1.496411263942718506e-01,-6.572607904672622681e-02,4.371195286512374878e-02,-4.512203335762023926e-01,7.758243680000305176e-01,-3.682719767093658447e-01,8.142134756781160831e-04,7.038236130028963089e-03,-1.077276465366594493e-04,1.721855369396507740e-04,6.639112252742052078e-03,5.824915133416652679e-03,8.201787568395957351e-05,1.175534271169453859e-04,6.427816580981016159e-03
5.070610344409942627e-02,-1.987989395856857300e-01,1.705424040555953979e-01,-2.418962307274341583e-02,-1.487225890159606934e-01,-7.058272510766983032e-02,5.444980040192604065e-02,-4.480754137039184570e-01,7.457031011581420898e-01,-3.487326800823211670e-01,6.417910917662084103e-04,7.052335888147354126e-03,-9.456167754251509905e-05,1.543586404295638204e-04,6.614228244870901108e-03,5.828682333230972290e-03,9.607653191778808832e-05,9.408049663761630654e-05,6.391922011971473694e-03
5.068105459213256836e-02,-2.042627334594726562e-01,1.782252639532089233e-01,-3.246424347162246704e-02,-1.484904736280441284e-01,-7.335179299116134644e-02,6.395375728607177734e-02,-4.424447417259216309e-01,7.136793136596679688e-01,-3.270624876022338867e-01,7.456238963641226292e-04,7.069848012179136276e-03,-7.885952072683721781e-05,1.359374582534655929e-04,6.602536886930465698e-03,5.831027869135141373e-03,1.120821762015111744e-04,6.832442159065976739e-05,6.371753755956888199e-03
4.994239285588264465e-02,-2.101348042488098145e-01,1.842440515756607056e-01,-3.721307218074798584e-02,-1.500666439533233643e-01,-7.462827861309051514e-02,7.169120758771896362e-02,-4.341496527194976807e-01,6.813961863517761230e-01,-3.042767643928527832e-01,1.515893382020294666e-04,7.075545378029346466e-03,-6.620613567065447569e-05,1.152271797764115036e-04,6.631840951740741730e-03,5.837929435074329376e-03,1.253206719411537051e-04,4.666299355449154973e-05,6.361258216202259064e-03
4.866246134042739868e-02,-2.163118571043014526e-01,1.888868361711502075e-01,-3.862570598721504211e-02,-1.534550487995147705e-01,-7.515636831521987915e-02,7.784438133239746094e-02,-4.230484664440155029e-01,6.482575535774230957e-01,-2.796891629695892334e-01,-7.559446385130286217e-04,7.077268324792385101e-03,-5.732228601118549705e-05,9.427398617845028639e-05,6.657429505139589310e-03,5.853834096342325211e-03,1.354143460048362613e-04,2.463552664266899228e-05,6.352806929498910904e-03
4.750136658549308777e-02,-2.225529551506042480e-01,1.919603645801544189e-01,-3.590772300958633423e-02,-1.591515392065048218e-01,-7.509923726320266724e-02,8.298669755458831787e-02,-4.092094302177429199e-01,6.143727302551269531e-01,-2.559710741043090820e-01,-1.277680508792400360e-03,7.078612223267555237e-03,-5.053119093645364046e-05,7.270505739143118262e-05,6.680469959974288940e-03,5.869360640645027161e-03,1.433245633961632848e-04,2.915844561357516795e-06,6.372987292706966400e-03
4.602424800395965576e-02,-2.286038249731063843e-01,1.929805129766464233e-01,-2.795257605612277985e-02,-1.676847636699676514e-01,-7.387936860322952271e-02,8.685015887022018433e-02,-3.921983540058135986e-01,5.792853832244873047e-01,-2.320162057876586914e-01,-1.872088992968201637e-03,7.082297932356595993e-03,-4.478036498767323792e-05,4.921347135677933693e-05,6.689348258078098297e-03,5.886594764888286591e-03,1.502311934018507600e-04,-1.785885251592844725e-05,6.399199832230806351e-03
4.490632936358451843e-02,-2.342508882284164429e-01,1.931952685117721558e-01,-1.692947186529636383e-02,-1.780717670917510986e-01,-6.987632066011428833e-02,8.907526731491088867e-02,-3.724062144756317139e-01,5.437185168266296387e-01,-2.089572697877883911e-01,-1.890749786980450153e-03,7.082710508257150650e-03,-3.898945578839629889e-05,2.678043711057398468e-05,6.690730340778827667e-03,5.899794399738311768e-03,1.572535111336037517e-04,-4.064398308400996029e-05,6.427908781915903091e-03
4.390296339988708496e-02,-2.394985109567642212e-01,1.932840794324874878e-01,-3.393713384866714478e-03,-1.901142150163650513e-01,-6.523725390434265137e-02,8.976413309574127197e-02,-3.497923910617828369e-01,5.071366429328918457e-01,-1.868726611137390137e-01,-1.842162106186151505e-03,7.082506548613309860e-03,-3.449274299782700837e-05,6.558574114023940638e-06,6.704268511384725571e-03,5.912285763770341873e-03,1.631554187042638659e-04,-6.424512685043737292e-05,6.461476441472768784e-03
4.321601614356040955e-02,-2.441261857748031616e-01,1.931758821010589600e-01,1.343447715044021606e-02,-2.042172551155090332e-01,-6.176274269819259644e-02,8.843685686588287354e-02,-3.261505067348480225e-01,4.721502363681793213e-01,-1.548365503549575806e-01,-1.691540819592773914e-03,7.076710928231477737e-03,-6.568151002284139395e-05,-9.241832231055013835e-06,6.712219212204217911e-03,5.926051177084445953e-03,1.463623193558305502e-04,-8.304222137667238712e-05,6.540428847074508667e-03
4.061429575085639954e-02,-2.419435083866119385e-01,1.912903040647506714e-01,3.265392407774925232e-02,-2.243329435586929321e-01,-6.291115283966064453e-02,8.785741776227951050e-02,-3.183283805847167969e-01,4.717413485050201416e-01,-1.528951525688171387e-01,-7.676719687879085541e-04,6.950987502932548523e-03,-4.944839165546000004e-04,3.172432843712158501e-05,6.775163114070892334e-03,5.937843583524227142e-03,8.993585652206093073e-05,-6.053458128008060157e-05,8.730712346732616425e-03
3.146005421876907349e-02,-2.315661609172821045e-01,1.862383633852005005e-01,5.361132323741912842e-02,-2.435698658227920532e-01,-6.407104432582855225e-02,9.146737307310104370e-02,-3.054714202880859375e-01,4.610449969768524170e-01,-1.532502919435501099e-01,-7.408630917780101299e-04,6.937505211681127548e-03,-7.573527400381863117e-04,3.819781704805791378e-05,6.872218567878007889e-03,5.954157095402479172e-03,5.215073178987950087e-05,-4.396089207148179412e-05,9.217393584549427032e-03
1.991263777017593384e-02,-2.167228460311889648e-01,1.791023313999176025e-01,7.785414904356002808e-02,-2.590488493442535400e-01,-6.514057517051696777e-02,9.637597948312759399e-02,-2.875904738903045654e-01,4.395827949047088623e-01,-1.477000266313552856e-01,-5.961978458799421787e-04,6.936479359865188599e-03,-7.932900916785001755e-04,4.509784776018932462e-05,6.961507257074117661e-03,5.955743603408336639e-03,1.900187271530739963e-05,-3.257650314480997622e-05,9.281757287681102753e-03
6.027733441442251205e-03,-1.993563920259475708e-01,1.702672392129898071e-01,1.052582338452339172e-01,-2.688880860805511475e-01,-6.645049154758453369e-02,1.012568771839141846e-01,-2.660284638404846191e-01,4.105605781078338623e-01,-1.382308900356292725e-01,-6.932353135198354721e-04,6.936165038496255875e-03,-8.285397780127823353e-04,5.277531454339623451e-05,7.047337014228105545e-03,5.946545861661434174e-03,-1.407756735716247931e-05,-2.108423359459266067e-05,9.252275340259075165e-03
-9.901748970150947571e-03,-1.806486696004867554e-01,1.599047780036926270e-01,1.354569196701049805e-01,-2.757482528686523438e-01,-6.786662340164184570e-02,1.052398756146430969e-01,-2.418951094150543213e-01,3.761748969554901123e-01,-1.259366720914840698e-01,-8.859416120685636997e-04,6.934511940926313400e-03,-8.609099313616752625e-04,6.130322435637935996e-05,7.138394750654697418e-03,5.922839511185884476e-03,-4.758431896334514022e-05,-1.084110317606246099e-05,9.089353494346141815e-03
-2.478968724608421326e-02,-1.608907282352447510e-01,1.478006541728973389e-01,1.682585179805755615e-01,-2.815915942192077637e-01,-6.854189932346343994e-02,1.079644858837127686e-01,-2.167388051748275757e-01,3.390168845653533936e-01,-1.119964495301246643e-01,-5.168086499907076359e-04,6.931038107722997665e-03,-8.811844745650887489e-04,7.017079042270779610e-05,7.101652212440967560e-03,5.866395775228738785e-03,-6.611143180634826422e-05,-4.765506673720665276e-06,8.619566448032855988e-03
-3.712628036737442017e-02,-1.397445648908615112e-01,1.338597089052200317e-01,2.027068883180618286e-01,-2.856919765472412109e-01,-6.897201389074325562e-02,1.095971837639808655e-01,-1.913066059350967407e-01,3.007292747497558594e-01,-9.731259942054748535e-02,-2.446341677568852901e-04,6.919840350747108459e-03,-8.975255768746137619e-04,8.247740333899855614e-05,7.047442253679037094e-03,5.746766459196805954e-03,-8.284798241220414639e-05,1.178417960545630194e-06,7.914653047919273376e-03
-4.680932685732841492e-02,-1.174382939934730530e-01,1.173947229981422424e-01,2.388705909252166748e-01,-2.915857136249542236e-01,-6.910541653633117676e-02,1.101579442620277405e-01,-1.669076234102249146e-01,2.632408142089843750e-01,-8.274450898170471191e-02,3.688460492412559688e-05,6.906398572027683258e-03,-9.110614191740751266e-04,9.524912456981837749e-05,6.952039431780576706e-03,5.722097586840391159e-03,-9.345089347334578633e-05,8.012751095520798117e-06,6.667271722108125687e-03
-5.410799011588096619e-02,-9.439626336097717285e-02,9.772580862045288086e-02,2.767480611801147461e-01,-3.010650575160980225e-01,-6.959175318479537964e-02,1.096581742167472839e-01,-1.437413841485977173e-01,2.266642749309539795e-01,-6.839703768491744995e-02,-2.411877940176054835e-04,6.888780277222394943e-03,-9.345728904008865356e-04,1.138252409873530269e-04,6.895473226904869080e-03,5.707354750484228134e-03,-1.155387581093236804e-04,1.984917435038369149e-05,5.612220149487257004e-03
-5.801646783947944641e-02,-7.138596475124359131e-02,7.486545294523239136e-02,3.154166638851165771e-01,-3.099737465381622314e-01,-6.953146308660507202e-02,1.080807298421859741e-01,-1.216205954551696777e-01,1.903775632381439209e-01,-5.388053506612777710e-02,-7.886705134296789765e-05,6.875887047499418259e-03,-9.550511022098362446e-04,1.320688752457499504e-04,6.841205060482025146e-03,5.694102495908737183e-03,-1.353065745206549764e-04,3.139001273666508496e-05,4.913609009236097336e-03
-5.906315147876739502e-02,-4.917823523283004761e-02,4.818182811141014099e-02,3.550943434238433838e-01,-3.192952573299407959e-01,-6.918939203023910522e-02,1.054245978593826294e-01,-1.021435260772705078e-01,1.570830047130584717e-01,-4.047096520662307739e-02,9.065079211723059416e-06,6.856897845864295959e-03,-9.744244161993265152e-04,1.514675968792289495e-04,6.749155931174755096e-03,5.680349189788103104e-03,-1.559252996230497956e-04,4.167685256106778979e-05,4.165331833064556122e-03
-5.643997713923454285e-02,-2.770687080919742584e-02,1.786476746201515198e-02,3.949816524982452393e-01,-3.290766775608062744e-01,-6.874027103185653687e-02,1.020785495638847351e-01,-8.633718639612197876e-02,1.291322857141494751e-01,-2.940534427762031555e-02,2.457619848428294063e-05,6.830829661339521408e-03,-9.961928008124232292e-04,1.717389823170378804e-04,6.604572758078575134e-03,5.667525343596935272e-03,-1.834407303249463439e-04,5.137389234732836485e-05,3.810712601989507675e-03
-5.121805891394615173e-02,-7.234618999063968658e-03,-1.570166274905204773e-02,4.355931580066680908e-01,-3.405663371086120605e-01,-6.810586899518966675e-02,9.829423576593399048e-02,-7.383637130260467529e-02,1.064698547124862671e-01,-2.077896147966384888e-02,1.070772414095699787e-04,6.812222301959991455e-03,-1.022342476062476635e-03,1.923032396007329226e-04,6.539842113852500916e-03,5.661189556121826172e-03,-2.196909772465005517e-04,6.378874240908771753e-05,3.835495561361312866e-03
-4.338466003537178040e-02,1.212947256863117218e-02,-5.154175311326980591e-02,4.762187302112579346e-01,-3.553991019725799561e-01,-6.746176630258560181e-02,9.432044625282287598e-02,-6.394667923450469971e-02,8.880025148391723633e-02,-1.459818985313177109e-02,9.398883412359282374e-05,6.786166690289974213e-03,-1.061191665939986706e-03,2.144444151781499386e-04,6.501802708953619003e-03,5.659108050167560577e-03,-2.742584038060158491e-04,6.593279977096244693e-05,3.969048149883747101e-03
-3.169652447104454041e-02,3.052525222301483154e-02,-8.922042697668075562e-02,5.169249773025512695e-01,-3.723125159740447998e-01,-6.639017164707183838e-02,9.047189354896545410e-02,-5.600243434309959412e-02,7.546617835760116577e-02,-1.058347243815660477e-02,4.391157126519829035e-04,6.772434338927268982e-03,-1.130345743149518967e-03,2.360682410653680563e-04,6.464683450758457184e-03,5.659645888954401016e-03,-3.393226652406156063e-04,7.197110244305804372e-05,4.145962651818990707e-03
-1.913822069764137268e-02,4.780985414981842041e-02,-1.270464807748794556e-01,5.544705986976623535e-01,-3.886800110340118408e-01,-6.558039784431457520e-02,8.677181601524353027e-02,-4.987819492816925049e-02,6.657890975475311279e-02,-8.896443992853164673e-03,3.935973218176513910e-04,6.747099105268716812e-03,-1.204572152346372604e-03,2.582715824246406555e-04,6.452895235270261765e-03,5.659356247633695602e-03,-4.073285090271383524e-04,5.119073466630652547e-05,4.331088624894618988e-03
-7.345729973167181015e-03,6.351985037326812744e-02,-1.642310768365859985e-01,5.892681479454040527e-01,-4.042382240295410156e-01,-6.539326906204223633e-02,8.310753107070922852e-02,-4.511502012610435486e-02,6.161792203783988953e-02,-9.363799355924129486e-03,-1.077853739843703806e-04,6.704576779156923294e-03,-1.281044795177876949e-03,2.790825383272022009e-04,6.466079968959093094e-03,5.655265413224697113e-03,-4.954471369273960590e-04,-7.958251808304339647e-05,4.517291206866502762e-03
6.291803903877735138e-03,7.678779959678649902e-02,-1.996740400791168213e-01,6.193864941596984863e-01,-4.202254414558410645e-01,-6.479267030954360962e-02,7.919768244028091431e-02,-4.199398681521415710e-02,6.119469925761222839e-02,-1.220080349594354630e-02,-1.120852321037091315e-04,6.693589966744184494e-03,-1.329057384282350540e-03,3.031179658137261868e-04,6.502698175609111786e-03,5.651330575346946716e-03,-5.665612989105284214e-04,-1.256867835763841867e-04,4.674714989960193634e-03
1.979311928153038025e-02,8.724873512983322144e-02,-2.324029654264450073e-01,6.430944204330444336e-01,-4.337114691734313965e-01,-6.442765891551971436e-02,7.488013058900833130e-02,-4.045748710632324219e-02,6.506457924842834473e-02,-1.735324598848819733e-02,-2.832733734976500273e-04,6.680828984826803207e-03,-1.377524342387914658e-03,3.272799367550760508e-04,6.534213665872812271e-03,5.647141486406326294e-03,-6.336739752441644669e-04,-1.716027472866699100e-04,4.799134563654661179e-03
3.097465261816978455e-02,9.482584893703460693e-02,-2.616052329540252686e-01,6.602461338043212891e-01,-4.442567825317382812e-01,-6.429938226938247681e-02,7.004918903112411499e-02,-4.014549404382705688e-02,7.202389091253280640e-02,-2.416135184466838837e-02,-5.201820167712867260e-04,6.667166482657194138e-03,-1.431135111488401890e-03,3.507886431179940701e-04,6.562878377735614777e-03,5.643025506287813187e-03,-7.159454980865120888e-04,-2.725512604229152203e-04,4.888018127530813217e-03
4.083054140210151672e-02,9.944045543670654297e-02,-2.875668704509735107e-01,6.727405190467834473e-01,-4.551654160022735596e-01,-6.431762874126434326e-02,6.489573419094085693e-02,-4.017058759927749634e-02,8.056070655584335327e-02,-3.190932795405387878e-02,-7.158163934946060181e-04,6.642555352300405502e-03,-1.492364564910531044e-03,3.743382985703647137e-04,6.580706220120191574e-03,5.645045544952154160e-03,-8.983128354884684086e-04,-2.812728343997150660e-04,5.001127719879150391e-03
4.974924400448799133e-02,1.011124402284622192e-01,-3.099923431873321533e-01,6.798108220100402832e-01,-4.636713862419128418e-01,-6.467045843601226807e-02,5.962355807423591614e-02,-4.047248512506484985e-02,9.064356237649917603e-02,-4.058918356895446777e-02,-1.018319977447390556e-03,6.608357187360525131e-03,-1.556908595375716686e-03,3.952411643695086241e-04,6.589309778064489365e-03,5.654801148921251297e-03,-1.175953657366335392e-03,-2.805319672916084528e-04,5.113790277391672134e-03
6.085626035928726196e-02,9.992478787899017334e-02,-3.298850655555725098e-01,6.828138828277587891e-01,-4.693588018417358398e-01,-6.501228362321853638e-02,5.469795688986778259e-02,-4.069053754210472107e-02,1.014897003769874573e-01,-4.980697855353355408e-02,-1.114047830924391747e-03,6.562784314155578613e-03,-1.626634155400097370e-03,4.134979681111872196e-04,6.546994205564260483e-03,5.680952686816453934e-03,-1.523264800198376179e-03,-2.736072347033768892e-04,5.232559517025947571e-03
6.957523524761199951e-02,9.696229547262191772e-02,-3.460033237934112549e-01,6.807985305786132812e-01,-4.705888032913208008e-01,-6.605028361082077026e-02,5.036578327417373657e-02,-4.247139394283294678e-02,1.155753508210182190e-01,-6.071308255195617676e-02,-1.623269286938011646e-03,6.468373816460371017e-03,-1.704220892861485481e-03,4.221432609483599663e-04,6.410997826606035233e-03,5.706876982003450394e-03,-1.920909853652119637e-03,-2.721938653849065304e-04,5.298513919115066528e-03
7.857805490493774414e-02,9.183101356029510498e-02,-3.585211634635925293e-01,6.754391789436340332e-01,-4.678224623203277588e-01,-6.662373989820480347e-02,4.661703109741210938e-02,-4.479360207915306091e-02,1.308161616325378418e-01,-7.222441583871841431e-02,-1.515023061074316502e-03,6.437552627176046371e-03,-1.763571286574006081e-03,4.394906864035874605e-04,6.363028194755315781e-03,5.735288374125957489e-03,-2.268866635859012604e-03,-2.722224453464150429e-04,5.378967616707086563e-03
8.568277955055236816e-02,8.451635390520095825e-02,-3.669352531433105469e-01,6.673775911331176758e-01,-4.626470506191253662e-01,-6.755835562944412231e-02,4.318086430430412292e-02,-4.741659760475158691e-02,1.467433422803878784e-01,-8.414916694164276123e-02,-1.647504395805299282e-03,6.401821505278348923e-03,-1.827497035264968872e-03,4.572745820041745901e-04,6.339674815535545349e-03,5.759393330663442612e-03,-2.552341204136610031e-03,-2.798089990392327309e-04,5.430647172033786774e-03
9.012494981288909912e-02,7.519923150539398193e-02,-3.717414438724517822e-01,6.592658758163452148e-01,-4.540600776672363281e-01,-6.904956698417663574e-02,4.004348814487457275e-02,-5.062929168343544006e-02,1.638512909412384033e-01,-9.673672914505004883e-02,-2.014874713495373726e-03,6.321594119071960449e-03,-1.903519500046968460e-03,4.669854824896901846e-04,6.296099629253149033e-03,5.791775882244110107e-03,-2.816349966451525688e-03,-2.887195150833576918e-04,5.473161581903696060e-03
9.159933775663375854e-02,6.453920155763626099e-02,-3.729823529720306396e-01,6.522086858749389648e-01,-4.419983923435211182e-01,-7.066010683774948120e-02,3.731577470898628235e-02,-5.453971400856971741e-02,1.821771860122680664e-01,-1.099434494972229004e-01,-2.186766359955072403e-03,6.249487865716218948e-03,-1.984318019822239876e-03,4.738644638564437628e-04,6.226738914847373962e-03,5.819793790578842163e-03,-3.039546310901641846e-03,-2.971596550196409225e-04,5.498014390468597412e-03
9.166464954614639282e-02,5.282241851091384888e-02,-3.720114529132843018e-01,6.450585126876831055e-01,-4.258339405059814453e-01,-7.255531102418899536e-02,3.529915958642959595e-02,-5.952528491616249084e-02,2.017403841018676758e-01,-1.237232908606529236e-01,-2.406927989795804024e-03,6.192352157086133957e-03,-2.058739541098475456e-03,4.832673876080662012e-04,6.031761877238750458e-03,5.884957965463399887e-03,-3.186126938089728355e-03,-2.974461531266570091e-04,5.485777743160724640e-03
9.196960926055908203e-02,4.061297327280044556e-02,-3.682580888271331787e-01,6.348445415496826172e-01,-4.086951017379760742e-01,-7.394529879093170166e-02,3.413447737693786621e-02,-6.612619757652282715e-02,2.235613614320755005e-01,-1.385134905576705933e-01,-2.021378139033913612e-03,6.168290507048368454e-03,-2.102819271385669708e-03,4.990319139324128628e-04,5.817362572997808456e-03,5.919897463172674179e-03,-3.230050439015030861e-03,-2.915391814894974232e-04,5.489597097039222717e-03
9.219069778919219971e-02,2.806218154728412628e-02,-3.611747026443481445e-01,6.210294365882873535e-01,-3.912542462348937988e-01,-7.534714043140411377e-02,3.364052250981330872e-02,-7.376606762409210205e-02,2.474267631769180298e-01,-1.543742269277572632e-01,-1.747766858898103237e-03,6.150366738438606262e-03,-2.138146199285984039e-03,5.166946211829781532e-04,5.751922726631164551e-03,5.929974373430013657e-03,-3.252220107242465019e-03,-2.836677012965083122e-04,5.492005031555891037e-03
9.440785646438598633e-02,1.539366692304611206e-02,-3.511447310447692871e-01,6.055041551589965820e-01,-3.721373677253723145e-01,-7.564399391412734985e-02,3.375762328505516052e-02,-8.208271116018295288e-02,2.730211019515991211e-01,-1.711118668317794800e-01,-4.966662381775677204e-04,6.149706896394491196e-03,-2.161064650863409042e-03,5.353440064936876297e-04,5.691632628440856934e-03,5.919646006077528000e-03,-3.263800404965877533e-03,-2.782275259960442781e-04,5.507530178874731064e-03
9.449780732393264771e-02,4.031103570014238358e-03,-3.383699953556060791e-01,5.881018638610839844e-01,-3.511255979537963867e-01,-7.643114030361175537e-02,3.461048379540443420e-02,-9.055445343255996704e-02,2.995415627956390381e-01,-1.884872317314147949e-01,7.908643055998254567e-06,6.135172676295042038e-03,-2.189027611166238785e-03,5.493328208103775978e-04,5.571704823523759842e-03,5.917834583669900894e-03,-3.276810050010681152e-03,-2.735159359872341156e-04,5.529752001166343689e-03
9.602123498916625977e-02,-6.537328008562326431e-03,-3.241385817527770996e-01,5.695442557334899902e-01,-3.304513394832611084e-01,-7.682990282773971558e-02,3.611295297741889954e-02,-9.960848838090896606e-02,3.275806605815887451e-01,-2.066991627216339111e-01,6.692332099191844463e-04,6.129538640379905701e-03,-2.205125056207180023e-03,5.620922311209142208e-04,5.474609322845935822e-03,5.901163443922996521e-03,-3.283180296421051025e-03,-2.698299067560583353e-04,5.506230052560567856e-03
9.865083545446395874e-02,-1.617266982793807983e-02,-3.088063895702362061e-01,5.488985776901245117e-01,-3.096436858177185059e-01,-7.775416225194931030e-02,3.823331370949745178e-02,-1.084578409790992737e-01,3.560419976711273193e-01,-2.253375500440597534e-01,6.301649264059960842e-04,6.115627009421586990e-03,-2.229635370895266533e-03,5.730013945139944553e-04,5.421485286206007004e-03,5.910311359912157059e-03,-3.297596238553524017e-03,-2.635125420056283474e-04,5.527963396161794662e-03
1.015244349837303162e-01,-2.381417527794837952e-02,-2.931061387062072754e-01,5.261284112930297852e-01,-2.869679331779479980e-01,-7.880496978759765625e-02,4.103504121303558350e-02,-1.174890026450157166e-01,3.852557837963104248e-01,-2.444742769002914429e-01,4.340901505202054977e-04,6.077964790165424347e-03,-2.244974719360470772e-03,5.850717425346374512e-04,5.268938373774290085e-03,5.890928208827972412e-03,-3.306725760921835899e-03,-2.620745799504220486e-04,5.500876810401678085e-03
1.037138551473617554e-01,-2.118150703608989716e-02,-2.873207926750183105e-01,5.147997736930847168e-01,-2.210727781057357788e-01,-7.736393064260482788e-02,4.302988573908805847e-02,-1.257144808769226074e-01,4.127213954925537109e-01,-2.625637054443359375e-01,2.440713811665773392e-03,6.074917037039995193e-03,-2.130743814632296562e-03,5.866469582542777061e-04,5.724191665649414062e-03,5.845297593623399734e-03,-2.830589190125465393e-03,-2.792314335238188505e-04,5.541775375604629517e-03
1.045731008052825928e-01,-2.235469967126846313e-02,-2.881934940814971924e-01,5.310365557670593262e-01,-2.212079018354415894e-01,-7.785638421773910522e-02,4.074166342616081238e-02,-1.284302175045013428e-01,4.351731538772583008e-01,-2.882914543151855469e-01,2.588975476101040840e-03,6.177850533276796341e-03,-1.975401537492871284e-03,5.846846033819019794e-04,9.196509607136249542e-03,5.776831414550542831e-03,-1.567641971632838249e-03,-3.312193148303776979e-04,7.370510138571262360e-03
1.061782389879226685e-01,-2.639885991811752319e-02,-2.834862470626831055e-01,5.402576327323913574e-01,-2.316340357065200806e-01,-7.651428133249282837e-02,3.524111583828926086e-02,-1.292329430580139160e-01,4.558202326297760010e-01,-3.194373548030853271e-01,3.458671038970351219e-03,6.215844769030809402e-03,-1.903624157421290874e-03,5.893706693314015865e-04,9.689113125205039978e-03,5.790298338979482651e-03,-1.464599772589281201e-04,-3.469395742285996675e-04,7.498616818338632584e-03
1.076721549034118652e-01,-3.140399977564811707e-02,-2.752317190170288086e-01,5.393380522727966309e-01,-2.366208583116531372e-01,-7.218025624752044678e-02,2.842534705996513367e-02,-1.305881738662719727e-01,4.786256849765777588e-01,-3.460161089897155762e-01,3.739132545888423920e-03,6.214942317456007004e-03,-1.846354221925139427e-03,5.951662897132337093e-04,9.684217162430286407e-03,5.792736075818538666e-03,7.963072275742888451e-04,-3.535620053298771381e-04,7.526086177676916122e-03
1.092058941721916199e-01,-3.634599968791007996e-02,-2.645338475704193115e-01,5.309627056121826172e-01,-2.374787330627441406e-01,-6.246397644281387329e-02,2.122730389237403870e-02,-1.311857402324676514e-01,5.039002299308776855e-01,-3.669399917125701904e-01,3.796478733420372009e-03,6.208329461514949799e-03,-1.795882708393037319e-03,5.999830900691449642e-04,9.684527292847633362e-03,5.797179415822029114e-03,1.060383510775864124e-03,-3.605694801080971956e-04,7.557625882327556610e-03
1.099935472011566162e-01,-4.064816609025001526e-02,-2.527079284191131592e-01,5.174384117126464844e-01,-2.352186888456344604e-01,-4.963875561952590942e-02,1.442463509738445282e-02,-1.314564198255538940e-01,5.326598882675170898e-01,-3.848991096019744873e-01,3.213207237422466278e-03,6.190278101712465286e-03,-1.761174877174198627e-03,6.040762527845799923e-04,9.648743085563182831e-03,5.795677192509174347e-03,1.089321216568350792e-03,-3.661416703835129738e-04,7.586035411804914474e-03
1.101368516683578491e-01,-4.438901320099830627e-02,-2.408257722854614258e-01,5.008065104484558105e-01,-2.308726012706756592e-01,-3.518884629011154175e-02,7.803930900990962982e-03,-1.315902769565582275e-01,5.622423291206359863e-01,-3.991099596023559570e-01,2.479530638083815575e-03,6.166297011077404022e-03,-1.735368743538856506e-03,6.071861134842038155e-04,9.546769782900810242e-03,5.787596572190523148e-03,1.113824546337127686e-03,-3.713943297043442726e-04,7.580862380564212799e-03
1.101569458842277527e-01,-4.785689339041709900e-02,-2.293802350759506226e-01,4.828548729419708252e-01,-2.255204021930694580e-01,-2.140984870493412018e-02,9.351425687782466412e-04,-1.317175328731536865e-01,5.902581214904785156e-01,-4.090133309364318848e-01,2.058715559542179108e-03,6.136338226497173309e-03,-1.714531797915697098e-03,6.108821253292262554e-04,9.399255737662315369e-03,5.774158984422683716e-03,1.133956597186625004e-03,-3.794074582401663065e-04,7.542363833636045456e-03
1.100110337138175964e-01,-5.102494731545448303e-02,-2.189187258481979370e-01,4.648717045783996582e-01,-2.198299616575241089e-01,-9.007857181131839752e-03,-6.002256181091070175e-03,-1.319086253643035889e-01,6.149486303329467773e-01,-4.145082533359527588e-01,1.778293401002883911e-03,6.107915658503770828e-03,-1.693275989964604378e-03,6.130915135145187378e-04,9.091194719076156616e-03,5.759842693805694580e-03,1.156234298832714558e-03,-3.876954433508217335e-04,7.484177127480506897e-03
1.094397604465484619e-01,-5.397940427064895630e-02,-2.095542997121810913e-01,4.472594559192657471e-01,-2.140084654092788696e-01,1.508340006694197655e-03,-1.299124490469694138e-02,-1.321074515581130981e-01,6.347591876983642578e-01,-4.221484065055847168e-01,1.369464909657835960e-03,6.083025597035884857e-03,-1.672942889854311943e-03,6.142338970676064491e-04,8.830930106341838837e-03,5.745312198996543884e-03,1.179185928776860237e-03,-3.951342077925801277e-04,7.403485476970672607e-03
1.083577722311019897e-01,-5.695483833551406860e-02,-2.009858191013336182e-01,4.298239350318908691e-01,-2.079948633909225464e-01,1.012363657355308533e-02,-2.000389434397220612e-02,-1.329181939363479614e-01,6.501861810684204102e-01,-4.283205866813659668e-01,7.638594834133982658e-04,6.065807770937681198e-03,-1.651512458920478821e-03,6.139747565612196922e-04,8.683583699166774750e-03,5.732757970690727234e-03,1.205654349178075790e-03,-4.008083196822553873e-04,7.305922452360391617e-03
1.081000640988349915e-01,-5.998056381940841675e-02,-1.926153898239135742e-01,4.122140705585479736e-01,-2.018344253301620483e-01,1.959151774644851685e-02,-2.658883668482303619e-02,-1.347951591014862061e-01,6.629443168640136719e-01,-4.330334663391113281e-01,1.087820855900645256e-03,6.051918957382440567e-03,-1.621022238396108150e-03,6.136239971965551376e-04,8.589659817516803741e-03,5.718553904443979263e-03,1.237649586983025074e-03,-4.125949344597756863e-04,7.250465918332338333e-03
1.077572926878929138e-01,-6.309542804956436157e-02,-1.836152970790863037e-01,3.937905132770538330e-01,-1.952730417251586914e-01,2.562154643237590790e-02,-3.233358263969421387e-02,-1.377454251050949097e-01,6.730052828788757324e-01,-4.376701712608337402e-01,1.199352554976940155e-03,6.046327296644449234e-03,-1.591998385265469551e-03,6.117484881542623043e-04,8.549844846129417419e-03,5.709434859454631805e-03,1.270414330065250397e-03,-4.248044569976627827e-04,7.232405245304107666e-03
1.073454320430755615e-01,-6.613746285438537598e-02,-1.737198680639266968e-01,3.747605979442596436e-01,-1.885142326354980469e-01,2.799232676625251770e-02,-3.692316263914108276e-02,-1.414671689271926880e-01,6.806051731109619141e-01,-4.419225454330444336e-01,1.189828151836991310e-03,6.033672951161861420e-03,-1.566255115903913975e-03,6.094094715081155300e-04,8.487160317599773407e-03,5.700920242816209793e-03,1.301149139180779457e-03,-4.357556754257529974e-04,7.220922969281673431e-03
1.071501523256301880e-01,-6.883975118398666382e-02,-1.632843762636184692e-01,3.557974398136138916e-01,-1.819135099649429321e-01,3.084480762481689453e-02,-4.007918760180473328e-02,-1.445332318544387817e-01,6.836411356925964355e-01,-4.426600337028503418e-01,1.299008144997060299e-03,6.018141284584999084e-03,-1.537818112410604954e-03,6.068696966394782066e-04,8.381483145058155060e-03,5.692454054951667786e-03,1.334565924480557442e-03,-4.475014284253120422e-04,7.199619896709918976e-03
1.067603304982185364e-01,-7.134400308132171631e-02,-1.528426408767700195e-01,3.376988768577575684e-01,-1.758087426424026489e-01,3.173005208373069763e-02,-4.163891449570655823e-02,-1.478124111890792847e-01,6.831492185592651367e-01,-4.451509714126586914e-01,1.213247654959559441e-03,6.000433117151260376e-03,-1.514208270236849785e-03,6.045269547030329704e-04,8.270099759101867676e-03,5.678694229573011398e-03,1.363106188364326954e-03,-4.603143606800585985e-04,7.150367368012666702e-03
1.074314415454864502e-01,-7.397635281085968018e-02,-1.423877626657485962e-01,3.205517530441284180e-01,-1.703755408525466919e-01,3.209433704614639282e-02,-4.198863729834556580e-02,-1.513767987489700317e-01,6.784391999244689941e-01,-4.463802874088287354e-01,2.043141517788171768e-03,6.003175396472215652e-03,-1.483632368035614491e-03,6.019974825903773308e-04,8.177672512829303741e-03,5.658308044075965881e-03,1.401002286002039909e-03,-4.795691347680985928e-04,7.083254866302013397e-03
1.076174378395080566e-01,-7.685732096433639526e-02,-1.320709735155105591e-01,3.043804466724395752e-01,-1.654665768146514893e-01,2.959406934678554535e-02,-4.125333577394485474e-02,-1.553945094347000122e-01,6.711751818656921387e-01,-4.446390271186828613e-01,2.126331441104412079e-03,6.001668516546487808e-03,-1.453662873245775700e-03,5.970515194348990917e-04,8.089702576398849487e-03,5.641763564199209213e-03,1.435640268027782440e-03,-4.981569945812225342e-04,7.035224232822656631e-03
1.072529405355453491e-01,-7.999262958765029907e-02,-1.217823773622512817e-01,2.888799905776977539e-01,-1.609099209308624268e-01,2.460511401295661926e-02,-3.963588550686836243e-02,-1.595869809389114380e-01,6.617002487182617188e-01,-4.426373243331909180e-01,1.644785748794674873e-03,5.990446545183658600e-03,-1.426976057700812817e-03,5.908941384404897690e-04,8.013391867280006409e-03,5.628530867397785187e-03,1.464312197640538216e-03,-5.165394977666437626e-04,6.981874350458383560e-03
1.083334088325500488e-01,-8.329705893993377686e-02,-1.112784296274185181e-01,2.739706635475158691e-01,-1.568869650363922119e-01,2.217305824160575867e-02,-3.740555793046951294e-02,-1.625571995973587036e-01,6.477314233779907227e-01,-4.391850829124450684e-01,2.486536279320716858e-03,6.016192957758903503e-03,-1.341808354482054710e-03,5.851810565218329430e-04,7.921908982098102570e-03,5.605389364063739777e-03,1.508329994976520538e-03,-5.384726100601255894e-04,6.956927478313446045e-03
1.085985451936721802e-01,-8.666085451841354370e-02,-1.006688773632049561e-01,2.597908377647399902e-01,-1.532885730266571045e-01,1.661775074899196625e-02,-3.412575274705886841e-02,-1.651138365268707275e-01,6.325078010559082031e-01,-4.332183897495269775e-01,2.282931469380855560e-03,6.023984868079423904e-03,-1.169478287920355797e-03,5.773846060037612915e-04,7.852771319448947906e-03,5.596616305410861969e-03,1.540041295811533928e-03,-5.598845891654491425e-04,6.949188653379678726e-03
1.091245412826538086e-01,-8.999122679233551025e-02,-9.020632505416870117e-02,2.465912997722625732e-01,-1.502809077501296997e-01,1.234783418476581573e-02,-2.994387783110141754e-02,-1.665391474962234497e-01,6.159994602203369141e-01,-4.246060848236083984e-01,2.284955931827425957e-03,6.020111031830310822e-03,-8.962414576672017574e-04,5.698808236047625542e-04,7.755623664706945419e-03,5.584876518696546555e-03,1.574660884216427803e-03,-5.831501912325620651e-04,6.922420114278793335e-03
1.087044328451156616e-01,-9.341426193714141846e-02,-8.018179237842559814e-02,2.346031218767166138e-01,-1.478556990623474121e-01,7.040433119982481003e-03,-2.498369291424751282e-02,-1.669611930847167969e-01,5.992540717124938965e-01,-4.173713624477386475e-01,1.352900057099759579e-03,6.006030831485986710e-03,-5.745766684412956238e-04,5.610042135231196880e-04,7.684232667088508606e-03,5.583005025982856750e-03,1.600493327714502811e-03,-6.041057058610022068e-04,6.886288989335298538e-03
1.094772145152091980e-01,-9.708907455205917358e-02,-7.054994255304336548e-02,2.239052802324295044e-01,-1.462509930133819580e-01,5.070983897894620895e-03,-1.988660357892513275e-02,-1.664636582136154175e-01,5.830242037773132324e-01,-4.110852181911468506e-01,1.641676295548677444e-03,6.025885231792926788e-03,-1.988747535506263375e-04,5.522675928659737110e-04,7.603032048791646957e-03,5.567419342696666718e-03,1.637842156924307346e-03,-6.250173901207745075e-04,6.843429524451494217e-03
1.096165701746940613e-01,-1.011170744895935059e-01,-6.096309423446655273e-02,2.138607501983642578e-01,-1.450099200010299683e-01,2.345795975998044014e-03,-1.489877514541149139e-02,-1.642249971628189087e-01,5.651758313179016113e-01,-4.040280580520629883e-01,1.199558959342539310e-03,6.047629751265048981e-03,1.885488745756447315e-04,5.408014985732734203e-04,7.564754225313663483e-03,5.565657746046781540e-03,1.664067036472260952e-03,-6.469874642789363861e-04,6.820307113230228424e-03
1.094545051455497742e-01,-1.056385785341262817e-01,-5.186644569039344788e-02,2.052263021469116211e-01,-1.445318758487701416e-01,-6.094038253650069237e-04,-1.042841654270887375e-02,-1.605173051357269287e-01,5.464045405387878418e-01,-3.963946104049682617e-01,5.989388446323573589e-04,6.046542432159185410e-03,4.854298604186624289e-04,5.302243516780436039e-04,7.516440004110336304e-03,5.563667509704828262e-03,1.685148337855935097e-03,-6.673694588243961334e-04,6.749846041202545166e-03
1.097744852304458618e-01,-1.105488687753677368e-01,-4.362869262695312500e-02,1.985513418912887573e-01,-1.451395899057388306e-01,-2.705189690459519625e-04,-6.601748522371053696e-03,-1.547396183013916016e-01,5.261363983154296875e-01,-3.868428766727447510e-01,5.536568351089954376e-04,6.045686546713113785e-03,7.563559920527040958e-04,5.187935894355177879e-04,7.449821569025516510e-03,5.557168740779161453e-03,1.711270888336002827e-03,-6.871714722365140915e-04,6.717412266880273819e-03
1.094698160886764526e-01,-1.157568022608757019e-01,-3.684567660093307495e-02,1.946869045495986938e-01,-1.471040695905685425e-01,-1.022542637656442821e-04,-3.027783939614892006e-03,-1.474422514438629150e-01,5.050035119056701660e-01,-3.760147392749786377e-01,3.175548044964671135e-05,6.036611273884773254e-03,9.731407626532018185e-04,5.070346524007618427e-04,7.374122738838195801e-03,5.558741744607686996e-03,1.728556584566831589e-03,-7.069035200402140617e-04,6.660365499556064606e-03
1.086594685912132263e-01,-1.212142482399940491e-01,-3.206466883420944214e-02,1.945142149925231934e-01,-1.508761346340179443e-01,2.806495176628232002e-04,3.532579576130956411e-04,-1.388060450553894043e-01,4.830830991268157959e-01,-3.645572066307067871e-01,-7.206840091384947300e-04,6.025187671184539795e-03,1.102804089896380901e-03,4.950457368977367878e-04,7.238230202347040176e-03,5.563321989029645920e-03,1.742615597322583199e-03,-7.265017484314739704e-04,6.592092104256153107e-03
1.081193834543228149e-01,-1.269807666540145874e-01,-2.908949926495552063e-02,1.976338326930999756e-01,-1.563272029161453247e-01,1.973963808268308640e-03,3.294126596301794052e-03,-1.288136839866638184e-01,4.591048359870910645e-01,-3.510545492172241211e-01,-9.038536227308213711e-04,6.018776446580886841e-03,1.155361765995621681e-03,4.828024830203503370e-04,7.123718503862619400e-03,5.563618615269660950e-03,1.757805934175848961e-03,-7.452375139109790325e-04,6.519023794680833817e-03
1.078397929668426514e-01,-1.334060132503509521e-01,-2.739593945443630219e-02,2.029884010553359985e-01,-1.629172563552856445e-01,3.226425265893340111e-03,5.123371724039316177e-03,-1.184263005852699280e-01,4.340774416923522949e-01,-3.374192416667938232e-01,-7.638900424353778362e-04,6.044061388820409775e-03,1.193461474031209946e-03,4.697061667684465647e-04,7.068695966154336929e-03,5.558251403272151947e-03,1.775398617610335350e-03,-7.615163922309875488e-04,6.418457254767417908e-03
1.074928343296051025e-01,-1.404316425323486328e-01,-2.666864730417728424e-02,2.103371620178222656e-01,-1.705464869737625122e-01,5.045678466558456421e-03,5.598408635705709457e-03,-1.070716530084609985e-01,4.079253971576690674e-01,-3.228884339332580566e-01,-7.192142074927687645e-04,6.054442375898361206e-03,1.235927455127239227e-03,4.556585627142339945e-04,7.028386462479829788e-03,5.555401090532541275e-03,1.791392569430172443e-03,-7.780003361403942108e-04,6.375827826559543610e-03
1.065541952848434448e-01,-1.476812213659286499e-01,-2.667861431837081909e-02,2.198083102703094482e-01,-1.792991608381271362e-01,7.617105264216661453e-03,5.375127773731946945e-03,-9.444986283779144287e-02,3.813971281051635742e-01,-3.098032474517822266e-01,-1.164336921647191048e-03,6.049882620573043823e-03,1.263286452740430832e-03,4.418581374920904636e-04,6.991937290877103806e-03,5.557736847549676895e-03,1.802745740860700607e-03,-7.932650041766464710e-04,6.359289400279521942e-03
1.055574938654899597e-01,-1.548980772495269775e-01,-2.726401947438716888e-02,2.315226495265960693e-01,-1.893583387136459351e-01,1.119401492178440094e-02,4.818468820303678513e-03,-8.105454593896865845e-02,3.549324274063110352e-01,-2.951966524124145508e-01,-1.452047261409461498e-03,6.042171735316514969e-03,1.270241686142981052e-03,4.286485491320490837e-04,6.929236464202404022e-03,5.558068864047527313e-03,1.812021015211939812e-03,-8.089304319582879543e-04,6.341852713376283646e-03
1.045874655246734619e-01,-1.619545370340347290e-01,-2.851645462214946747e-02,2.457923889160156250e-01,-2.008769363164901733e-01,1.496532466262578964e-02,3.966271411627531052e-03,-6.738340109586715698e-02,3.289394974708557129e-01,-2.808243930339813232e-01,-1.545358332805335522e-03,6.035397760570049286e-03,1.275392598472535610e-03,4.153111949563026428e-04,6.850820034742355347e-03,5.557535216212272644e-03,1.820633537136018276e-03,-8.236011490225791931e-04,6.327414419502019882e-03
1.022490561008453369e-01,-1.686473041772842407e-01,-3.040248341858386993e-02,2.625837028026580811e-01,-2.137509286403656006e-01,1.654522120952606201e-02,-3.968298551626503468e-04,-5.338653922080993652e-02,3.068354427814483643e-01,-2.463161349296569824e-01,-2.785735996440052986e-03,6.026647519320249557e-03,1.182602951303124428e-03,3.838128468487411737e-04,6.775969173759222031e-03,5.600710865110158920e-03,1.798371085897088051e-03,-8.347755647264420986e-04,6.378065329045057297e-03
9.569537639617919922e-02,-1.708214282989501953e-01,-3.097636066377162933e-02,2.787328064441680908e-01,-2.339033037424087524e-01,1.334554888308048248e-02,-3.891702508553862572e-03,-4.425468668341636658e-02,3.031773269176483154e-01,-2.411632090806961060e-01,-3.641504561528563499e-03,5.998939741402864456e-03,1.273927628062665462e-04,3.998963220510631800e-04,7.362680044025182724e-03,5.976102314889431000e-03,1.450535259209573269e-03,-8.009404409676790237e-04,8.682851679623126984e-03
8.571587502956390381e-02,-1.664689928293228149e-01,-3.230446577072143555e-02,2.953399121761322021e-01,-2.601180672645568848e-01,1.146294362843036652e-02,-3.476456506177783012e-03,-2.928233519196510315e-02,2.890693545341491699e-01,-2.394597381353378296e-01,-2.884617075324058533e-03,6.015614606440067291e-03,-1.581052318215370178e-03,3.885020560119301081e-04,7.306162267923355103e-03,6.705806590616703033e-03,1.385976327583193779e-03,-7.918381597846746445e-04,8.967898786067962646e-03
7.423729449510574341e-02,-1.589105725288391113e-01,-3.696531802415847778e-02,3.159624338150024414e-01,-2.808966338634490967e-01,1.053697802126407623e-02,-1.958131091669201851e-03,-1.241086423397064209e-02,2.685878574848175049e-01,-2.341208010911941528e-01,-1.734585850499570370e-03,6.024444475769996643e-03,-2.715592039749026299e-03,3.649982973001897335e-04,7.157934829592704773e-03,6.726630963385105133e-03,1.351351151242852211e-03,-7.908189436420798302e-04,8.862401358783245087e-03
6.117834523320198059e-02,-1.489143967628479004e-01,-4.511759802699089050e-02,3.398331105709075928e-01,-2.959367632865905762e-01,1.001826114952564240e-02,-9.209013660438358784e-05,4.149632994085550308e-03,2.458652853965759277e-01,-2.272511124610900879e-01,-6.377396639436483383e-04,6.024333182722330093e-03,-3.146029543131589890e-03,3.493499243631958961e-04,6.993595045059919357e-03,6.712108384817838669e-03,1.323012751527130604e-03,-7.898568292148411274e-04,8.635970763862133026e-03
5.036365613341331482e-02,-1.372663825750350952e-01,-5.639368668198585510e-02,3.665218055248260498e-01,-3.058785498142242432e-01,1.047972962260246277e-02,1.499203965067863464e-03,1.946033723652362823e-02,2.233525663614273071e-01,-2.201465219259262085e-01,9.044701000675559044e-04,6.043684203177690506e-03,-3.169554984197020531e-03,3.602739016059786081e-04,6.870572920888662338e-03,6.697822362184524536e-03,1.272434019483625889e-03,-7.791552925482392311e-04,8.164973929524421692e-03
4.031410068273544312e-02,-1.245508790016174316e-01,-7.060122489929199219e-02,3.958334326744079590e-01,-3.136105239391326904e-01,1.072793453931808472e-02,2.395509975031018257e-03,3.398528695106506348e-02,2.012037187814712524e-01,-2.131202965974807739e-01,1.691936748102307320e-03,6.061329040676355362e-03,-3.188178408890962601e-03,3.716251812875270844e-04,6.792832165956497192e-03,6.682473700493574142e-03,1.084808725863695145e-03,-7.671074708923697472e-04,7.683682255446910858e-03
3.161340579390525818e-02,-1.109097078442573547e-01,-8.753691613674163818e-02,4.276964962482452393e-01,-3.209641575813293457e-01,1.078180782496929169e-02,2.570483135059475899e-03,4.760756343603134155e-02,1.803873330354690552e-01,-2.067760378122329712e-01,1.868718769401311874e-03,6.069803144782781601e-03,-3.206712892279028893e-03,3.840609278995543718e-04,6.722284480929374695e-03,6.668144371360540390e-03,7.382598123513162136e-04,-7.586763822473585606e-04,7.315856870263814926e-03
2.365290373563766479e-02,-9.604383260011672974e-02,-1.067985668778419495e-01,4.617067873477935791e-01,-3.280842602252960205e-01,1.044037286192178726e-02,2.300233580172061920e-03,6.125813722610473633e-02,1.599316895008087158e-01,-2.007423937320709229e-01,1.516853226348757744e-03,6.066109985113143921e-03,-3.239903133362531662e-03,3.937193250749260187e-04,6.676559802144765854e-03,6.662503816187381744e-03,1.708335330476984382e-04,-7.485147216357290745e-04,7.175555452704429626e-03
1.819446869194507599e-02,-8.042214810848236084e-02,-1.284229308366775513e-01,4.972032308578491211e-01,-3.326156735420227051e-01,1.029555685818195343e-02,1.483896165154874325e-03,7.473977655172348022e-02,1.403072476387023926e-01,-1.952346265316009521e-01,1.345705473795533180e-03,6.067992653697729111e-03,-3.268325701355934143e-03,4.028767871204763651e-04,6.647534668445587158e-03,6.656799931079149246e-03,-5.398466601036489010e-04,-7.389305974356830120e-04,7.001870777457952499e-03
1.791982166469097137e-02,-6.479150801897048950e-02,-1.526795774698257446e-01,5.337640643119812012e-01,-3.405852019786834717e-01,1.075227465480566025e-02,1.453058848710497841e-05,8.808664232492446899e-02,1.213584169745445251e-01,-1.901489943265914917e-01,1.566748251207172871e-03,6.086037494242191315e-03,-3.291071392595767975e-03,4.125787527300417423e-04,6.614189594984054565e-03,6.655313540250062943e-03,-1.224569045007228851e-03,-7.324250182136893272e-04,6.827453151345252991e-03
1.884805411100387573e-02,-4.920098185539245605e-02,-1.801680922508239746e-01,5.712082386016845703e-01,-3.489232957363128662e-01,1.049264706671237946e-02,-2.007494680583477020e-03,1.009293943643569946e-01,1.033232957124710083e-01,-1.856451928615570068e-01,9.956262074410915375e-04,6.080100312829017639e-03,-3.346827114000916481e-03,4.132670292165130377e-04,6.540029775351285934e-03,6.651869509369134903e-03,-1.876807189546525478e-03,-7.244317675940692425e-04,6.663432344794273376e-03
2.421237528324127197e-02,-3.406386449933052063e-02,-2.109099924564361572e-01,6.098054647445678711e-01,-3.607948720455169678e-01,1.095949020236730576e-02,-4.452408757060766220e-03,1.123130321502685547e-01,8.789646625518798828e-02,-1.824373006820678711e-01,1.112023135647177696e-03,6.090082228183746338e-03,-3.387925215065479279e-03,4.156313661951571703e-04,6.473571993410587311e-03,6.651091855019330978e-03,-2.416582778096199036e-03,-7.179272361099720001e-04,6.513623055070638657e-03
2.949496917426586151e-02,-1.945122145116329193e-02,-2.434641122817993164e-01,6.451615095138549805e-01,-3.736168146133422852e-01,1.101448666304349899e-02,-7.454030681401491165e-03,1.215576902031898499e-01,7.623382657766342163e-02,-1.811647564172744751e-01,7.188801537267863750e-04,6.091443356126546860e-03,-3.436791710555553436e-03,4.175480571575462818e-04,6.407884415239095688e-03,6.646637339144945145e-03,-2.813949249684810638e-03,-7.109710131771862507e-04,6.339418701827526093e-03
3.440375253558158875e-02,-5.692719016224145889e-03,-2.778050303459167480e-01,6.775521636009216309e-01,-3.869169950485229492e-01,1.054864749312400818e-02,-1.095390692353248596e-02,1.289707869291305542e-01,6.765921413898468018e-02,-1.814909875392913818e-01,-1.636825618334114552e-05,6.083594635128974915e-03,-3.525193780660629272e-03,4.091667651664465666e-04,6.347354501485824585e-03,6.654093973338603973e-03,-3.152209799736738205e-03,-7.083745440468192101e-04,6.205844692885875702e-03
4.219939187169075012e-02,6.483922246843576431e-03,-3.137619793415069580e-01,7.081757783889770508e-01,-3.994234800338745117e-01,1.101364195346832275e-02,-1.490017492324113846e-02,1.339030414819717407e-01,6.356666982173919678e-02,-1.840174347162246704e-01,2.065360167762264609e-04,6.095518358051776886e-03,-3.586471313610672951e-03,4.105061234440654516e-04,6.307807285338640213e-03,6.657033693045377731e-03,-3.380646463483572006e-03,-7.020543562248349190e-04,6.117190700024366379e-03
5.168535187840461731e-02,1.651005074381828308e-02,-3.499263823032379150e-01,7.343934774398803711e-01,-4.102148115634918213e-01,1.128088310360908508e-02,-1.935427635908126831e-02,1.379291415214538574e-01,6.160570681095123291e-02,-1.877902299165725708e-01,7.400121103273704648e-05,6.110209040343761444e-03,-3.627376398071646690e-03,4.139438678976148367e-04,6.297890562564134598e-03,6.665023509413003922e-03,-3.492599586024880409e-03,-6.947751971893012524e-04,6.057419814169406891e-03
6.119009852409362793e-02,2.422040328383445740e-02,-3.850525915622711182e-01,7.553293108940124512e-01,-4.195541441440582275e-01,1.111348904669284821e-02,-2.427508682012557983e-02,1.409600824117660522e-01,6.212861463427543640e-02,-1.930020302534103394e-01,-3.552737471181899309e-04,6.110288202762603760e-03,-3.682316280901432037e-03,4.139280063100159168e-04,6.293510086834430695e-03,6.686401553452014923e-03,-3.590664360672235489e-03,-6.886612391099333763e-04,6.015663966536521912e-03
7.093685865402221680e-02,2.954662218689918518e-02,-4.178474545478820801e-01,7.704470157623291016e-01,-4.262296855449676514e-01,1.110450737178325653e-02,-2.955342084169387817e-02,1.433170139789581299e-01,6.464597582817077637e-02,-1.993968635797500610e-01,-5.084792501293122768e-04,6.119258701801300049e-03,-3.732988145202398300e-03,4.165292193647474051e-04,6.277030799537897110e-03,6.709105800837278366e-03,-3.666575532406568527e-03,-6.806289311498403549e-04,6.000004243105649948e-03
7.739578932523727417e-02,3.291429206728935242e-02,-4.476535916328430176e-01,7.811332941055297852e-01,-4.299057722091674805e-01,1.038848981261253357e-02,-3.520122915506362915e-02,1.446387022733688354e-01,6.985088437795639038e-02,-2.073802649974822998e-01,-1.196454046294093132e-03,6.112868897616863251e-03,-3.795188385993242264e-03,4.113939648959785700e-04,6.266127806156873703e-03,6.743246689438819885e-03,-3.746873000636696815e-03,-6.761118420399725437e-04,5.956961773335933685e-03
8.438158780336380005e-02,3.381256014108657837e-02,-4.738035202026367188e-01,7.874003648757934570e-01,-4.305010735988616943e-01,1.008628588169813156e-02,-4.086089134216308594e-02,1.456968635320663452e-01,7.692429423332214355e-02,-2.168490737676620483e-01,-1.254840870387852192e-03,6.122797727584838867e-03,-3.870229935273528099e-03,4.105978005100041628e-04,6.276549305766820908e-03,6.936066318303346634e-03,-3.808804089203476906e-03,-6.675856420770287514e-04,6.027061957865953445e-03
9.089691936969757080e-02,3.265950083732604980e-02,-4.962302744388580322e-01,7.895501255989074707e-01,-4.303696155548095703e-01,9.859847836196422577e-03,-4.636117815971374512e-02,1.462555229663848877e-01,8.562354743480682373e-02,-2.270621955394744873e-01,-1.251744106411933899e-03,6.128604989498853683e-03,-3.897194750607013702e-03,4.144549602642655373e-04,6.238912697881460190e-03,6.991325411945581436e-03,-3.836676478385925293e-03,-6.608302355743944645e-04,6.051692645996809006e-03
9.524423629045486450e-02,2.967856638133525848e-02,-5.144248008728027344e-01,7.869783043861389160e-01,-4.268643856048583984e-01,8.974971249699592590e-03,-5.170258134603500366e-02,1.467856913805007935e-01,9.493640065193176270e-02,-2.378149479627609253e-01,-1.724388799630105495e-03,6.122224498540163040e-03,-3.938395995646715164e-03,4.132979083806276321e-04,6.209625862538814545e-03,7.064894773066043854e-03,-3.885993734002113342e-03,-6.529722013510763645e-04,6.043392233550548553e-03
9.910159558057785034e-02,2.474819868803024292e-02,-5.280603766441345215e-01,7.803251743316650391e-01,-4.214735329151153564e-01,8.359652012586593628e-03,-5.677714571356773376e-02,1.474484354257583618e-01,1.045579314231872559e-01,-2.489211112260818481e-01,-1.743401633575558662e-03,6.126886233687400818e-03,-3.972088918089866638e-03,4.143408441450446844e-04,6.172015331685543060e-03,7.146353833377361298e-03,-3.918854985386133194e-03,-6.467347848229110241e-04,6.070907693356275558e-03
1.033934801816940308e-01,1.741720363497734070e-02,-5.381650924682617188e-01,7.729663252830505371e-01,-4.128870666027069092e-01,7.570998743176460266e-03,-6.141106039285659790e-02,1.487398594617843628e-01,1.137709319591522217e-01,-2.600984871387481689e-01,-1.851783599704504013e-03,6.124916952103376389e-03,-4.008019808679819107e-03,4.134076298214495182e-04,6.128942593932151794e-03,7.227171212434768677e-03,-3.949629142880439758e-03,-6.411788053810596466e-04,6.090267561376094818e-03
1.076431050896644592e-01,8.044990710914134979e-03,-5.437622666358947754e-01,7.647202610969543457e-01,-4.019559919834136963e-01,7.144675124436616898e-03,-6.565479189157485962e-02,1.502237468957901001e-01,1.234423294663429260e-01,-2.717434167861938477e-01,-1.539823715575039387e-03,6.136591546237468719e-03,-4.034158773720264435e-03,4.165579448454082012e-04,6.096284370869398117e-03,7.267959881573915482e-03,-3.972305916249752045e-03,-6.366604357026517391e-04,6.115266587585210800e-03
1.078659445047378540e-01,-2.217869739979505539e-03,-5.442331433296203613e-01,7.541579604148864746e-01,-3.873332738876342773e-01,6.132347043603658676e-03,-6.963009387254714966e-02,1.508808135986328125e-01,1.351534426212310791e-01,-2.846467196941375732e-01,-1.756824436597526073e-03,6.126505788415670395e-03,-4.080112092196941376e-03,4.162682453170418739e-04,6.014226470142602921e-03,7.312554400414228439e-03,-4.008655901998281479e-03,-6.287353462539613247e-04,6.065500434488058090e-03
1.079858019948005676e-01,-1.431218814104795456e-02,-5.424637794494628906e-01,7.420876622200012207e-01,-3.697129189968109131e-01,4.477203357964754105e-03,-7.294061779975891113e-02,1.508722454309463501e-01,1.478202342987060547e-01,-2.981832325458526611e-01,-2.277421532198786736e-03,6.114775314927101135e-03,-4.137926269322633743e-03,4.142364196013659239e-04,5.924195516854524612e-03,7.498418912291526794e-03,-4.050412680953741074e-03,-6.169416010379791260e-04,6.056252401322126389e-03
1.072614639997482300e-01,-2.612818777561187744e-02,-5.369204878807067871e-01,7.279558777809143066e-01,-3.498714864253997803e-01,3.168954979628324509e-03,-7.538881897926330566e-02,1.506919413805007935e-01,1.616139709949493408e-01,-3.125302195549011230e-01,-2.227376447990536690e-03,6.110189016908407211e-03,-4.171326756477355957e-03,4.139157827012240887e-04,5.865712184458971024e-03,7.635484915226697922e-03,-4.076669923961162567e-03,-6.056296406313776970e-04,6.091811228543519974e-03
1.063867956399917603e-01,-3.718908131122589111e-02,-5.269789099693298340e-01,7.124205827713012695e-01,-3.281059861183166504e-01,2.833894453942775726e-03,-7.724152505397796631e-02,1.500678062438964844e-01,1.779507100582122803e-01,-3.284575343132019043e-01,-1.336634391918778419e-03,6.118316203355789185e-03,-4.185752477496862411e-03,4.193942295387387276e-04,5.818852223455905914e-03,7.639431394636631012e-03,-4.088353365659713745e-03,-5.978639819659292698e-04,6.094158627092838287e-03
1.063765808939933777e-01,-4.750080779194831848e-02,-5.125546455383300781e-01,6.946081519126892090e-01,-3.044825196266174316e-01,3.151628188788890839e-03,-7.865084707736968994e-02,1.495453268289566040e-01,1.963663548231124878e-01,-3.458709716796875000e-01,-9.168560063699260354e-05,6.138113792985677719e-03,-4.195794463157653809e-03,4.281638539396226406e-04,5.760912783443927765e-03,7.624465506523847580e-03,-4.096249584108591080e-03,-5.923081771470606327e-04,6.091046147048473358e-03
1.067682653665542603e-01,-5.642472580075263977e-02,-4.942741990089416504e-01,6.744489073753356934e-01,-2.793137431144714355e-01,3.267653519287705421e-03,-7.959108799695968628e-02,1.493094563484191895e-01,2.167232334613800049e-01,-3.647900223731994629e-01,6.138113676570355892e-04,6.151694338768720627e-03,-4.204050172120332718e-03,4.347517970018088818e-04,5.687474273145198822e-03,7.600345648825168610e-03,-4.102170001715421677e-03,-5.871923058293759823e-04,6.061390507966279984e-03
1.058002561330795288e-01,-6.261967122554779053e-02,-4.726831316947937012e-01,6.523061990737915039e-01,-2.501048445701599121e-01,3.622393123805522919e-03,-8.027004450559616089e-02,1.488057523965835571e-01,2.396524399518966675e-01,-3.854744136333465576e-01,1.237952150404453278e-03,6.148298271000385284e-03,-4.209052771329879761e-03,4.447306564543396235e-04,5.615523550659418106e-03,7.516913115978240967e-03,-4.104931838810443878e-03,-5.866615101695060730e-04,5.997815169394016266e-03
1.082818880677223206e-01,-6.322745233774185181e-02,-4.633381962776184082e-01,6.442094445228576660e-01,-1.777957975864410400e-01,3.588918596506118774e-03,-8.226230740547180176e-02,1.486392617225646973e-01,2.623408436775207520e-01,-4.059142768383026123e-01,2.184068784117698669e-03,6.140487734228372574e-03,-4.125933162868022919e-03,4.494667227845638990e-04,5.674279294908046722e-03,7.440734189003705978e-03,-3.709756070747971535e-03,-5.938332178629934788e-04,5.802863277494907379e-03
1.083471179008483887e-01,-6.725818663835525513e-02,-4.660390615463256836e-01,6.744422316551208496e-01,-1.991154849529266357e-01,-2.453216351568698883e-03,-8.853439241647720337e-02,1.485205888748168945e-01,2.816560268402099609e-01,-4.238577783107757568e-01,1.721304375678300858e-03,6.116358563303947449e-03,-4.016204737126827240e-03,4.602527187671512365e-04,9.104502387344837189e-03,7.277295924723148346e-03,-2.692713169381022453e-03,-6.181666976772248745e-04,7.605588063597679138e-03
1.092244088649749756e-01,-7.306207716464996338e-02,-4.621977508068084717e-01,6.916351318359375000e-01,-2.166067957878112793e-01,-3.124258946627378464e-03,-9.589410573244094849e-02,1.466393321752548218e-01,3.013997972011566162e-01,-4.404046535491943359e-01,1.837307354435324669e-03,6.141292396932840347e-03,-3.957716282457113266e-03,4.725946346297860146e-04,9.382466785609722137e-03,7.266683503985404968e-03,-1.987476833164691925e-03,-5.984153831377625465e-04,7.714844774454832077e-03
1.100889444351196289e-01,-7.954630255699157715e-02,-4.547002017498016357e-01,6.983718872070312500e-01,-2.283445447683334351e-01,-7.513950695283710957e-04,-1.039500087499618530e-01,1.423985809087753296e-01,3.235428333282470703e-01,-4.544324576854705811e-01,1.807109336368739605e-03,6.163047626614570618e-03,-3.906692843884229660e-03,4.822006449103355408e-04,9.431603364646434784e-03,7.252441719174385071e-03,-1.833336777053773403e-03,-5.782115040346980095e-04,7.797976024448871613e-03
1.111172735691070557e-01,-8.619036525487899780e-02,-4.436102211475372314e-01,6.963027715682983398e-01,-2.352856993675231934e-01,6.184407044202089310e-03,-1.124942451715469360e-01,1.375582814216613770e-01,3.483706116676330566e-01,-4.677098691463470459e-01,1.673935097642242908e-03,6.184012163430452347e-03,-3.860664321109652519e-03,4.903668886981904507e-04,9.447582997381687164e-03,7.240948732942342758e-03,-1.777802594006061554e-03,-5.565810715779662132e-04,7.876732386648654938e-03
1.120857000350952148e-01,-9.254927188158035278e-02,-4.291476607322692871e-01,6.864814162254333496e-01,-2.380270361900329590e-01,1.605823822319507599e-02,-1.215595677495002747e-01,1.320648193359375000e-01,3.763632774353027344e-01,-4.789394736289978027e-01,1.434874371625483036e-03,6.200974807143211365e-03,-3.820876125246286392e-03,4.976181662641465664e-04,9.421362541615962982e-03,7.237817160785198212e-03,-1.735432306304574013e-03,-5.355485482141375542e-04,7.940168492496013641e-03
1.129965633153915405e-01,-9.810777008533477783e-02,-4.119280874729156494e-01,6.701426506042480469e-01,-2.371301203966140747e-01,2.658538706600666046e-02,-1.309074610471725464e-01,1.250970214605331421e-01,4.073305130004882812e-01,-4.870581626892089844e-01,1.243115402758121490e-03,6.202568300068378448e-03,-3.786430694162845612e-03,5.035975482314825058e-04,9.348983876407146454e-03,7.246972527354955673e-03,-1.702941372059285641e-03,-5.168622010387480259e-04,7.963716052472591400e-03
1.137980073690414429e-01,-1.024688482284545898e-01,-3.927151858806610107e-01,6.481613516807556152e-01,-2.329473495483398438e-01,3.787692636251449585e-02,-1.400031149387359619e-01,1.162069961428642273e-01,4.410563111305236816e-01,-4.974353909492492676e-01,1.063570729456841946e-03,6.198803428560495377e-03,-3.752672113478183746e-03,5.090513732284307480e-04,9.294855408370494843e-03,7.258191704750061035e-03,-1.671173144131898880e-03,-5.000255187042057514e-04,8.001136593520641327e-03
1.145772114396095276e-01,-1.057334095239639282e-01,-3.720991015434265137e-01,6.214290261268615723e-01,-2.260107696056365967e-01,4.938216507434844971e-02,-1.491762697696685791e-01,1.052963212132453918e-01,4.755111932754516602e-01,-5.061758756637573242e-01,1.042460557073354721e-03,6.195254623889923096e-03,-3.720666747540235519e-03,5.136462277732789516e-04,9.246869944036006927e-03,7.263102568686008453e-03,-1.642543938942253590e-03,-4.913560114800930023e-04,8.018207736313343048e-03
1.151525229215621948e-01,-1.081387549638748169e-01,-3.506086468696594238e-01,5.907980203628540039e-01,-2.166671752929687500e-01,5.956920981407165527e-02,-1.588167846202850342e-01,9.155312180519104004e-02,5.114501118659973145e-01,-5.173080563545227051e-01,9.715599007904529572e-04,6.187194492667913437e-03,-3.690096782520413399e-03,5.170753574930131435e-04,9.178629145026206970e-03,7.264077663421630859e-03,-1.615711720660328865e-03,-4.866702656727284193e-04,8.010351099073886871e-03
1.154239028692245483e-01,-1.100848615169525146e-01,-3.285705447196960449e-01,5.566971302032470703e-01,-2.050811946392059326e-01,6.900608539581298828e-02,-1.691020727157592773e-01,7.510580867528915405e-02,5.484409332275390625e-01,-5.267925858497619629e-01,8.372006705030798912e-04,6.176115013659000397e-03,-3.660875139757990837e-03,5.183725152164697647e-04,9.084446355700492859e-03,7.257802411913871765e-03,-1.590524101629853249e-03,-4.854822764173150063e-04,7.954250089824199677e-03
1.156909465789794922e-01,-1.114537864923477173e-01,-3.062904179096221924e-01,5.202054977416992188e-01,-1.919108331203460693e-01,7.519287616014480591e-02,-1.799846589565277100e-01,5.525106936693191528e-02,5.858958959579467773e-01,-5.351532101631164551e-01,9.084225748665630817e-04,6.154234521090984344e-03,-3.632303094491362572e-03,5.212572286836802959e-04,8.908826857805252075e-03,7.247499655932188034e-03,-1.567895174957811832e-03,-4.908885457552969456e-04,7.898161187767982483e-03
1.160002127289772034e-01,-1.120862662792205811e-01,-2.840164601802825928e-01,4.822228550910949707e-01,-1.776600778102874756e-01,7.878115773200988770e-02,-1.904253214597702026e-01,3.197600319981575012e-02,6.246374845504760742e-01,-5.415554046630859375e-01,9.321329416707158089e-04,6.134679540991783142e-03,-3.599953604862093925e-03,5.212517571635544300e-04,8.638896979391574860e-03,7.235364522784948349e-03,-1.541965175420045853e-03,-4.978058277629315853e-04,7.826452143490314484e-03
1.159813627600669861e-01,-1.120972558856010437e-01,-2.618475556373596191e-01,4.436930119991302490e-01,-1.628655940294265747e-01,7.979634404182434082e-02,-1.998848915100097656e-01,6.100375670939683914e-03,6.640069484710693359e-01,-5.462918877601623535e-01,7.281650905497372150e-04,6.107365712523460388e-03,-3.574485890567302704e-03,5.203554173931479454e-04,8.231608197093009949e-03,7.217573001980781555e-03,-1.522554433904588223e-03,-5.029109888710081577e-04,7.730213459581136703e-03
1.163301914930343628e-01,-1.114759072661399841e-01,-2.399329990148544312e-01,4.057134687900543213e-01,-1.482632309198379517e-01,7.972143590450286865e-02,-2.079440653324127197e-01,-2.156381867825984955e-02,7.031361460685729980e-01,-5.518111586570739746e-01,9.122879710048437119e-04,6.084900349378585815e-03,-3.541356185451149940e-03,5.181511514820158482e-04,7.706784177571535110e-03,7.197217550128698349e-03,-1.498264726251363754e-03,-5.124104791320860386e-04,7.640479598194360733e-03
1.166461557149887085e-01,-1.102028265595436096e-01,-2.184363007545471191e-01,3.689388036727905273e-01,-1.342065036296844482e-01,7.703262567520141602e-02,-2.142679244279861450e-01,-5.092810466885566711e-02,7.412070035934448242e-01,-5.556937456130981445e-01,9.465513867326080799e-04,6.057955790311098099e-03,-3.508860943838953972e-03,5.165890324860811234e-04,7.245315704494714737e-03,7.175250910222530365e-03,-1.475866069085896015e-03,-5.223316838964819908e-04,7.565642241388559341e-03
1.170150488615036011e-01,-1.081356778740882874e-01,-1.977580189704895020e-01,3.342881500720977783e-01,-1.211867108941078186e-01,7.144329696893692017e-02,-2.183467596769332886e-01,-8.114561438560485840e-02,7.759249210357666016e-01,-5.607824921607971191e-01,9.536498109810054302e-04,6.031438708305358887e-03,-3.471601521596312523e-03,5.152922822162508965e-04,6.765322294086217880e-03,7.151636295020580292e-03,-1.455913763493299484e-03,-5.329454434104263783e-04,7.514320313930511475e-03
1.173396408557891846e-01,-1.052120476961135864e-01,-1.780232340097427368e-01,3.019722998142242432e-01,-1.092969849705696106e-01,6.417723745107650757e-02,-2.198762744665145874e-01,-1.113890856504440308e-01,8.064892292022705078e-01,-5.615115165710449219e-01,8.848543511703610420e-04,5.961928050965070724e-03,-3.386903321370482445e-03,5.120519199408590794e-04,6.491930689662694931e-03,7.130868732929229736e-03,-1.433168654330074787e-03,-5.438685184344649315e-04,7.468306459486484528e-03
1.169424131512641907e-01,-1.015175282955169678e-01,-1.586931794881820679e-01,2.713039815425872803e-01,-9.819965809583663940e-02,5.441062524914741516e-02,-2.188677787780761719e-01,-1.403260976076126099e-01,8.307406902313232422e-01,-5.593764781951904297e-01,2.252050326205790043e-04,5.897538270801305771e-03,-3.314549103379249573e-03,5.041093681938946247e-04,6.403739564120769501e-03,7.110002916306257248e-03,-1.411569071933627129e-03,-5.559090059250593185e-04,7.448380347341299057e-03
1.176551282405853271e-01,-9.714537113904953003e-02,-1.398725807666778564e-01,2.425391525030136108e-01,-8.816555142402648926e-02,4.633462429046630859e-02,-2.152605652809143066e-01,-1.673954278230667114e-01,8.491272330284118652e-01,-5.556567311286926270e-01,7.053954177536070347e-04,5.864736624062061310e-03,-3.150928765535354614e-03,5.000724922865629196e-04,6.306998431682586670e-03,7.083386648446321487e-03,-1.384115079417824745e-03,-5.739438347518444061e-04,7.416562177240848541e-03
1.179699450731277466e-01,-9.246558696031570435e-02,-1.211060956120491028e-01,2.147687822580337524e-01,-7.864945381879806519e-02,3.745248541235923767e-02,-2.096315324306488037e-01,-1.914685219526290894e-01,8.595719933509826660e-01,-5.504758954048156738e-01,6.352171767503023148e-04,5.839890334755182266e-03,-2.874922472983598709e-03,4.946258268319070339e-04,6.287144031375646591e-03,7.057697977870702744e-03,-1.357608940452337265e-03,-5.934044602327048779e-04,7.389974314719438553e-03
1.178078800439834595e-01,-8.764142543077468872e-02,-1.026016548275947571e-01,1.884306520223617554e-01,-6.987427920103073120e-02,2.647607959806919098e-02,-2.022753059864044189e-01,-2.133200317621231079e-01,8.647449016571044922e-01,-5.425285696983337402e-01,1.734574616421014071e-04,5.798877682536840439e-03,-2.540452405810356140e-03,4.885524976998567581e-04,6.258929613977670670e-03,7.033271715044975281e-03,-1.333107124082744122e-03,-6.125990184955298901e-04,7.356373127549886703e-03
1.179708242416381836e-01,-8.261331915855407715e-02,-8.513242006301879883e-02,1.647417694330215454e-01,-6.248669698834419250e-02,1.569775678217411041e-02,-1.931949853897094727e-01,-2.323769778013229370e-01,8.647184967994689941e-01,-5.318368673324584961e-01,1.487121771788224578e-04,5.750399548560380936e-03,-2.121076220646500587e-03,4.839296452701091766e-04,6.190603598952293396e-03,6.999793462455272675e-03,-1.305177924223244190e-03,-6.353896460495889187e-04,7.313562557101249695e-03
1.182600557804107666e-01,-7.765453308820724487e-02,-6.852498650550842285e-02,1.429821103811264038e-01,-5.606197565793991089e-02,4.576748702675104141e-03,-1.828152537345886230e-01,-2.487819939851760864e-01,8.596881031990051270e-01,-5.180660486221313477e-01,2.132676017936319113e-04,5.733911879360675812e-03,-1.574886031448841095e-03,4.781475872732698917e-04,6.170558743178844452e-03,6.963053718209266663e-03,-1.272476976737380028e-03,-6.612453144043684006e-04,7.250264752656221390e-03
1.187728345394134521e-01,-7.306282967329025269e-02,-5.213973298668861389e-02,1.216768100857734680e-01,-4.985846951603889465e-02,-7.248209789395332336e-03,-1.716411709785461426e-01,-2.629381418228149414e-01,8.507269024848937988e-01,-5.057704448699951172e-01,4.107034183107316494e-04,5.757270846515893936e-03,-8.996342658065259457e-04,4.714643000625073910e-04,6.165734957903623581e-03,6.920639425516128540e-03,-1.233567949384450912e-03,-6.897533894516527653e-04,7.174846250563859940e-03
1.189702004194259644e-01,-6.887057423591613770e-02,-3.606639802455902100e-02,1.006706655025482178e-01,-4.372730851173400879e-02,-2.010020241141319275e-02,-1.598729938268661499e-01,-2.744092047214508057e-01,8.372114300727844238e-01,-4.935376048088073730e-01,2.810322330333292484e-04,5.765627138316631317e-03,-1.600247342139482498e-04,4.638862155843526125e-04,6.154949311167001724e-03,6.896611768752336502e-03,-1.193502452224493027e-03,-7.179255480878055096e-04,7.103911601006984711e-03
1.197502538561820984e-01,-6.510988622903823853e-02,-2.054866589605808258e-02,8.037047088146209717e-02,-3.792549669742584229e-02,-3.122870624065399170e-02,-1.478579789400100708e-01,-2.829954028129577637e-01,8.200578093528747559e-01,-4.793744981288909912e-01,6.835280219092965126e-04,5.799146369099617004e-03,6.396169192157685757e-04,4.562973044812679291e-04,6.141239311546087265e-03,6.846513133496046066e-03,-1.143275876529514790e-03,-7.429749239236116409e-04,7.019015494734048843e-03
1.203419640660285950e-01,-6.156848371028900146e-02,-5.250134970992803574e-03,6.000866740942001343e-02,-3.200329840183258057e-02,-4.111487790942192078e-02,-1.351377367973327637e-01,-2.883518934249877930e-01,7.998760938644409180e-01,-4.641154408454895020e-01,7.754626567475497723e-04,5.819173529744148254e-03,1.468009548261761665e-03,4.533065075520426035e-04,6.117889191955327988e-03,6.828201469033956528e-03,-1.090179895982146263e-03,-7.711903308518230915e-04,6.984914187341928482e-03
1.206751167774200439e-01,-5.838739499449729919e-02,8.936798200011253357e-03,4.101010411977767944e-02,-2.663282677531242371e-02,-5.101053789258003235e-02,-1.217256337404251099e-01,-2.913192212581634521e-01,7.783162593841552734e-01,-4.507107138633728027e-01,6.592806312255561352e-04,5.843307822942733765e-03,2.187184290960431099e-03,4.479233175516128540e-04,6.104138214141130447e-03,6.806704681366682053e-03,-1.033430336974561214e-03,-7.952899904921650887e-04,6.898060441017150879e-03
1.201691702008247375e-01,-5.601032078266143799e-02,2.187998034060001373e-02,2.338075079023838043e-02,-2.173704281449317932e-02,-6.040170416235923767e-02,-1.086634397506713867e-01,-2.915328145027160645e-01,7.555064558982849121e-01,-4.362534284591674805e-01,-1.383272319799289107e-04,5.846426356583833694e-03,2.700441749766469002e-03,4.367655201349407434e-04,6.113412324339151382e-03,6.793319713324308395e-03,-9.524947963654994965e-04,-8.156384574249386787e-04,6.705329753458499908e-03
1.204149350523948669e-01,-5.468228459358215332e-02,3.322593122720718384e-02,7.283754181116819382e-03,-1.746611110866069794e-02,-6.848075985908508301e-02,-9.603808075189590454e-02,-2.914334833621978760e-01,7.339287400245666504e-01,-4.203832149505615234e-01,-6.310863795988552738e-07,5.901970434933900833e-03,3.043820615857839584e-03,4.284637980163097382e-04,6.092614028602838516e-03,6.759849376976490021e-03,-8.073625504039227962e-04,-8.280779002234339714e-04,6.392178591340780258e-03
1.201482191681861877e-01,-5.450946465134620667e-02,4.339664429426193237e-02,-7.669799961149692535e-03,-1.358260773122310638e-02,-7.660496234893798828e-02,-8.433279395103454590e-02,-2.894990444183349609e-01,7.110819220542907715e-01,-4.033612012863159180e-01,-3.702924295794218779e-04,6.018067710101604462e-03,3.222082043066620827e-03,4.154825292062014341e-04,6.117060780525207520e-03,6.743441335856914520e-03,-5.745649687014520168e-04,-8.388618589378893375e-04,6.220208015292882919e-03
1.194362342357635498e-01,-5.551069974899291992e-02,5.256819352507591248e-02,-2.105863578617572784e-02,-1.040864828974008560e-02,-8.370430767536163330e-02,-7.403003424406051636e-02,-2.850804030895233154e-01,6.877372860908508301e-01,-3.883863985538482666e-01,-9.556091972626745701e-04,6.062965374439954758e-03,3.266431158408522606e-03,4.023217479698359966e-04,6.148383487015962601e-03,6.735189352184534073e-03,-2.606073976494371891e-04,-8.469815365970134735e-04,6.118335295468568802e-03
1.186774149537086487e-01,-5.743344128131866455e-02,6.104720011353492737e-02,-3.290238231420516968e-02,-8.042920380830764771e-03,-8.939614892005920410e-02,-6.460583209991455078e-02,-2.780061960220336914e-01,6.639338135719299316e-01,-3.740018308162689209e-01,-1.337971771135926247e-03,6.072575692087411880e-03,3.294625552371144295e-03,3.882320015691220760e-04,6.179390475153923035e-03,6.733234971761703491e-03,4.489800267037935555e-05,-8.481133845634758472e-04,6.096088793128728867e-03
1.176432892680168152e-01,-6.029596552252769470e-02,6.831564009189605713e-02,-4.223640263080596924e-02,-6.937769241631031036e-03,-9.351602941751480103e-02,-5.604692921042442322e-02,-2.684476673603057861e-01,6.399454474449157715e-01,-3.603048324584960938e-01,-1.762058353051543236e-03,6.082693114876747131e-03,3.336049383506178856e-03,3.732084005605429411e-04,6.212339736521244049e-03,6.729173474013805389e-03,3.470332885626703501e-04,-8.490824839100241661e-04,6.041857879608869553e-03
1.168250888586044312e-01,-6.432871520519256592e-02,7.429175823926925659e-02,-4.888384416699409485e-02,-7.209567353129386902e-03,-9.307938814163208008e-02,-4.922168329358100891e-02,-2.574499547481536865e-01,6.190458536148071289e-01,-3.474463820457458496e-01,-1.808190485462546349e-03,6.092570256441831589e-03,3.406688105314970016e-03,3.568106621969491243e-04,6.268385332077741623e-03,6.698639132082462311e-03,7.485196110792458057e-04,-8.453690097667276859e-04,5.972329061478376389e-03
1.148595064878463745e-01,-6.954954564571380615e-02,7.791481167078018188e-02,-5.097026377916336060e-02,-9.642629884183406830e-03,-8.892705291509628296e-02,-4.431752488017082214e-02,-2.449099719524383545e-01,6.002542972564697266e-01,-3.370571732521057129e-01,-2.733422443270683289e-03,6.095962598919868469e-03,3.464818932116031647e-03,3.381650894880294800e-04,6.337577942758798599e-03,6.695821881294250488e-03,1.147478935308754444e-03,-8.412661263719201088e-04,5.902884062379598618e-03
1.112769991159439087e-01,-7.573092728853225708e-02,7.912455499172210693e-02,-4.854502528905868530e-02,-1.415057387202978134e-02,-8.352875709533691406e-02,-4.072001576423645020e-02,-2.310380637645721436e-01,5.810722112655639648e-01,-3.266655802726745605e-01,-4.663437604904174805e-03,6.012688856571912766e-03,3.471935400739312172e-03,3.197443147655576468e-04,6.409071851521730423e-03,6.715051364153623581e-03,1.301901764236390591e-03,-8.476672228425741196e-04,5.848069675266742706e-03
1.082740575075149536e-01,-8.257338404655456543e-02,7.896146178245544434e-02,-4.283226653933525085e-02,-2.041318081319332123e-02,-7.627703249454498291e-02,-3.791157528758049011e-02,-2.174698412418365479e-01,5.634406805038452148e-01,-3.141927123069763184e-01,-5.326694343239068985e-03,5.881924182176589966e-03,3.478164784610271454e-03,3.025774494744837284e-04,6.471745204180479050e-03,6.717851385474205017e-03,1.326598343439400196e-03,-8.660993771627545357e-04,5.837283562868833542e-03
1.052681356668472290e-01,-8.990557491779327393e-02,7.750030606985092163e-02,-3.376647084951400757e-02,-2.843816019594669342e-02,-6.876543164253234863e-02,-3.596067428588867188e-02,-2.040384560823440552e-01,5.455925464630126953e-01,-3.013836145401000977e-01,-5.546896718442440033e-03,5.879650823771953583e-03,3.484611632302403450e-03,2.835364430211484432e-04,6.502158474177122116e-03,6.717006675899028778e-03,1.349127385765314102e-03,-8.852520259097218513e-04,5.833055358380079269e-03
1.019627153873443604e-01,-9.740426391363143921e-02,7.413207739591598511e-02,-2.062338218092918396e-02,-3.851711004972457886e-02,-6.194500625133514404e-02,-3.451687842607498169e-02,-1.912236213684082031e-01,5.268521904945373535e-01,-2.864526510238647461e-01,-5.596516653895378113e-03,5.880163982510566711e-03,3.488558344542980194e-03,2.674538991414010525e-04,6.495238281786441803e-03,6.717745680361986160e-03,1.371501130051910877e-03,-9.060355951078236103e-04,5.855092313140630722e-03
9.862907975912094116e-02,-1.047949567437171936e-01,6.865527480840682983e-02,-3.325921716168522835e-03,-5.065177753567695618e-02,-5.555343255400657654e-02,-3.349202871322631836e-02,-1.794923543930053711e-01,5.074372291564941406e-01,-2.698260247707366943e-01,-5.357691552489995956e-03,5.878085736185312271e-03,3.495001234114170074e-03,2.560914435889571905e-04,6.447081454098224640e-03,6.716039497405290604e-03,1.395189785398542881e-03,-9.288907167501747608e-04,5.873403977602720261e-03
9.612210839986801147e-02,-1.116684898734092712e-01,6.219222024083137512e-02,1.615348644554615021e-02,-6.396811455488204956e-02,-4.798386245965957642e-02,-3.276747465133666992e-02,-1.687759160995483398e-01,4.876701533794403076e-01,-2.552489936351776123e-01,-4.223546013236045837e-03,5.874534603208303452e-03,3.505939617753028870e-03,2.553884696681052446e-04,6.342704407870769501e-03,6.715045776218175888e-03,1.422217465005815029e-03,-9.506090427748858929e-04,5.932606756687164307e-03
9.437664598226547241e-02,-1.176084503531455994e-01,5.514227971434593201e-02,3.791281208395957947e-02,-7.863504439592361450e-02,-4.208712652325630188e-02,-3.180332109332084656e-02,-1.588763147592544556e-01,4.673677682876586914e-01,-2.397214770317077637e-01,-2.530093304812908173e-03,5.874947179108858109e-03,3.516002558171749115e-03,2.623568580020219088e-04,6.278201472014188766e-03,6.714028306305408478e-03,1.449279137887060642e-03,-9.697109344415366650e-04,6.028815172612667084e-03
9.360251575708389282e-02,-1.223590299487113953e-01,4.798634350299835205e-02,6.168898940086364746e-02,-9.462534636259078979e-02,-3.636147081851959229e-02,-3.051568567752838135e-02,-1.487137079238891602e-01,4.463503658771514893e-01,-2.244876772165298462e-01,-3.341709380038082600e-04,5.881032906472682953e-03,3.529916750267148018e-03,2.766948600765317678e-04,6.220179609954357147e-03,6.715596653521060944e-03,1.479943166486918926e-03,-9.816614910960197449e-04,6.125289481133222580e-03
9.233158081769943237e-02,-1.257275044918060303e-01,4.009637609124183655e-02,8.820492029190063477e-02,-1.121187359094619751e-01,-3.187301382422447205e-02,-3.130428865551948547e-02,-1.368312537670135498e-01,4.285374879837036133e-01,-2.360717058181762695e-01,8.000049274414777756e-04,5.878955591470003128e-03,3.510794602334499359e-03,3.005964099429547787e-04,6.069645285606384277e-03,6.722376681864261627e-03,1.498650293797254562e-03,-1.004470861516892910e-03,6.208686158061027527e-03
9.117346256971359253e-02,-1.270740032196044922e-01,3.138361498713493347e-02,1.167480200529098511e-01,-1.307154893875122070e-01,-2.838424220681190491e-02,-3.307860717177391052e-02,-1.208395510911941528e-01,4.092312753200531006e-01,-2.486731410026550293e-01,1.598919159732758999e-03,5.879784468561410904e-03,3.484197892248630524e-03,3.264604019932448864e-04,5.727973766624927521e-03,6.737194955348968506e-03,1.516370684839785099e-03,-1.022827811539173126e-03,6.280780304223299026e-03
9.134635329246520996e-02,-1.265984624624252319e-01,2.107387594878673553e-02,1.476086527109146118e-01,-1.505525112152099609e-01,-2.420563064515590668e-02,-3.354307636618614197e-02,-1.031548157334327698e-01,3.873332738876342773e-01,-2.612549364566802979e-01,3.505433909595012665e-03,5.890487693250179291e-03,3.473932622000575066e-03,3.601437201723456383e-04,5.168744362890720367e-03,6.738825701177120209e-03,1.539441989734768867e-03,-1.037520705722272396e-03,6.283813156187534332e-03
9.032676368951797485e-02,-1.246078088879585266e-01,9.924211539328098297e-03,1.785442829132080078e-01,-1.695805788040161133e-01,-2.316313795745372772e-02,-3.221534937620162964e-02,-9.069981426000595093e-02,3.736735880374908447e-01,-2.712695598602294922e-01,4.498469177633523941e-03,5.867173429578542709e-03,3.201800398528575897e-03,4.190821782685816288e-04,5.561186466366052628e-03,6.734538823366165161e-03,1.391781494021415710e-03,-1.036577043123543262e-03,7.256978191435337067e-03
7.930921018123626709e-02,-1.178774163126945496e-01,1.061270129866898060e-03,2.079425156116485596e-01,-1.861926317214965820e-01,-2.489808201789855957e-02,-2.830731496214866638e-02,-8.223090320825576782e-02,3.711321353912353516e-01,-2.763967216014862061e-01,3.420686349272727966e-03,6.070739589631557465e-03,1.574184978380799294e-03,4.168907180428504944e-04,6.785589735954999924e-03,7.047163788229227066e-03,1.203387859277427197e-03,-1.023533404804766178e-03,8.899588137865066528e-03
6.711659580469131470e-02,-1.087237671017646790e-01,-1.013240125030279160e-02,2.402679473161697388e-01,-1.983750611543655396e-01,-2.528204023838043213e-02,-2.389509975910186768e-02,-6.846994161605834961e-02,3.571192920207977295e-01,-2.745056152343750000e-01,3.481448162347078323e-03,6.163801066577434540e-03,1.170964787888806313e-05,4.174235509708523750e-04,6.915803533047437668e-03,7.057644892483949661e-03,1.155848032794892788e-03,-1.021936652250587940e-03,8.910018019378185272e-03
5.785430967807769775e-02,-9.881725907325744629e-02,-2.495042979717254639e-02,2.752008140087127686e-01,-2.094254344701766968e-01,-2.526738867163658142e-02,-1.962034963071346283e-02,-5.273977667093276978e-02,3.375203907489776611e-01,-2.695184350013732910e-01,3.495251759886741638e-03,6.181494332849979401e-03,-9.983662748709321022e-04,4.157303774263709784e-04,6.902118213474750519e-03,7.051065564155578613e-03,1.118831452913582325e-03,-1.021548989228904247e-03,8.823071606457233429e-03
5.055127665400505066e-02,-8.877471834421157837e-02,-4.318619146943092346e-02,3.112078011035919189e-01,-2.210896909236907959e-01,-2.519054710865020752e-02,-1.559332292526960373e-02,-3.659774735569953918e-02,3.151382505893707275e-01,-2.630240917205810547e-01,3.326921258121728897e-03,6.178244948387145996e-03,-1.467689289711415768e-03,4.139457014389336109e-04,6.848309654742479324e-03,7.037071045488119125e-03,1.082795788533985615e-03,-1.020261435769498348e-03,8.678648620843887329e-03
4.643630236387252808e-02,-7.881163805723190308e-02,-6.474316865205764771e-02,3.469461202621459961e-01,-2.304023206233978271e-01,-2.442940138280391693e-02,-1.168343983590602875e-02,-2.181169576942920685e-02,2.929503619670867920e-01,-2.560928761959075928e-01,3.513118950650095940e-03,6.170229520648717880e-03,-1.527958549559116364e-03,4.177967784926295280e-04,6.613533478230237961e-03,7.021448109298944473e-03,1.059785601682960987e-03,-1.023616525344550610e-03,8.182798512279987335e-03
4.552243277430534363e-02,-6.883190572261810303e-02,-8.898109197616577148e-02,3.809358775615692139e-01,-2.417037636041641235e-01,-2.370933257043361664e-02,-7.599468808621168137e-03,-9.490984492003917694e-03,2.737423777580261230e-01,-2.504495382308959961e-01,3.328806720674037933e-03,6.159439682960510254e-03,-1.555033493787050247e-03,4.231973434798419476e-04,6.205666810274124146e-03,7.005835883319377899e-03,1.039547496475279331e-03,-1.023525022901594639e-03,7.660123985260725021e-03
4.556903988122940063e-02,-5.875990167260169983e-02,-1.144687756896018982e-01,4.116128981113433838e-01,-2.541032135486602783e-01,-2.336428314447402954e-02,-3.206456080079078674e-03,-1.770285452948883176e-04,2.593952715396881104e-01,-2.471302002668380737e-01,2.717562951147556305e-03,6.141127552837133408e-03,-1.591054489836096764e-03,4.298471321817487478e-04,5.809652153402566910e-03,6.986838765442371368e-03,1.015560701489448547e-03,-1.021929201669991016e-03,7.273803930729627609e-03
4.979762807488441467e-02,-4.911367967724800110e-02,-1.390955746173858643e-01,4.375576376914978027e-01,-2.684652209281921387e-01,-2.158935368061065674e-02,1.521999947726726532e-03,7.121896371245384216e-03,2.492239624261856079e-01,-2.458399385213851929e-01,3.338889917358756065e-03,6.140245124697685242e-03,-1.620232826098799706e-03,4.352351243142038584e-04,5.755572579801082611e-03,6.978207267820835114e-03,9.961422765627503395e-04,-1.019816729240119457e-03,7.215835154056549072e-03
5.269683897495269775e-02,-3.995054960250854492e-02,-1.618708670139312744e-01,4.586452543735504150e-01,-2.803646922111511230e-01,-2.005698718130588531e-02,6.551786325871944427e-03,1.292723789811134338e-02,2.429978400468826294e-01,-2.467157989740371704e-01,3.340099705383181572e-03,6.130967289209365845e-03,-1.650337595492601395e-03,4.415563889779150486e-04,5.702038295567035675e-03,6.966662127524614334e-03,9.739905362948775291e-04,-1.017718459479510784e-03,7.150637917220592499e-03
5.373498424887657166e-02,-3.190255165100097656e-02,-1.822370588779449463e-01,4.761587977409362793e-01,-2.937322854995727539e-01,-1.805974915623664856e-02,1.163698360323905945e-02,1.665464416146278381e-02,2.418807744979858398e-01,-2.502608001232147217e-01,3.526393556967377663e-03,6.126026622951030731e-03,-1.677336869761347771e-03,4.456082533579319715e-04,5.667864345014095306e-03,6.928529590368270874e-03,9.540366008877754211e-04,-1.016866648569703102e-03,7.041410543024539948e-03
5.539950355887413025e-02,-2.535566873848438263e-02,-1.998033523559570312e-01,4.904263019561767578e-01,-3.034670054912567139e-01,-1.483737397938966751e-02,1.670111902058124542e-02,1.899216696619987488e-02,2.450264990329742432e-01,-2.560830414295196533e-01,4.477074369788169861e-03,6.134947296231985092e-03,-1.699570333585143089e-03,4.500486538745462894e-04,5.655372049659490585e-03,6.900989916175603867e-03,9.376892703585326672e-04,-1.013106550090014935e-03,7.009636610746383667e-03
5.485985800623893738e-02,-1.991381123661994934e-02,-2.151984870433807373e-01,5.016148686408996582e-01,-3.105548620223999023e-01,-1.235981285572052002e-02,2.179476059973239899e-02,2.000822313129901886e-02,2.521491348743438721e-01,-2.641677558422088623e-01,4.255958832800388336e-03,6.129864603281021118e-03,-1.723821857012808323e-03,4.573327314574271441e-04,5.618504248559474945e-03,6.871578283607959747e-03,9.170090197585523129e-04,-1.008600229397416115e-03,6.915969308465719223e-03
5.482511222362518311e-02,-1.532789506018161774e-02,-2.292050421237945557e-01,5.102312564849853516e-01,-3.144363760948181152e-01,-1.005902327597141266e-02,2.713043987751007080e-02,2.030975930392742157e-02,2.618578374385833740e-01,-2.737731635570526123e-01,3.764922963455319405e-03,6.124691572040319443e-03,-1.755301724188029766e-03,4.648715548682957888e-04,5.615130532532930374e-03,6.865315139293670654e-03,8.920629625208675861e-04,-1.003675628453493118e-03,6.900851149111986160e-03
5.546680465340614319e-02,-1.127745397388935089e-02,-2.415551245212554932e-01,5.158377885818481445e-01,-3.144260644912719727e-01,-7.712810300290584564e-03,3.278809040784835815e-02,2.075506746768951416e-02,2.725027501583099365e-01,-2.840606570243835449e-01,3.298702882602810860e-03,6.121295038610696793e-03,-1.788193010725080967e-03,4.725726612377911806e-04,5.615381989628076553e-03,6.860368885099887848e-03,8.662384934723377228e-04,-9.983866475522518158e-04,6.891247816383838654e-03
5.565427243709564209e-02,-8.119828067719936371e-03,-2.525434494018554688e-01,5.199432969093322754e-01,-3.111451864242553711e-01,-5.324097350239753723e-03,3.842718526721000671e-02,2.120332606136798859e-02,2.839833199977874756e-01,-2.949309647083282471e-01,2.875137142837047577e-03,6.119422148913145065e-03,-1.821177429519593716e-03,4.793532425537705421e-04,5.642670672386884689e-03,6.853923667222261429e-03,8.397784549742937088e-04,-9.927614592015743256e-04,6.860492751002311707e-03
5.587876215577125549e-02,-6.297407206147909164e-03,-2.619993686676025391e-01,5.217298269271850586e-01,-3.076482117176055908e-01,-2.771832048892974854e-03,4.379226267337799072e-02,2.211747132241725922e-02,2.950982153415679932e-01,-3.057267367839813232e-01,2.586756367236375809e-03,6.123349070549011230e-03,-1.857097493484616280e-03,4.863911599386483431e-04,5.685402080416679382e-03,6.852025631815195084e-03,8.106952882371842861e-04,-9.872189257293939590e-04,6.841591559350490570e-03
5.588786676526069641e-02,-5.607828032225370407e-03,-2.708965241909027100e-01,5.225968956947326660e-01,-3.023391962051391602e-01,-5.332677392289042473e-04,4.891624674201011658e-02,2.333867177367210388e-02,3.057382106781005859e-01,-3.164375722408294678e-01,2.004522597417235374e-03,6.122702732682228088e-03,-1.891443273052573204e-03,4.936378099955618382e-04,5.708654876798391342e-03,6.851309910416603088e-03,7.819368038326501846e-04,-9.816266829147934914e-04,6.809134967625141144e-03
5.357484146952629089e-02,-4.935402423143386841e-03,-2.787686288356781006e-01,5.222632288932800293e-01,-2.934069931507110596e-01,1.725163660012185574e-03,5.399313196539878845e-02,2.462303265929222107e-02,3.159627616405487061e-01,-3.268291354179382324e-01,1.558666233904659748e-03,6.122206803411245346e-03,-1.925134565681219101e-03,4.982045502401888371e-04,5.702489521354436874e-03,6.850199308246374130e-03,7.530996808782219887e-04,-9.753459598869085312e-04,6.782243959605693817e-03
4.870977997779846191e-02,-4.266315605491399765e-03,-2.859486937522888184e-01,5.216984152793884277e-01,-2.841427028179168701e-01,3.379526082426309586e-03,5.899784713983535767e-02,2.656028605997562408e-02,3.250982165336608887e-01,-3.370205461978912354e-01,6.044107140041887760e-04,6.123204249888658524e-03,-1.961538568139076233e-03,5.043836426921188831e-04,5.742488894611597061e-03,6.863767746835947037e-03,7.207126473076641560e-04,-9.678647038526833057e-04,6.764856632798910141e-03
4.689874127507209778e-02,-4.222760908305644989e-03,-2.931958734989166260e-01,5.221696496009826660e-01,-2.738489806652069092e-01,5.442024208605289459e-03,6.399866938591003418e-02,3.004442527890205383e-02,3.317205905914306641e-01,-3.459737896919250488e-01,2.811858139466494322e-04,6.127667147666215897e-03,-1.996978418901562691e-03,5.108939367346465588e-04,5.804463755339384079e-03,6.882139015942811966e-03,6.905377376824617386e-04,-9.601471829228103161e-04,6.820270325988531113e-03
4.305385053157806396e-02,-3.930171951651573181e-03,-2.992233037948608398e-01,5.218960642814636230e-01,-2.657197117805480957e-01,6.552832201123237610e-03,6.895416229963302612e-02,3.509746864438056946e-02,3.358779847621917725e-01,-3.539899885654449463e-01,-7.274303352460265160e-04,6.129038985818624496e-03,-2.031875541433691978e-03,5.168792558833956718e-04,5.842991173267364502e-03,6.906856317073106766e-03,6.593860452994704247e-04,-9.521390893496572971e-04,6.821505725383758545e-03
4.205395281314849854e-02,-3.927633631974458694e-03,-3.047178387641906738e-01,5.221983194351196289e-01,-2.580781579017639160e-01,8.622000925242900848e-03,7.392607629299163818e-02,4.104227572679519653e-02,3.385279178619384766e-01,-3.613128662109375000e-01,-6.698932265862822533e-04,6.134252529591321945e-03,-2.060210099443793297e-03,5.224217893555760384e-04,5.868515465408563614e-03,6.916254293173551559e-03,6.387612666003406048e-04,-9.475143742747604847e-04,6.833218969404697418e-03
4.178543016314506531e-02,-3.931644838303327560e-03,-3.099605143070220947e-01,5.230751037597656250e-01,-2.516401112079620361e-01,1.049279049038887024e-02,7.903992384672164917e-02,4.783634096384048462e-02,3.396049439907073975e-01,-3.679760098457336426e-01,-8.124388405121862888e-04,6.135600153356790543e-03,-2.091601956635713577e-03,5.291581037454307079e-04,5.881164688616991043e-03,6.929074414074420929e-03,6.135031580924987793e-04,-9.411284700036048889e-04,6.832521874457597733e-03
3.840094804763793945e-02,-3.184383502230048180e-03,-3.150610029697418213e-01,5.243766903877258301e-01,-2.456382066011428833e-01,1.150922477245330811e-02,8.431447297334671021e-02,5.458839237689971924e-02,3.401825726032257080e-01,-3.744672834873199463e-01,-1.569351996295154095e-03,6.130435969680547714e-03,-2.123288577422499657e-03,5.341898067854344845e-04,5.854134447872638702e-03,6.945013999938964844e-03,5.864438135176897049e-04,-9.351465268991887569e-04,6.783680524677038193e-03
3.684713691473007202e-02,-2.292772987857460976e-03,-3.200480639934539795e-01,5.252098441123962402e-01,-2.380868345499038696e-01,1.349475234746932983e-02,8.971773833036422729e-02,6.087604537606239319e-02,3.408764600753784180e-01,-3.809341490268707275e-01,-1.290228567086160183e-03,6.135114002972841263e-03,-2.146839164197444916e-03,5.381593946367502213e-04,5.842463579028844833e-03,6.951289717108011246e-03,5.713311256840825081e-04,-9.335817303508520126e-04,6.758329458534717560e-03
3.470385819673538208e-02,-1.219811150804162025e-03,-3.256058096885681152e-01,5.271757245063781738e-01,-2.293824702501296997e-01,1.517234649509191513e-02,9.511888027191162109e-02,6.703461706638336182e-02,3.410200774669647217e-01,-3.871434926986694336e-01,-1.396881300024688244e-03,6.137808319181203842e-03,-2.175663597881793976e-03,5.424183327704668045e-04,5.836543161422014236e-03,6.960566155612468719e-03,5.487663438543677330e-04,-9.292413596995174885e-04,6.724576000124216080e-03
3.310525789856910706e-02,2.115071984007954597e-04,-3.308311700820922852e-01,5.289584398269653320e-01,-2.192635834217071533e-01,1.720778085291385651e-02,1.005685329437255859e-01,7.329901307821273804e-02,3.401961922645568848e-01,-3.928652107715606689e-01,-1.219960162416100502e-03,6.146302912384271622e-03,-2.197464928030967712e-03,5.458443774841725826e-04,5.837206728756427765e-03,6.971368566155433655e-03,5.366301047615706921e-04,-9.275630000047385693e-04,6.717912852764129639e-03
3.130660578608512878e-02,2.788543235510587692e-03,-3.355635702610015869e-01,5.324655175209045410e-01,-1.999764144420623779e-01,1.936225220561027527e-02,1.061022505164146423e-01,7.955312728881835938e-02,3.385895788669586182e-01,-3.981899619102478027e-01,-1.127657131291925907e-03,6.158577278256416321e-03,-2.220660680904984474e-03,5.495185032486915588e-04,5.820120684802532196e-03,6.984164938330650330e-03,5.147759802639484406e-04,-9.249433642253279686e-04,6.704972591251134872e-03
2.938416041433811188e-02,5.418526474386453629e-03,-3.398540019989013672e-01,5.347375273704528809e-01,-1.788206398487091064e-01,2.130807749927043915e-02,1.114092990756034851e-01,8.534342050552368164e-02,3.369427919387817383e-01,-4.035108983516693115e-01,-1.284615602344274521e-03,6.169212050735950470e-03,-2.244862262159585953e-03,5.538344266824424267e-04,5.820979829877614975e-03,7.004290353506803513e-03,4.835182044189423323e-04,-9.208686533384025097e-04,6.629342213273048401e-03
3.125558793544769287e-02,9.172384627163410187e-03,-3.438652455806732178e-01,5.519633889198303223e-01,-1.909983158111572266e-01,2.382474020123481750e-02,1.155663952231407166e-01,9.309293329715728760e-02,3.318482637405395508e-01,-4.072917103767395020e-01,-1.026949146762490273e-03,6.185745820403099060e-03,-2.199458889663219452e-03,5.459458334371447563e-04,6.520342081785202026e-03,7.000171113759279251e-03,5.271037807688117027e-04,-9.404922020621597767e-04,6.706848740577697754e-03
3.399825841188430786e-02,1.070290151983499527e-02,-3.456823825836181641e-01,5.656402111053466797e-01,-2.042483389377593994e-01,2.665675245225429535e-02,1.171208396553993225e-01,9.968671947717666626e-02,3.273474574089050293e-01,-4.093799889087677002e-01,-7.842651102691888809e-04,6.199519615620374680e-03,-2.148612635210156441e-03,5.318425246514379978e-04,6.643572356551885605e-03,6.972649134695529938e-03,5.781749496236443520e-04,-9.574862779118120670e-04,6.597706582397222519e-03
3.737347945570945740e-02,1.070408429950475693e-02,-3.474924564361572266e-01,5.761371850967407227e-01,-2.154698520898818970e-01,3.184540942311286926e-02,1.170990094542503357e-01,1.024390980601310730e-01,3.270212411880493164e-01,-4.116302132606506348e-01,-2.570611832197755575e-04,6.209434475749731064e-03,-2.102169906720519066e-03,5.215403507463634014e-04,6.696517113596200943e-03,6.941351573914289474e-03,6.274919142015278339e-04,-9.671010193414986134e-04,6.514734588563442230e-03
4.053665325045585632e-02,1.011332776397466660e-02,-3.488054871559143066e-01,5.838558673858642578e-01,-2.249427139759063721e-01,3.930043801665306091e-02,1.164184138178825378e-01,1.024969294667243958e-01,3.303932845592498779e-01,-4.136161208152770996e-01,-1.929040154209360480e-04,6.216876208782196045e-03,-2.060742583125829697e-03,5.133156082592904568e-04,6.804823875427246094e-03,6.925324909389019012e-03,6.748235318809747696e-04,-9.681237279437482357e-04,6.595732644200325012e-03
4.278706386685371399e-02,9.205712936818599701e-03,-3.490194082260131836e-01,5.886291265487670898e-01,-2.326411306858062744e-01,4.999485611915588379e-02,1.153074726462364197e-01,1.016615554690361023e-01,3.353036642074584961e-01,-4.146260917186737061e-01,-7.265558815561234951e-04,6.212024483829736710e-03,-2.025185385718941689e-03,5.076214438304305077e-04,6.880260538309812546e-03,6.914900150150060654e-03,7.157758227549493313e-04,-9.608700638636946678e-04,6.690023932605981827e-03
4.518042877316474915e-02,7.900907658040523529e-03,-3.480690419673919678e-01,5.901736021041870117e-01,-2.386097759008407593e-01,6.378412991762161255e-02,1.137113124132156372e-01,9.820624440908432007e-02,3.444596827030181885e-01,-4.149810671806335449e-01,-8.012426551431417465e-04,6.215796805918216705e-03,-1.987386960536241531e-03,5.038134404458105564e-04,6.915979087352752686e-03,6.899558007717132568e-03,7.551495800726115704e-04,-9.556591976433992386e-04,6.739902310073375702e-03
4.691329970955848694e-02,6.155615206807851791e-03,-3.465424180030822754e-01,5.889418721199035645e-01,-2.426934838294982910e-01,7.641329616308212280e-02,1.116508543491363525e-01,9.227161109447479248e-02,3.570678830146789551e-01,-4.146209955215454102e-01,-1.092150923795998096e-03,6.216715555638074875e-03,-1.956825377419590950e-03,5.020073149353265762e-04,6.918982602655887604e-03,6.897543091326951981e-03,7.905319216661155224e-04,-9.422959410585463047e-04,6.786154583096504211e-03
4.851670190691947937e-02,4.132173489779233932e-03,-3.444512188434600830e-01,5.848964452743530273e-01,-2.450288236141204834e-01,8.807832002639770508e-02,1.089680567383766174e-01,8.401651680469512939e-02,3.720699846744537354e-01,-4.131753742694854736e-01,-1.129138516262173653e-03,6.219723261892795563e-03,-1.921842340379953384e-03,5.014375783503055573e-04,6.912529002875089645e-03,6.897001992911100388e-03,8.295607985928654671e-04,-9.282925748266279697e-04,6.843880284577608109e-03
5.029351636767387390e-02,1.862128614448010921e-03,-3.414562642574310303e-01,5.778456330299377441e-01,-2.455827742815017700e-01,9.937069565057754517e-02,1.051121205091476440e-01,7.329612225294113159e-02,3.898886442184448242e-01,-4.102651476860046387e-01,-1.000884338282048702e-03,6.230120547115802765e-03,-1.879344112239778042e-03,5.014009075239300728e-04,6.905150599777698517e-03,6.878447253257036209e-03,8.735617157071828842e-04,-9.181530331261456013e-04,6.903476547449827194e-03
5.139157921075820923e-02,-6.633423618040978909e-04,-3.374123573303222656e-01,5.678626894950866699e-01,-2.443790137767791748e-01,1.087888404726982117e-01,9.929044544696807861e-02,5.991452187299728394e-02,4.112324714660644531e-01,-4.055984318256378174e-01,-1.347278011962771416e-03,6.228686776012182236e-03,-1.847171224653720856e-03,5.013745394535362720e-04,6.914071738719940186e-03,6.873432546854019165e-03,9.122086921706795692e-04,-8.996270480565726757e-04,6.987062282860279083e-03
5.254956334829330444e-02,-3.297835588455200195e-03,-3.322499990463256836e-01,5.553647875785827637e-01,-2.417424768209457397e-01,1.184661611914634705e-01,9.109642356634140015e-02,4.420309886336326599e-02,4.348315894603729248e-01,-3.988685607910156250e-01,-1.294125220738351345e-03,6.223440635949373245e-03,-1.811271649785339832e-03,5.015092319808900356e-04,6.920218467712402344e-03,6.863586604595184326e-03,9.518220322206616402e-04,-8.871178142726421356e-04,7.062075193971395493e-03
5.344117432832717896e-02,-5.798974074423313141e-03,-3.257371783256530762e-01,5.403434634208679199e-01,-2.377227991819381714e-01,1.266784816980361938e-01,8.076041936874389648e-02,2.658656239509582520e-02,4.588317275047302246e-01,-3.912148773670196533e-01,-1.315377536229789257e-03,6.213875487446784973e-03,-1.774958218447864056e-03,5.010874010622501373e-04,6.930548232048749924e-03,6.859205663204193115e-03,9.910683147609233856e-04,-8.729189285077154636e-04,7.157336454838514328e-03
5.419162660837173462e-02,-8.061876520514488220e-03,-3.175848126411437988e-01,5.229856371879577637e-01,-2.324747592210769653e-01,1.324759572744369507e-01,6.914783269166946411e-02,7.423523347824811935e-03,4.826868772506713867e-01,-3.857611119747161865e-01,-1.276774448342621326e-03,6.208031903952360153e-03,-1.739331288263201714e-03,5.012303008697926998e-04,6.933862809091806412e-03,6.850609555840492249e-03,1.027776277624070644e-03,-8.627389906905591488e-04,7.226594258099794388e-03
5.477635934948921204e-02,-1.018218323588371277e-02,-3.075107038021087646e-01,5.038877129554748535e-01,-2.265278548002243042e-01,1.337012797594070435e-01,5.685408413410186768e-02,-1.269365660846233368e-02,5.063261389732360840e-01,-3.851354420185089111e-01,-1.326960627920925617e-03,6.202945485711097717e-03,-1.708339201286435127e-03,5.023305420763790607e-04,6.932898890227079391e-03,6.839644163846969604e-03,1.058664056472480297e-03,-8.550204220227897167e-04,7.258426863700151443e-03
5.591426044702529907e-02,-1.212119590491056442e-02,-2.954428493976593018e-01,4.837158918380737305e-01,-2.203924208879470825e-01,1.335354745388031006e-01,4.458995163440704346e-02,-3.202219679951667786e-02,5.263493657112121582e-01,-3.869642913341522217e-01,-9.723466937430202961e-04,6.201087497174739838e-03,-1.674411934800446033e-03,5.046877195127308369e-04,6.929691880941390991e-03,6.818458437919616699e-03,1.093296217732131481e-03,-8.512680069543421268e-04,7.287964224815368652e-03
5.713499337434768677e-02,-1.376326102763414383e-02,-2.815588712692260742e-01,4.633098244667053223e-01,-2.144933491945266724e-01,1.310784518718719482e-01,3.308182582259178162e-02,-5.036683008074760437e-02,5.438950061798095703e-01,-3.932195901870727539e-01,-7.482527289539575577e-04,6.194990128278732300e-03,-1.643995288759469986e-03,5.078088724985718727e-04,6.924380082637071609e-03,6.798130460083484650e-03,1.125711947679519653e-03,-8.479364332742989063e-04,7.313537411391735077e-03
5.863313749432563782e-02,-1.519961189478635788e-02,-2.657326757907867432e-01,4.424472153186798096e-01,-2.088114023208618164e-01,1.275720298290252686e-01,2.249895036220550537e-02,-6.703032553195953369e-02,5.575886964797973633e-01,-4.020087718963623047e-01,-4.669628106057643890e-04,6.193217821419239044e-03,-1.609141705557703972e-03,5.105428281240165234e-04,6.925539579242467880e-03,6.778257433325052261e-03,1.159393461421132088e-03,-8.480810211040079594e-04,7.337808143347501755e-03
5.998580530285835266e-02,-1.651147566735744476e-02,-2.485620677471160889e-01,4.217515885829925537e-01,-2.034316807985305786e-01,1.220759227871894836e-01,1.271810289472341537e-02,-8.232048153877258301e-02,5.677884221076965332e-01,-4.096144139766693115e-01,-4.583185946103185415e-04,6.184587720781564713e-03,-1.581846154294908047e-03,5.134158418513834476e-04,6.929728202521800995e-03,6.760915275663137436e-03,1.187321962788701057e-03,-8.484634454362094402e-04,7.335192058235406876e-03
6.125605478882789612e-02,-1.760401949286460876e-02,-2.304102778434753418e-01,4.015756249427795410e-01,-1.986091136932373047e-01,1.164942756295204163e-01,3.919035661965608597e-03,-9.536103904247283936e-02,5.729692578315734863e-01,-4.162684977054595947e-01,-5.695403087884187698e-04,6.174750160425901413e-03,-1.552846399135887623e-03,5.156206898391246796e-04,6.941591389477252960e-03,6.744142156094312668e-03,1.215267810039222240e-03,-8.508767932653427124e-04,7.339611183851957321e-03
6.189636886119842529e-02,-1.832143217325210571e-02,-2.122268229722976685e-01,3.833799362182617188e-01,-1.948070675134658813e-01,1.111175343394279480e-01,-3.669827710837125778e-03,-1.055245995521545410e-01,5.724934339523315430e-01,-4.225572049617767334e-01,-1.087804092094302177e-03,6.129344459623098373e-03,-1.535540563054382801e-03,5.166484043002128601e-04,6.896448321640491486e-03,6.724739912897348404e-03,1.237464952282607555e-03,-8.507788297720253468e-04,7.300268858671188354e-03
6.279475986957550049e-02,-1.850936561822891235e-02,-1.952846795320510864e-01,3.687543272972106934e-01,-1.929866224527359009e-01,1.083819940686225891e-01,-1.003791019320487976e-02,-1.136223599314689636e-01,5.676622390747070312e-01,-4.255077540874481201e-01,-1.113629550673067570e-03,6.078328937292098999e-03,-1.511860289610922337e-03,5.176570848561823368e-04,6.718665827065706253e-03,6.699590943753719330e-03,1.262320787645876408e-03,-8.578127017244696617e-04,7.227321155369281769e-03
6.349026411771774292e-02,-1.842327229678630829e-02,-1.805692762136459351e-01,3.586868047714233398e-01,-1.933861970901489258e-01,1.060513779520988464e-01,-1.553812809288501740e-02,-1.199200674891471863e-01,5.579385757446289062e-01,-4.239615797996520996e-01,-1.222734106704592705e-03,6.039801519364118576e-03,-1.490018679760396481e-03,5.172097589820623398e-04,6.507955025881528854e-03,6.670807953923940659e-03,1.283788587898015976e-03,-8.688537054695188999e-04,7.019496988505125046e-03
6.444998085498809814e-02,-1.828620769083499908e-02,-1.680812239646911621e-01,3.524603545665740967e-01,-1.956312358379364014e-01,1.062038838863372803e-01,-2.053129859268665314e-02,-1.244999617338180542e-01,5.438174009323120117e-01,-4.192243516445159912e-01,-1.022817916236817837e-03,6.017177365720272064e-03,-1.455770456232130527e-03,5.143336020410060883e-04,6.426252890378236771e-03,6.642543710768222809e-03,1.312769949436187744e-03,-8.841015514917671680e-04,6.899042986333370209e-03
6.472527235746383667e-02,-1.807609386742115021e-02,-1.579870432615280151e-01,3.499028384685516357e-01,-1.994466632604598999e-01,1.062567904591560364e-01,-2.497386001050472260e-02,-1.280514597892761230e-01,5.266844630241394043e-01,-4.107283353805541992e-01,-1.302926801145076752e-03,5.951689556241035461e-03,-1.429333467967808247e-03,5.110431229695677757e-04,6.290801800787448883e-03,6.616543978452682495e-03,1.337663736194372177e-03,-8.964434382505714893e-04,6.797889247536659241e-03
6.522317975759506226e-02,-1.778415776789188385e-02,-1.495019793510437012e-01,3.495541512966156006e-01,-2.042362242937088013e-01,1.067687198519706726e-01,-2.876509726047515869e-02,-1.311519145965576172e-01,5.080263614654541016e-01,-3.999595344066619873e-01,-1.180626219138503075e-03,5.932659842073917389e-03,-1.376125263050198555e-03,5.060608382336795330e-04,6.262421607971191406e-03,6.592616438865661621e-03,1.370564918033778667e-03,-9.149182587862014771e-04,6.773413624614477158e-03
6.572587043046951294e-02,-1.752283237874507904e-02,-1.418355554342269897e-01,3.498747944831848145e-01,-2.092034071683883667e-01,1.080123633146286011e-01,-3.193036094307899475e-02,-1.334616541862487793e-01,4.879405796527862549e-01,-3.859680294990539551e-01,-1.040952047333121300e-03,5.924030207097530365e-03,-1.273615052923560143e-03,4.997923970222473145e-04,6.270502228289842606e-03,6.572445854544639587e-03,1.406898023560643196e-03,-9.342461125925183296e-04,6.756302900612354279e-03
6.699026376008987427e-02,-1.696631312370300293e-02,-1.349294334650039673e-01,3.507677316665649414e-01,-2.143770754337310791e-01,1.105517446994781494e-01,-3.364527225494384766e-02,-1.361399739980697632e-01,4.694681167602539062e-01,-3.691539168357849121e-01,-1.742386812111362815e-04,5.919324699789285660e-03,-1.042438554577529430e-03,4.943265230394899845e-04,6.225801538676023483e-03,6.552691571414470673e-03,1.445756410248577595e-03,-9.513261029496788979e-04,6.768101360648870468e-03
6.829409301280975342e-02,-1.611043140292167664e-02,-1.289692074060440063e-01,3.527461886405944824e-01,-2.196999043226242065e-01,1.123836040496826172e-01,-3.383871167898178101e-02,-1.385378390550613403e-01,4.510963857173919678e-01,-3.511672914028167725e-01,5.304939113557338715e-04,5.933567415922880173e-03,-6.951828836463391781e-04,4.871579876635223627e-04,6.212831940501928329e-03,6.533428560942411423e-03,1.485395594500005245e-03,-9.701628005132079124e-04,6.768906023353338242e-03
6.946686655282974243e-02,-1.526435185223817825e-02,-1.233561411499977112e-01,3.553585112094879150e-01,-2.256157398223876953e-01,1.136593893170356750e-01,-3.321884199976921082e-02,-1.406278759241104126e-01,4.343131780624389648e-01,-3.314790129661560059e-01,9.089938248507678509e-04,5.949473939836025238e-03,-3.003184974659234285e-04,4.769997030962258577e-04,6.211352534592151642e-03,6.519485730677843094e-03,1.526697655208408833e-03,-9.933003457263112068e-04,6.774424575269222260e-03
7.087366282939910889e-02,-1.417529396712779999e-02,-1.175105124711990356e-01,3.579793870449066162e-01,-2.316518872976303101e-01,1.168057322502136230e-01,-3.214983642101287842e-02,-1.407947242259979248e-01,4.239774942398071289e-01,-2.938552200794219971e-01,1.343196607194840908e-03,5.982199218124151230e-03,4.371311661088839173e-05,4.687242908403277397e-04,6.220540497452020645e-03,6.509544327855110168e-03,1.561019686050713062e-03,-1.010872307233512402e-03,6.742338184267282486e-03
7.198040932416915894e-02,-1.289123948663473129e-02,-1.118347868323326111e-01,3.607591092586517334e-01,-2.379115372896194458e-01,1.186076775193214417e-01,-3.068316914141178131e-02,-1.401578783988952637e-01,4.227441251277923584e-01,-2.709014713764190674e-01,1.357683097012341022e-03,6.007753312587738037e-03,2.075844531645998359e-04,4.676263779401779175e-04,6.456164643168449402e-03,6.502805277705192566e-03,1.572030014358460903e-03,-1.016369322314858437e-03,6.963459309190511703e-03
7.189391553401947021e-02,-9.363174438476562500e-03,-1.052976697683334351e-01,3.576518893241882324e-01,-2.422959804534912109e-01,1.188537105917930603e-01,-2.766936831176280975e-02,-1.372243165969848633e-01,4.293942749500274658e-01,-2.784240543842315674e-01,7.491015130653977394e-04,6.012609228491783142e-03,-9.804467117646709085e-05,4.755279805976897478e-04,6.558624096214771271e-03,6.529265549033880234e-03,1.494360622018575668e-03,-1.001943252049386501e-03,7.358512841165065765e-03
6.833684444427490234e-02,-4.063423722982406616e-03,-1.038238555192947388e-01,3.593317568302154541e-01,-2.501442134380340576e-01,1.181388050317764282e-01,-2.383620478212833405e-02,-1.320110261440277100e-01,4.276292026042938232e-01,-2.808659970760345459e-01,-3.939596645068377256e-04,6.016449071466922760e-03,-5.526283057406544685e-04,4.803959454875439405e-04,6.597531493753194809e-03,6.542930845171213150e-03,1.417500432580709457e-03,-9.857818949967622757e-04,7.418638095259666443e-03
6.675235927104949951e-02,1.321933348663151264e-03,-1.043492183089256287e-01,3.637292087078094482e-01,-2.550684213638305664e-01,1.185673177242279053e-01,-1.999119669198989868e-02,-1.242619156837463379e-01,4.197955429553985596e-01,-2.805823981761932373e-01,-2.633978729136288166e-04,6.021404638886451721e-03,-8.266113582067191601e-04,4.849006945732980967e-04,6.703896448016166687e-03,6.548779085278511047e-03,1.373138162307441235e-03,-9.794937213882803917e-04,7.482919376343488693e-03
6.544220447540283203e-02,5.866338498890399933e-03,-1.065561771392822266e-01,3.726621568202972412e-01,-2.609756290912628174e-01,1.186380833387374878e-01,-1.659610494971275330e-02,-1.144083142280578613e-01,4.082113802433013916e-01,-2.785256803035736084e-01,-5.521341226994991302e-04,6.018934771418571472e-03,-8.840928203426301479e-04,4.904801025986671448e-04,6.739277392625808716e-03,6.541920825839042664e-03,1.326142344623804092e-03,-9.733291226439177990e-04,7.485153153538703918e-03
6.351685523986816406e-02,9.545887820422649384e-03,-1.103282794356346130e-01,3.850382566452026367e-01,-2.669183909893035889e-01,1.184279173612594604e-01,-1.359436940401792526e-02,-1.035856530070304871e-01,3.949123919010162354e-01,-2.756611406803131104e-01,-9.519454906694591045e-04,6.011151708662509918e-03,-9.336063521914184093e-04,4.955714102834463120e-04,6.735221017152070999e-03,6.532080005854368210e-03,1.287373830564320087e-03,-9.680314105935394764e-04,7.463437970727682114e-03
6.171342357993125916e-02,1.259663049131631851e-02,-1.152027100324630737e-01,3.987206220626831055e-01,-2.721008658409118652e-01,1.184954866766929626e-01,-1.066850032657384872e-02,-9.270051121711730957e-02,3.813711702823638916e-01,-2.726461887359619141e-01,-9.484917391091585159e-04,5.999026354402303696e-03,-9.765647118911147118e-04,5.007291911169886589e-04,6.690409500151872635e-03,6.521562114357948303e-03,1.256757415831089020e-03,-9.654223686084151268e-04,7.423639763146638870e-03
6.169317290186882019e-02,1.488326489925384521e-02,-1.213078051805496216e-01,4.116503000259399414e-01,-2.772853970527648926e-01,1.188061311841011047e-01,-7.693283725529909134e-03,-8.304020762443542480e-02,3.696015775203704834e-01,-2.704235315322875977e-01,-7.958631031215190887e-04,5.980557762086391449e-03,-1.006069243885576725e-03,5.067444872111082077e-04,6.578880362212657928e-03,6.504402961581945419e-03,1.235130359418690205e-03,-9.671275620348751545e-04,7.319548167288303375e-03
6.166778504848480225e-02,1.668450050055980682e-02,-1.280559897422790527e-01,4.222579896450042725e-01,-2.822699546813964844e-01,1.190913915634155273e-01,-4.554201383143663406e-03,-7.579652965068817139e-02,3.615863919258117676e-01,-2.699514329433441162e-01,-7.495545432902872562e-04,5.962228868156671524e-03,-1.033440814353525639e-03,5.120332352817058563e-04,6.260570604354143143e-03,6.485348567366600037e-03,1.215837080962955952e-03,-9.675703477114439011e-04,7.153234444558620453e-03
6.234643608331680298e-02,1.827947609126567841e-02,-1.353087723255157471e-01,4.314759671688079834e-01,-2.868208289146423340e-01,1.196980252861976624e-01,-1.070276135578751564e-03,-7.080156356096267700e-02,3.573116064071655273e-01,-2.712364792823791504e-01,-4.937195917591452599e-04,5.945305805653333664e-03,-1.063462230376899242e-03,5.174660473130643368e-04,6.097092758864164352e-03,6.471660919487476349e-03,1.196132390759885311e-03,-9.678107453510165215e-04,7.087932899594306946e-03
6.433411687612533569e-02,1.963437721133232117e-02,-1.432110518217086792e-01,4.400780797004699707e-01,-2.874783575534820557e-01,1.204259023070335388e-01,2.766122575849294662e-03,-6.725599616765975952e-02,3.556500077247619629e-01,-2.737889587879180908e-01,-3.174703742843121290e-04,5.931507796049118042e-03,-1.096297288313508034e-03,5.235843127593398094e-04,6.048529408872127533e-03,6.461068056523799896e-03,1.172858290374279022e-03,-9.668092243373394012e-04,7.053069304674863815e-03
6.438764184713363647e-02,2.094191871583461761e-02,-1.506395339965820312e-01,4.478499293327331543e-01,-2.886622846126556396e-01,1.209544837474822998e-01,6.919662002474069595e-03,-6.463563442230224609e-02,3.559549748897552490e-01,-2.773043215274810791e-01,-3.855476097669452429e-04,5.919501651078462601e-03,-1.132813631556928158e-03,5.279211327433586121e-04,5.997981876134872437e-03,6.450618617236614227e-03,1.147987553849816322e-03,-9.637211333028972149e-04,7.014534901827573776e-03
6.414058059453964233e-02,2.209827676415443420e-02,-1.576228439807891846e-01,4.548125267028808594e-01,-2.886081039905548096e-01,1.219128370285034180e-01,1.138059888035058975e-02,-6.268673390150070190e-02,3.577796220779418945e-01,-2.817864418029785156e-01,-1.761694584274664521e-04,5.912761669605970383e-03,-1.171538024209439754e-03,5.328963743522763252e-04,5.975266918540000916e-03,6.447147578001022339e-03,1.122903311625123024e-03,-9.608051041141152382e-04,6.999028846621513367e-03
6.360740214586257935e-02,2.307750470936298370e-02,-1.645216941833496094e-01,4.612505733966827393e-01,-2.867690920829772949e-01,1.227251291275024414e-01,1.605033688247203827e-02,-6.113801896572113037e-02,3.605375587940216064e-01,-2.866987287998199463e-01,-2.207172074122354388e-04,5.903583019971847534e-03,-1.206662505865097046e-03,5.393702886067330837e-04,5.958370864391326904e-03,6.437817588448524475e-03,1.095172134228050709e-03,-9.558928431943058968e-04,6.977551616728305817e-03
6.337369978427886963e-02,2.382889203727245331e-02,-1.709606051445007324e-01,4.663579463958740234e-01,-2.872254550457000732e-01,1.231033802032470703e-01,2.095205709338188171e-02,-5.931460484862327576e-02,3.632926344871520996e-01,-2.917283475399017334e-01,-5.475947400555014610e-04,5.896262358874082565e-03,-1.248005311936140060e-03,5.472481716424226761e-04,5.974952597171068192e-03,6.435720250010490417e-03,1.060412148945033550e-03,-9.490978554822504520e-04,6.993631832301616669e-03
6.246917694807052612e-02,2.434821426868438721e-02,-1.766161918640136719e-01,4.703897535800933838e-01,-2.882356941699981689e-01,1.234349086880683899e-01,2.598709426820278168e-02,-5.723363906145095825e-02,3.660746812820434570e-01,-2.969140708446502686e-01,-7.212643977254629135e-04,5.890669301152229309e-03,-1.285708858631551266e-03,5.529846530407667160e-04,5.979748908430337906e-03,6.429377477616071701e-03,1.029851147904992104e-03,-9.428295888938009739e-04,6.985303014516830444e-03
6.203331053256988525e-02,2.461187168955802917e-02,-1.819730997085571289e-01,4.737063944339752197e-01,-2.865354418754577637e-01,1.239966154098510742e-01,3.111981041729450226e-02,-5.503491312265396118e-02,3.688871562480926514e-01,-3.020359575748443604e-01,-6.761981640011072159e-04,5.884898826479911804e-03,-1.317490823566913605e-03,5.585927865467965603e-04,5.984259303659200668e-03,6.424301769584417343e-03,1.003564335405826569e-03,-9.391948115080595016e-04,6.983092520385980606e-03
6.223439052700996399e-02,2.461344003677368164e-02,-1.863691061735153198e-01,4.751677811145782471e-01,-2.834650874137878418e-01,1.251495629549026489e-01,3.624310716986656189e-02,-5.273982509970664978e-02,3.717680573463439941e-01,-3.073577582836151123e-01,-2.204351767431944609e-04,5.881548859179019928e-03,-1.349650206975638866e-03,5.641665193252265453e-04,6.002682726830244064e-03,6.422049831598997116e-03,9.807344758883118629e-04,-9.364723809994757175e-04,6.979571655392646790e-03
6.161776930093765259e-02,2.446171082556247711e-02,-1.903209388256072998e-01,4.760132730007171631e-01,-2.807759642601013184e-01,1.261334866285324097e-01,4.131025820970535278e-02,-5.029651895165443420e-02,3.745094835758209229e-01,-3.126837015151977539e-01,-1.744016772136092186e-04,5.877727642655372620e-03,-1.382543123327195644e-03,5.708010285161435604e-04,6.014938000589609146e-03,6.418231409043073654e-03,9.544281638227403164e-04,-9.311825851909816265e-04,6.969134788960218430e-03
5.972246453166007996e-02,2.442440390586853027e-02,-1.945301592350006104e-01,4.777553379535675049e-01,-2.776238620281219482e-01,1.268655061721801758e-01,4.641047492623329163e-02,-4.755114763975143433e-02,3.766465485095977783e-01,-3.177693486213684082e-01,-3.438296553213149309e-04,5.874734837561845779e-03,-1.419794047251343727e-03,5.772177246399223804e-04,6.030065473169088364e-03,6.415721960365772247e-03,9.230530704371631145e-04,-9.232337470166385174e-04,6.978128571063280106e-03
5.823505669832229614e-02,2.443897537887096405e-02,-1.990119516849517822e-01,4.798101782798767090e-01,-2.747187912464141846e-01,1.274767518043518066e-01,5.168679356575012207e-02,-4.400251060724258423e-02,3.774853050708770752e-01,-3.223135471343994141e-01,-4.973777104169130325e-04,5.871879868209362030e-03,-1.456256955862045288e-03,5.831744056195020676e-04,6.053483113646507263e-03,6.417175289243459702e-03,8.922680281102657318e-04,-9.162185597233474255e-04,7.005683146417140961e-03
5.884212255477905273e-02,2.445491962134838104e-02,-2.037312686443328857e-01,4.815813601016998291e-01,-2.729819118976593018e-01,1.281866878271102905e-01,5.728365480899810791e-02,-3.980669379234313965e-02,3.774465918540954590e-01,-3.265854418277740479e-01,-5.129677010700106621e-04,5.867979023605585098e-03,-1.489533809944987297e-03,5.893012275919318199e-04,6.051484029740095139e-03,6.415568292140960693e-03,8.688012021593749523e-04,-9.127747034654021263e-04,7.010110188275575638e-03
5.935609713196754456e-02,2.456128783524036407e-02,-2.081862092018127441e-01,4.830986559391021729e-01,-2.721285820007324219e-01,1.289644092321395874e-01,6.300803273916244507e-02,-3.542019054293632507e-02,3.772265315055847168e-01,-3.307268023490905762e-01,-4.627157468348741531e-04,5.862643942236900330e-03,-1.521857571788132191e-03,5.945686134509742260e-04,6.057532504200935364e-03,6.411331705749034882e-03,8.451606263406574726e-04,-9.096383000724017620e-04,7.007007021456956863e-03
5.927180498838424683e-02,2.461389452219009399e-02,-2.126885652542114258e-01,4.848370254039764404e-01,-2.689594626426696777e-01,1.291220486164093018e-01,6.878238171339035034e-02,-3.123587369918823242e-02,3.777422308921813965e-01,-3.354550898075103760e-01,-9.623937075957655907e-04,5.852300208061933517e-03,-1.550626009702682495e-03,6.020158762112259865e-04,6.049564573913812637e-03,6.408225744962692261e-03,8.208388462662696838e-04,-9.046426275745034218e-04,6.969889625906944275e-03
5.923148617148399353e-02,2.452472411096096039e-02,-2.161779403686523438e-01,4.847455024719238281e-01,-2.640079557895660400e-01,1.295721381902694702e-01,7.443439215421676636e-02,-2.732533030211925507e-02,3.790556192398071289e-01,-3.406402766704559326e-01,-9.906516643241047859e-04,5.847584921866655350e-03,-1.580125303007662296e-03,6.088889786042273045e-04,6.062068045139312744e-03,6.402159109711647034e-03,7.991057354956865311e-04,-8.993364172056317329e-04,6.946657318621873856e-03
5.863270536065101624e-02,2.457583323121070862e-02,-2.192723751068115234e-01,4.858884513378143311e-01,-2.551226317882537842e-01,1.301887631416320801e-01,7.988666743040084839e-02,-2.320398576557636261e-02,3.801831603050231934e-01,-3.458192646503448486e-01,-9.114343556575477123e-04,5.848163273185491562e-03,-1.608494669198989868e-03,6.153100985102355480e-04,6.084788590669631958e-03,6.401949096471071243e-03,7.764216279610991478e-04,-8.937827078625559807e-04,6.943991873413324356e-03
5.770769715309143066e-02,2.859557233750820160e-02,-2.200362086296081543e-01,4.972040057182312012e-01,-2.637054026126861572e-01,1.306387931108474731e-01,8.477243036031723022e-02,-1.786590926349163055e-02,3.796116411685943604e-01,-3.503737151622772217e-01,-1.057622837834060192e-03,5.866542924195528030e-03,-1.607959740795195103e-03,6.150776171125471592e-04,6.172660738229751587e-03,6.403722800314426422e-03,7.857140153646469116e-04,-8.918633102439343929e-04,6.949628703296184540e-03
5.855398997664451599e-02,3.120356425642967224e-02,-2.196174561977386475e-01,5.062221288681030273e-01,-2.730844020843505859e-01,1.314972937107086182e-01,8.769506216049194336e-02,-1.249083504080772400e-02,3.778216838836669922e-01,-3.541402816772460938e-01,-8.414061157964169979e-04,5.880163516849279404e-03,-1.587616512551903725e-03,6.066643982194364071e-04,6.217679940164089203e-03,6.394966971129179001e-03,8.129945490509271622e-04,-9.008910856209695339e-04,6.819292902946472168e-03
6.078501418232917786e-02,3.212345391511917114e-02,-2.195952981710433960e-01,5.137121677398681641e-01,-2.814900875091552734e-01,1.338257938623428345e-01,8.881928771734237671e-02,-8.887934498488903046e-03,3.769239783287048340e-01,-3.578521311283111572e-01,3.505104104988276958e-04,5.892388522624969482e-03,-1.554681104607880116e-03,5.947762983851134777e-04,6.258557550609111786e-03,6.377430632710456848e-03,8.494548383168876171e-04,-9.135942091234028339e-04,6.650932598859071732e-03
6.315626949071884155e-02,3.191248327493667603e-02,-2.198600322008132935e-01,5.197429656982421875e-01,-2.888678312301635742e-01,1.367225348949432373e-01,8.870501816272735596e-02,-7.363471202552318573e-03,3.782606422901153564e-01,-3.616544902324676514e-01,1.142745953984558582e-03,5.907505284994840622e-03,-1.512659364379942417e-03,5.850287852808833122e-04,6.299538537859916687e-03,6.363028660416603088e-03,8.954850491136312485e-04,-9.214685414917767048e-04,6.599727086722850800e-03
6.491222232580184937e-02,3.113850206136703491e-02,-2.200763374567031860e-01,5.244238376617431641e-01,-2.952779233455657959e-01,1.406148672103881836e-01,8.783611655235290527e-02,-7.295926101505756378e-03,3.817543983459472656e-01,-3.653056323528289795e-01,1.046927645802497864e-03,5.921193864196538925e-03,-1.478168414905667305e-03,5.776424077339470387e-04,6.347701884806156158e-03,6.357773207128047943e-03,9.371985215693712234e-04,-9.199540945701301098e-04,6.571413017809391022e-03
6.580760329961776733e-02,2.997532486915588379e-02,-2.192584127187728882e-01,5.270596146583557129e-01,-3.005670011043548584e-01,1.452948004007339478e-01,8.644132316112518311e-02,-7.528217043727636337e-03,3.864215910434722900e-01,-3.684431016445159912e-01,4.291599907446652651e-04,5.933432374149560928e-03,-1.446177484467625618e-03,5.733335856348276138e-04,6.421403493732213974e-03,6.360533647239208221e-03,9.746610303409397602e-04,-9.143066126853227615e-04,6.619711406528949738e-03
6.702467799186706543e-02,2.856753766536712646e-02,-2.176131606101989746e-01,5.272788405418395996e-01,-3.045787811279296875e-01,1.530990451574325562e-01,8.448342233896255493e-02,-9.805632755160331726e-03,3.945095539093017578e-01,-3.709418773651123047e-01,3.799414844252169132e-04,5.946465767920017242e-03,-1.405798248015344143e-03,5.704117356799542904e-04,6.449159234762191772e-03,6.363309454172849655e-03,1.015551388263702393e-03,-9.093739790841937065e-04,6.638925988227128983e-03
6.807800382375717163e-02,2.668573893606662750e-02,-2.149289548397064209e-01,5.245217084884643555e-01,-3.068080842494964600e-01,1.607290953397750854e-01,8.197137713432312012e-02,-1.432812307029962540e-02,4.061906039714813232e-01,-3.724719583988189697e-01,2.795667096506804228e-04,5.965797230601310730e-03,-1.364490250125527382e-03,5.683685885742306709e-04,6.470964755862951279e-03,6.369501817971467972e-03,1.057683373801410198e-03,-9.036193368956446648e-04,6.673076655715703964e-03
6.865461170673370361e-02,2.399220876395702362e-02,-2.106064558029174805e-01,5.183957815170288086e-01,-3.072308897972106934e-01,1.662122756242752075e-01,7.814737409353256226e-02,-2.070582285523414612e-02,4.211949110031127930e-01,-3.726452887058258057e-01,5.652994332194793969e-06,5.987088661640882492e-03,-1.327158766798675060e-03,5.656096618622541428e-04,6.503189913928508759e-03,6.375266239047050476e-03,1.099114771932363510e-03,-8.940974366851150990e-04,6.724545266479253769e-03
6.934082508087158203e-02,2.059264108538627625e-02,-2.043698281049728394e-01,5.089554190635681152e-01,-3.060202002525329590e-01,1.712427586317062378e-01,7.242775708436965942e-02,-2.851174399256706238e-02,4.383055269718170166e-01,-3.709155917167663574e-01,4.416785304783843458e-05,6.005759350955486298e-03,-1.284148078411817551e-03,5.629404913634061813e-04,6.534697487950325012e-03,6.382253021001815796e-03,1.144637470133602619e-03,-8.887506555765867233e-04,6.779119372367858887e-03
6.922515481710433960e-02,1.668773405253887177e-02,-1.961063593626022339e-01,4.963418543338775635e-01,-3.032214343547821045e-01,1.735738813877105713e-01,6.432352215051651001e-02,-3.791879862546920776e-02,4.580846130847930908e-01,-3.669214844703674316e-01,-4.275848332326859236e-04,6.019889377057552338e-03,-1.248920802026987076e-03,5.595131660811603069e-04,6.587394047528505325e-03,6.393745075911283493e-03,1.186321140266954899e-03,-8.775658789090812206e-04,6.864225026220083237e-03
6.938529759645462036e-02,1.276298798620700836e-02,-1.857161521911621094e-01,4.805421531200408936e-01,-2.989235520362854004e-01,1.760381907224655151e-01,5.449276044964790344e-02,-4.852116480469703674e-02,4.780136942863464355e-01,-3.663751780986785889e-01,-3.174797166138887405e-04,6.030440330505371094e-03,-1.205399981699883938e-03,5.570816574618220329e-04,6.632951553910970688e-03,6.402564235031604767e-03,1.231334637850522995e-03,-8.728619432076811790e-04,6.948273163288831711e-03
6.944158673286437988e-02,9.228574112057685852e-03,-1.733220070600509644e-01,4.617254137992858887e-01,-2.931587398052215576e-01,1.766974031925201416e-01,4.415835812687873840e-02,-6.059910356998443604e-02,4.969722032546997070e-01,-3.699216544628143311e-01,-2.454586501698940992e-04,6.038135848939418793e-03,-1.164705026894807816e-03,5.549552151933312416e-04,6.688068620860576630e-03,6.411592010408639908e-03,1.274910522624850273e-03,-8.671990362927317619e-04,7.049801759421825409e-03
7.032333314418792725e-02,6.108554080128669739e-03,-1.589665263891220093e-01,4.401387572288513184e-01,-2.861360609531402588e-01,1.767517328262329102e-01,3.374722227454185486e-02,-7.429653406143188477e-02,5.144271254539489746e-01,-3.764195144176483154e-01,5.445986171253025532e-04,6.044294219464063644e-03,-1.121609238907694817e-03,5.548821063712239265e-04,6.720907520502805710e-03,6.410337518900632858e-03,1.318029826506972313e-03,-8.687592926435172558e-04,7.098835892975330353e-03
7.065550982952117920e-02,3.465605201199650764e-03,-1.433324664831161499e-01,4.169254601001739502e-01,-2.783586978912353516e-01,1.739666014909744263e-01,2.390867844223976135e-02,-8.901159465312957764e-02,5.292493104934692383e-01,-3.837937414646148682e-01,6.236116169020533562e-04,6.044961046427488327e-03,-1.089035649783909321e-03,5.560538265854120255e-04,6.725014187395572662e-03,6.408196873962879181e-03,1.355412416160106659e-03,-8.670878014527261257e-04,7.115824613720178604e-03
7.122195512056350708e-02,1.200982136651873589e-03,-1.271982491016387939e-01,3.934977054595947266e-01,-2.705797255039215088e-01,1.697403490543365479e-01,1.485013589262962341e-02,-1.047759279608726501e-01,5.419242978096008301e-01,-3.919496238231658936e-01,8.985262247733771801e-04,6.037209182977676392e-03,-1.058317488059401512e-03,5.582546000368893147e-04,6.712378002703189850e-03,6.396056618541479111e-03,1.388566801324486732e-03,-8.711253758519887924e-04,7.071661297231912613e-03
7.085638493299484253e-02,-8.059671381488442421e-04,-1.110329255461692810e-01,3.707622289657592773e-01,-2.631700336933135986e-01,1.623602062463760376e-01,6.720920559018850327e-03,-1.206605508923530579e-01,5.515249371528625488e-01,-3.972714245319366455e-01,2.847828436642885208e-04,6.032177247107028961e-03,-1.036538160406053066e-03,5.589012871496379375e-04,6.689185742288827896e-03,6.385311949998140335e-03,1.416907063685357571e-03,-8.695041178725659847e-04,7.028451655060052872e-03
7.084317505359649658e-02,-2.579786116257309914e-03,-9.511167556047439575e-02,3.496290445327758789e-01,-2.567028403282165527e-01,1.552595794200897217e-01,-4.873589205089956522e-04,-1.360228955745697021e-01,5.580852031707763672e-01,-4.005588889122009277e-01,2.760607749223709106e-04,6.021195556968450546e-03,-1.012710505165159702e-03,5.602040910162031651e-04,6.662390660494565964e-03,6.368192378431558609e-03,1.443965826183557510e-03,-8.732349378988146782e-04,6.969528738409280777e-03
7.049780339002609253e-02,-4.199371207505464554e-03,-7.992431521415710449e-02,3.313489258289337158e-01,-2.518697977066040039e-01,1.476157605648040771e-01,-6.771437358111143112e-03,-1.496960669755935669e-01,5.602493286132812500e-01,-4.006831347942352295e-01,3.376619861228391528e-05,6.009998265653848648e-03,-9.935401612892746925e-04,5.604070611298084259e-04,6.619719788432121277e-03,6.351196672767400742e-03,1.468608737923204899e-03,-8.758197072893381119e-04,6.907804869115352631e-03
7.074439525604248047e-02,-5.330144427716732025e-03,-6.586670875549316406e-02,3.166812360286712646e-01,-2.486577779054641724e-01,1.441514641046524048e-01,-1.179556827992200851e-02,-1.607793271541595459e-01,5.578365921974182129e-01,-3.990323841571807861e-01,4.132861213292926550e-04,5.996113177388906479e-03,-9.658219059929251671e-04,5.607666098512709141e-04,6.493412423878908157e-03,6.336655933409929276e-03,1.498527592048048973e-03,-8.825537515804171562e-04,6.866610143333673477e-03
6.975448131561279297e-02,-6.219615228474140167e-03,-5.404214188456535339e-02,3.073567450046539307e-01,-2.483534216880798340e-01,1.390593051910400391e-01,-1.557018887251615524e-02,-1.704455316066741943e-01,5.528533458709716797e-01,-3.936690092086791992e-01,-3.852781956084072590e-04,5.977060645818710327e-03,-9.506008354946970940e-04,5.593823152594268322e-04,6.413293071091175079e-03,6.318601779639720917e-03,1.520359190180897713e-03,-8.864075643941760063e-04,6.757200695574283600e-03
6.935463100671768188e-02,-7.046890445053577423e-03,-4.362550377845764160e-02,3.018649518489837646e-01,-2.504400014877319336e-01,1.353903561830520630e-01,-1.862190663814544678e-02,-1.785784810781478882e-01,5.448004007339477539e-01,-3.847925662994384766e-01,-3.778397513087838888e-04,5.969101563096046448e-03,-9.277869248762726784e-04,5.564076709561049938e-04,6.367366760969161987e-03,6.304685492068529129e-03,1.549711683765053749e-03,-8.955330122262239456e-04,6.703975144773721695e-03
6.923074275255203247e-02,-7.812303956598043442e-03,-3.434146195650100708e-02,2.991723716259002686e-01,-2.539062201976776123e-01,1.318550854921340942e-01,-2.085548453032970428e-02,-1.858509927988052368e-01,5.350382328033447266e-01,-3.736854791641235352e-01,-1.609536411706358194e-04,5.965678021311759949e-03,-9.032403468154370785e-04,5.535657401196658611e-04,6.328442599624395370e-03,6.290256045758724213e-03,1.581022050231695175e-03,-9.079145966097712517e-04,6.657513324171304703e-03
6.917006522417068481e-02,-8.484979160130023956e-03,-2.582473307847976685e-02,2.984478175640106201e-01,-2.584183514118194580e-01,1.289666444063186646e-01,-2.233736403286457062e-02,-1.918729543685913086e-01,5.238144397735595703e-01,-3.624163866043090820e-01,1.956738515218603425e-06,5.970240570604801178e-03,-8.739472832530736923e-04,5.490834591910243034e-04,6.308842916041612625e-03,6.279880646616220474e-03,1.616754918359220028e-03,-9.216270409524440765e-04,6.639221683144569397e-03
6.890732795000076294e-02,-9.080666117370128632e-03,-1.805358752608299255e-02,2.992468476295471191e-01,-2.637111544609069824e-01,1.273787468671798706e-01,-2.354133687913417816e-02,-1.961227804422378540e-01,5.101128220558166504e-01,-3.485310077667236328e-01,-2.638703335833270103e-05,5.969389341771602631e-03,-8.489894098602235317e-04,5.442823166958987713e-04,6.280256900936365128e-03,6.272131577134132385e-03,1.649348647333681583e-03,-9.339359239675104618e-04,6.599333602935075760e-03
6.887239217758178711e-02,-9.723656810820102692e-03,-1.117078866809606552e-02,3.014384210109710693e-01,-2.697111666202545166e-01,1.285023242235183716e-01,-2.496734820306301117e-02,-1.995456963777542114e-01,4.982815682888031006e-01,-3.285397589206695557e-01,1.731006486807018518e-04,5.982007831335067749e-03,-8.160616271197795868e-04,5.395368207246065140e-04,6.254006177186965942e-03,6.263990420848131180e-03,1.684683957137167454e-03,-9.465860202908515930e-04,6.558125838637351990e-03
6.852345168590545654e-02,-1.021245121955871582e-02,-5.144798662513494492e-03,3.049674928188323975e-01,-2.763461172580718994e-01,1.296138465404510498e-01,-2.592897973954677582e-02,-2.010044008493423462e-01,4.913755059242248535e-01,-2.868591547012329102e-01,1.136005885200574994e-04,5.984721705317497253e-03,-7.723486050963401794e-04,5.334209417924284935e-04,6.184178870171308517e-03,6.267352029681205750e-03,1.717530540190637112e-03,-9.561876649968326092e-04,6.473421584814786911e-03
6.877475231885910034e-02,-1.037619914859533310e-02,4.739848081953823566e-04,3.089320957660675049e-01,-2.832804918289184570e-01,1.307536661624908447e-01,-2.606550045311450958e-02,-2.010883688926696777e-01,4.927193522453308105e-01,-2.632706463336944580e-01,5.941448034718632698e-04,6.020001601427793503e-03,-7.588833686895668507e-04,5.350242718122899532e-04,6.340398453176021576e-03,6.269918289035558701e-03,1.726587419398128986e-03,-9.572394192218780518e-04,6.715870928019285202e-03
6.875676661729812622e-02,-8.843057788908481598e-03,5.754779558628797531e-03,3.107219934463500977e-01,-2.845514416694641113e-01,1.299648731946945190e-01,-2.443708106875419617e-02,-1.993779242038726807e-01,5.034908056259155273e-01,-2.735238969326019287e-01,9.761770343175157905e-05,6.022040266543626785e-03,-9.304687264375388622e-04,5.408676806837320328e-04,6.507787853479385376e-03,6.290064193308353424e-03,1.657515764236450195e-03,-9.446719777770340443e-04,7.278651464730501175e-03
6.697291135787963867e-02,-6.152096670120954514e-03,6.120522040873765945e-03,3.161389231681823730e-01,-2.838400304317474365e-01,1.291820853948593140e-01,-2.232742868363857269e-02,-1.960442513227462769e-01,5.057353973388671875e-01,-2.785794436931610107e-01,-2.497751847840845585e-05,6.026794202625751495e-03,-1.053662505000829697e-03,5.420879460871219635e-04,6.541356444358825684e-03,6.303159054368734360e-03,1.597478636540472507e-03,-9.342014091089367867e-04,7.287648972123861313e-03
6.052970141172409058e-02,-3.025682410225272179e-03,4.643714986741542816e-03,3.238461911678314209e-01,-2.852777540683746338e-01,1.282676756381988525e-01,-2.009975351393222809e-02,-1.905168443918228149e-01,5.008773803710937500e-01,-2.798765003681182861e-01,-2.067377499770373106e-04,6.030472461134195328e-03,-1.114957500249147415e-03,5.444455891847610474e-04,6.598980166018009186e-03,6.310721859335899353e-03,1.540008815936744213e-03,-9.253844618797302246e-04,7.320404984056949615e-03
5.537272989749908447e-02,2.318287006346508861e-04,-1.024318335112184286e-04,3.369497954845428467e-01,-2.884615063667297363e-01,1.279350668191909790e-01,-1.784129440784454346e-02,-1.831324994564056396e-01,4.904272258281707764e-01,-2.778030633926391602e-01,5.228171721682883799e-05,6.031289696693420410e-03,-1.161068095825612545e-03,5.459823296405375004e-04,6.626585498452186584e-03,6.316970568150281906e-03,1.503061736002564430e-03,-9.234789758920669556e-04,7.342118304222822189e-03
5.140229314565658569e-02,3.770584473386406898e-03,-6.960421800613403320e-03,3.526902496814727783e-01,-2.947705686092376709e-01,1.276863068342208862e-01,-1.544426567852497101e-02,-1.744438260793685913e-01,4.765714704990386963e-01,-2.739157974720001221e-01,1.669404737185686827e-04,6.027032621204853058e-03,-1.207047840580344200e-03,5.489459726959466934e-04,6.636192556470632553e-03,6.316996179521083832e-03,1.467829104512929916e-03,-9.194700978696346283e-04,7.362354081124067307e-03
4.819386079907417297e-02,7.661841809749603271e-03,-1.516919955611228943e-02,3.700858056545257568e-01,-3.015833795070648193e-01,1.272063851356506348e-01,-1.274122670292854309e-02,-1.648046225309371948e-01,4.610616862773895264e-01,-2.692306935787200928e-01,7.359920709859579802e-05,6.018644198775291443e-03,-1.248683780431747437e-03,5.521788261830806732e-04,6.626185029745101929e-03,6.310476455837488174e-03,1.436181366443634033e-03,-9.150241967290639877e-04,7.369458209723234177e-03
4.709319397807121277e-02,1.150556188076734543e-02,-2.456928230822086334e-02,3.881238102912902832e-01,-3.071903586387634277e-01,1.266301274299621582e-01,-9.787519462406635284e-03,-1.548325419425964355e-01,4.455324411392211914e-01,-2.646167278289794922e-01,-3.474479308351874352e-05,6.006548181176185608e-03,-1.281282049603760242e-03,5.565830506384372711e-04,6.602652836591005325e-03,6.298071239143610001e-03,1.408956828527152538e-03,-9.121102048084139824e-04,7.354091387242078781e-03
4.711576923727989197e-02,1.503800507634878159e-02,-3.437943011522293091e-02,4.053132832050323486e-01,-3.119604885578155518e-01,1.262152642011642456e-01,-6.623285822570323944e-03,-1.450621932744979858e-01,4.309592247009277344e-01,-2.605086565017700195e-01,2.311874413862824440e-05,5.993485916405916214e-03,-1.312510226853191853e-03,5.599875585176050663e-04,6.560311652719974518e-03,6.286593619734048843e-03,1.386584481224417686e-03,-9.116679430007934570e-04,7.325952406972646713e-03
4.716372862458229065e-02,1.793648861348628998e-02,-4.482929781079292297e-02,4.222092330455780029e-01,-3.172244131565093994e-01,1.257493644952774048e-01,-3.367590019479393959e-03,-1.362602710723876953e-01,4.185281395912170410e-01,-2.574859857559204102e-01,-1.478607555327471346e-05,5.975534673780202866e-03,-1.341098803095519543e-03,5.645672790706157684e-04,6.492641288787126541e-03,6.267221178859472275e-03,1.364369411021471024e-03,-9.112310362979769707e-04,7.251565810292959213e-03
4.749594256281852722e-02,2.041838318109512329e-02,-5.525396391749382019e-02,4.364866614341735840e-01,-3.237552642822265625e-01,1.252861768007278442e-01,6.502866744995117188e-05,-1.289595365524291992e-01,4.090329110622406006e-01,-2.559004127979278564e-01,-2.321284409845247865e-05,5.954132881015539169e-03,-1.367204007692635059e-03,5.707555101253092289e-04,6.406588014215230942e-03,6.247472483664751053e-03,1.343560055829584599e-03,-9.110460523515939713e-04,7.190220057964324951e-03
4.790540039539337158e-02,2.278275974094867706e-02,-6.526083499193191528e-02,4.487098753452301025e-01,-3.279121816158294678e-01,1.253293752670288086e-01,3.898971714079380035e-03,-1.231134384870529175e-01,4.024700820446014404e-01,-2.557330429553985596e-01,3.544171049725264311e-04,5.938010290265083313e-03,-1.393833663314580917e-03,5.754053127020597458e-04,6.333054509013891220e-03,6.235789507627487183e-03,1.325844321399927139e-03,-9.120232425630092621e-04,7.150895893573760986e-03
4.782626032829284668e-02,2.466357313096523285e-02,-7.438380271196365356e-02,4.588298201560974121e-01,-3.305517137050628662e-01,1.258457601070404053e-01,7.948928512632846832e-03,-1.186402067542076111e-01,3.989206552505493164e-01,-2.570588886737823486e-01,8.682787301950156689e-04,5.925371311604976654e-03,-1.417818246409296989e-03,5.796363693661987782e-04,6.279644556343555450e-03,6.223309785127639771e-03,1.309972140006721020e-03,-9.129167883656919003e-04,7.082402706146240234e-03
4.780579358339309692e-02,2.599111571907997131e-02,-8.311355113983154297e-02,4.675174951553344727e-01,-3.319088220596313477e-01,1.264494657516479492e-01,1.210038177669048309e-02,-1.154565885663032532e-01,3.983272612094879150e-01,-2.599075734615325928e-01,1.119903288781642914e-03,5.913217086344957352e-03,-1.442896318621933460e-03,5.840642843395471573e-04,6.232518702745437622e-03,6.212236359715461731e-03,1.293394365347921848e-03,-9.132776176556944847e-04,7.027372717857360840e-03
4.774727672338485718e-02,2.700253762304782867e-02,-9.159397333860397339e-02,4.747386872768402100e-01,-3.320383131504058838e-01,1.270534545183181763e-01,1.646520942449569702e-02,-1.132391169667243958e-01,3.999379277229309082e-01,-2.638875246047973633e-01,1.134822960011661053e-03,5.901812110096216202e-03,-1.472491072490811348e-03,5.886777653358876705e-04,6.191939115524291992e-03,6.203024648129940033e-03,1.271952060051262379e-03,-9.113586274906992912e-04,6.998409982770681381e-03
4.692466929554939270e-02,2.741411142051219940e-02,-9.992946684360504150e-02,4.805540144443511963e-01,-3.324576616287231445e-01,1.273622512817382812e-01,2.093685604631900787e-02,-1.117653995752334595e-01,4.031255543231964111e-01,-2.686775922775268555e-01,8.490708423778414726e-04,5.890686996281147003e-03,-1.505385851487517357e-03,5.947223980911076069e-04,6.174381822347640991e-03,6.190226878970861435e-03,1.244627754203975201e-03,-9.069496882148087025e-04,6.970738526433706284e-03
4.539592564105987549e-02,2.759100683033466339e-02,-1.076641902327537537e-01,4.841186404228210449e-01,-3.287725746631622314e-01,1.273752152919769287e-01,2.570586279034614563e-02,-1.106362119317054749e-01,4.072134494781494141e-01,-2.740163803100585938e-01,4.048724949825555086e-04,5.878483410924673080e-03,-1.537658739835023880e-03,6.014248938299715519e-04,6.156476680189371109e-03,6.180061027407646179e-03,1.217597047798335552e-03,-9.016982512548565865e-04,6.975247524678707123e-03
4.539871960878372192e-02,2.761685103178024292e-02,-1.147449538111686707e-01,4.858680665493011475e-01,-3.255763947963714600e-01,1.277182996273040771e-01,3.079040907323360443e-02,-1.096202731132507324e-01,4.118476212024688721e-01,-2.796303927898406982e-01,3.721157263498753309e-04,5.868861917406320572e-03,-1.569906948134303093e-03,6.087844376452267170e-04,6.157584022730588913e-03,6.171550601720809937e-03,1.192556926980614662e-03,-8.975616074167191982e-04,6.978003773838281631e-03
4.454044625163078308e-02,2.708702906966209412e-02,-1.203153356909751892e-01,4.856640398502349854e-01,-3.204283118247985840e-01,1.279328465461730957e-01,3.588293120265007019e-02,-1.083325520157814026e-01,4.167073071002960205e-01,-2.854948043823242188e-01,2.761883079074323177e-04,5.863143596798181534e-03,-1.602235017344355583e-03,6.166383391246199608e-04,6.174417678266763687e-03,6.162929814308881760e-03,1.166084897704422474e-03,-8.909185416996479034e-04,6.982552353292703629e-03
4.401426389813423157e-02,2.573076449334621429e-02,-1.248505041003227234e-01,4.849367439746856689e-01,-3.146286010742187500e-01,1.282465606927871704e-01,4.085401445627212524e-02,-1.068336218595504761e-01,4.219918847084045410e-01,-2.916877865791320801e-01,3.066619101446121931e-04,5.856710951775312424e-03,-1.632825587876141071e-03,6.240321672521531582e-04,6.181865464895963669e-03,6.154397502541542053e-03,1.142706954851746559e-03,-8.852470782585442066e-04,6.972547154873609543e-03
4.280770197510719299e-02,2.422255463898181915e-02,-1.283142566680908203e-01,4.831061363220214844e-01,-3.076710402965545654e-01,1.285719275474548340e-01,4.591832309961318970e-02,-1.050130352377891541e-01,4.271408319473266602e-01,-2.978957891464233398e-01,3.405552124604582787e-04,5.851312540471553802e-03,-1.665145857259631157e-03,6.312301266007125378e-04,6.186293903738260269e-03,6.151911336928606033e-03,1.118776388466358185e-03,-8.791293366812169552e-04,6.983110681176185608e-03
4.130723327398300171e-02,2.285200729966163635e-02,-1.315564811229705811e-01,4.807280600070953369e-01,-2.983667850494384766e-01,1.283083409070968628e-01,5.128295719623565674e-02,-1.026102900505065918e-01,4.314270019531250000e-01,-3.037776052951812744e-01,-1.673251390457153320e-04,5.842103157192468643e-03,-1.698565552942454815e-03,6.411394570022821426e-04,6.195783615112304688e-03,6.150341592729091644e-03,1.088468241505324841e-03,-8.710558759048581123e-04,6.999626755714416504e-03
4.174678400158882141e-02,2.152124978601932526e-02,-1.344201862812042236e-01,4.769682884216308594e-01,-2.928870022296905518e-01,1.282474994659423828e-01,5.692208930850028992e-02,-9.970097988843917847e-02,4.347016811370849609e-01,-3.091803491115570068e-01,-2.738829352892935276e-04,5.833477247506380081e-03,-1.732869073748588562e-03,6.500978488475084305e-04,6.205084733664989471e-03,6.149051245301961899e-03,1.061043934896588326e-03,-8.650188683532178402e-04,7.010024040937423706e-03
4.284763336181640625e-02,1.995265483856201172e-02,-1.369594931602478027e-01,4.721739888191223145e-01,-2.890050709247589111e-01,1.281518936157226562e-01,6.257569044828414917e-02,-9.640284627676010132e-02,4.371365606784820557e-01,-3.142056167125701904e-01,-3.356463275849819183e-04,5.827796645462512970e-03,-1.765681197866797447e-03,6.582177011296153069e-04,6.213017273694276810e-03,6.143826525658369064e-03,1.036828849464654922e-03,-8.598784916102886200e-04,7.009822409600019455e-03
4.294977337121963501e-02,1.826740801334381104e-02,-1.394156068563461304e-01,4.677881896495819092e-01,-2.846066653728485107e-01,1.281495243310928345e-01,6.812877207994461060e-02,-9.324876219034194946e-02,4.395085275173187256e-01,-3.191534280776977539e-01,-2.884679706767201424e-04,5.820198915898799896e-03,-1.795743592083454132e-03,6.655039032921195030e-04,6.206027697771787643e-03,6.136789917945861816e-03,1.016231719404459000e-03,-8.557647233828902245e-04,6.987746804952621460e-03
4.254830628633499146e-02,1.683384552597999573e-02,-1.412342339754104614e-01,4.639376699924468994e-01,-2.865183353424072266e-01,1.283747404813766479e-01,7.354877144098281860e-02,-9.032990783452987671e-02,4.421238899230957031e-01,-3.242073953151702881e-01,-1.621108531253412366e-04,5.815704818814992905e-03,-1.821447513066232204e-03,6.729934830218553543e-04,6.208662409335374832e-03,6.132205482572317123e-03,1.001471304334700108e-03,-8.514788351021707058e-04,6.968759931623935699e-03
4.241042211651802063e-02,1.886995695531368256e-02,-1.416116952896118164e-01,4.671086966991424561e-01,-2.954428791999816895e-01,1.288847774267196655e-01,7.872105389833450317e-02,-8.733118325471878052e-02,4.447098672389984131e-01,-3.293161988258361816e-01,-6.918703547853510827e-06,5.821507889777421951e-03,-1.814268995076417923e-03,6.754763307981193066e-04,6.384948268532752991e-03,6.131235975772142410e-03,1.018785755150020123e-03,-8.550726342946290970e-04,6.979345344007015228e-03
4.347851872444152832e-02,2.172191813588142395e-02,-1.402597576379776001e-01,4.743837118148803711e-01,-3.031353950500488281e-01,1.299121677875518799e-01,8.194595575332641602e-02,-8.272434026002883911e-02,4.443264603614807129e-01,-3.329090476036071777e-01,2.987086772918701172e-04,5.844974890351295471e-03,-1.781588420271873474e-03,6.643546512350440025e-04,6.510117091238498688e-03,6.131254602223634720e-03,1.053634216077625751e-03,-8.681773324497044086e-04,6.904090754687786102e-03
4.449535906314849854e-02,2.265660837292671204e-02,-1.387042850255966187e-01,4.792034924030303955e-01,-3.093247711658477783e-01,1.309231221675872803e-01,8.318152278661727905e-02,-7.874339073896408081e-02,4.435543417930603027e-01,-3.360894620418548584e-01,3.135120205115526915e-04,5.860361736267805099e-03,-1.747524249367415905e-03,6.521026371046900749e-04,6.536847911775112152e-03,6.126972846686840057e-03,1.091939629986882210e-03,-8.779040072113275528e-04,6.793657317757606506e-03
4.640866070985794067e-02,2.247718721628189087e-02,-1.374014019966125488e-01,4.823409914970397949e-01,-3.144529759883880615e-01,1.339888274669647217e-01,8.304695785045623779e-02,-7.603140920400619507e-02,4.430665373802185059e-01,-3.388507962226867676e-01,1.020452473312616348e-03,5.875193513929843903e-03,-1.703761285170912743e-03,6.413462688215076923e-04,6.542272865772247314e-03,6.131702568382024765e-03,1.137026585638523102e-03,-8.869663579389452934e-04,6.726033054292201996e-03
4.787601158022880554e-02,2.167685888707637787e-02,-1.363471746444702148e-01,4.839438498020172119e-01,-3.184781074523925781e-01,1.356903165578842163e-01,8.234941959381103516e-02,-7.517355680465698242e-02,4.443795680999755859e-01,-3.412658274173736572e-01,1.043349155224859715e-03,5.891664884984493256e-03,-1.666385564021766186e-03,6.340773543342947960e-04,6.565115414559841156e-03,6.138044875115156174e-03,1.179755432531237602e-03,-8.883528644219040871e-04,6.667274516075849533e-03
4.922750964760780334e-02,2.046728692948818207e-02,-1.348408013582229614e-01,4.839850068092346191e-01,-3.215952217578887939e-01,1.375810652971267700e-01,8.117763698101043701e-02,-7.544557750225067139e-02,4.473817348480224609e-01,-3.433517515659332275e-01,1.000335440039634705e-03,5.904875695705413818e-03,-1.630756072700023651e-03,6.292226607911288738e-04,6.596607156097888947e-03,6.143708247691392899e-03,1.218489953316748142e-03,-8.884597918950021267e-04,6.645065732300281525e-03
5.004777759313583374e-02,1.885969936847686768e-02,-1.322367489337921143e-01,4.820389747619628906e-01,-3.237029910087585449e-01,1.386007815599441528e-01,7.967884838581085205e-02,-7.603409886360168457e-02,4.513871967792510986e-01,-3.450218737125396729e-01,6.810713093727827072e-04,5.920029245316982269e-03,-1.597304362803697586e-03,6.248909048736095428e-04,6.644462235271930695e-03,6.148006301373243332e-03,1.257465453818440437e-03,-8.864176343195140362e-04,6.648295558989048004e-03
5.158989876508712769e-02,1.675263233482837677e-02,-1.282659471035003662e-01,4.778249561786651611e-01,-3.247739374637603760e-01,1.429761797189712524e-01,7.732313126325607300e-02,-7.754501700401306152e-02,4.577230811119079590e-01,-3.461715579032897949e-01,1.081589609384536743e-03,5.936863366514444351e-03,-1.550529967062175274e-03,6.205001845955848694e-04,6.704401224851608276e-03,6.152668036520481110e-03,1.314382650889456272e-03,-8.852896280586719513e-04,6.656788289546966553e-03
5.246375501155853271e-02,1.401517726480960846e-02,-1.228238716721534729e-01,4.710768163204193115e-01,-3.245310187339782715e-01,1.458030641078948975e-01,7.433308660984039307e-02,-7.974959909915924072e-02,4.654868245124816895e-01,-3.465480506420135498e-01,8.482238044962286949e-04,5.953246261924505234e-03,-1.515283016487956047e-03,6.166498642414808273e-04,6.749314721673727036e-03,6.157694850116968155e-03,1.353341736830770969e-03,-8.832789608277380466e-04,6.663303356617689133e-03
5.328327417373657227e-02,1.050045620650053024e-02,-1.160981655120849609e-01,4.619616568088531494e-01,-3.230734169483184814e-01,1.486633270978927612e-01,7.004149258136749268e-02,-8.202870190143585205e-02,4.718558788299560547e-01,-3.457384705543518066e-01,7.600684184581041336e-04,5.967727396637201309e-03,-1.476523233577609062e-03,6.129692774266004562e-04,6.798950023949146271e-03,6.159599870443344116e-03,1.396304345689713955e-03,-8.836941560730338097e-04,6.649306975305080414e-03
5.348382890224456787e-02,6.395086180418729782e-03,-1.082132607698440552e-01,4.508974552154541016e-01,-3.207697868347167969e-01,1.494841277599334717e-01,6.465017050504684448e-02,-8.478224277496337891e-02,4.771982133388519287e-01,-3.438921570777893066e-01,3.254379553254693747e-04,5.979089532047510147e-03,-1.446825801394879818e-03,6.099350866861641407e-04,6.834730040282011032e-03,6.161738187074661255e-03,1.429841038770973682e-03,-8.801864460110664368e-04,6.659111939370632172e-03
5.375589802861213684e-02,2.110672183334827423e-03,-9.922320395708084106e-02,4.381581842899322510e-01,-3.175936341285705566e-01,1.494696438312530518e-01,5.874504521489143372e-02,-8.905407041311264038e-02,4.831267893314361572e-01,-3.427932262420654297e-01,2.372219605604186654e-04,5.987783893942832947e-03,-1.408534124493598938e-03,6.079057930037379265e-04,6.878913380205631256e-03,6.165200378745794296e-03,1.471675815992057323e-03,-8.794137393124401569e-04,6.705377250909805298e-03
5.442573875188827515e-02,-2.208533929660916328e-03,-8.896250277757644653e-02,4.235494732856750488e-01,-3.135697841644287109e-01,1.493616104125976562e-01,5.248081684112548828e-02,-9.525661170482635498e-02,4.899348020553588867e-01,-3.439981937408447266e-01,5.340673378668725491e-04,5.993901751935482025e-03,-1.366214011795818806e-03,6.061935564503073692e-04,6.923801731318235397e-03,6.167877931147813797e-03,1.514966716058552265e-03,-8.828679565340280533e-04,6.742957979440689087e-03
5.505360662937164307e-02,-6.434566807001829147e-03,-7.822623848915100098e-02,4.082902967929840088e-01,-3.091895580291748047e-01,1.478505879640579224e-01,4.594791680574417114e-02,-1.032359227538108826e-01,4.966208934783935547e-01,-3.473273515701293945e-01,6.960476166568696499e-04,5.990495905280113220e-03,-1.331203966401517391e-03,6.064834306016564369e-04,6.927271373569965363e-03,6.163621786981821060e-03,1.551472116261720657e-03,-8.867321885190904140e-04,6.745876278728246689e-03
5.553498119115829468e-02,-1.028096396476030350e-02,-6.711269915103912354e-02,3.927937448024749756e-01,-3.048056662082672119e-01,1.451499313116073608e-01,3.954366594552993774e-02,-1.121578365564346313e-01,5.016669631004333496e-01,-3.499837219715118408e-01,7.084777462296187878e-04,5.988525692373514175e-03,-1.296817907132208347e-03,6.057021673768758774e-04,6.950390525162220001e-03,6.162307225167751312e-03,1.588526996783912182e-03,-8.899015374481678009e-04,6.792902015149593353e-03
5.605036392807960510e-02,-1.362254377454519272e-02,-5.525689199566841125e-02,3.768749535083770752e-01,-3.003529012203216553e-01,1.434649527072906494e-01,3.353597596287727356e-02,-1.210796833038330078e-01,5.050105452537536621e-01,-3.520147502422332764e-01,7.717041298747062683e-04,5.987681914120912552e-03,-1.261521596461534500e-03,6.039814907126128674e-04,6.978372111916542053e-03,6.161647383123636246e-03,1.626384793780744076e-03,-8.933094795793294907e-04,6.841773167252540588e-03
5.543008819222450256e-02,-1.668235287070274353e-02,-4.370458796620368958e-02,3.622187674045562744e-01,-2.964087426662445068e-01,1.419098377227783203e-01,2.761743031442165375e-02,-1.295330524444580078e-01,5.062248110771179199e-01,-3.509232103824615479e-01,-8.254623389802873135e-05,5.983589217066764832e-03,-1.238200580701231956e-03,6.026552291586995125e-04,6.908378563821315765e-03,6.154207978397607803e-03,1.656235312111675739e-03,-8.935555233620107174e-04,6.764959078282117844e-03
5.496740713715553284e-02,-1.955056004226207733e-02,-3.291201964020729065e-02,3.499121367931365967e-01,-2.938541471958160400e-01,1.407200694084167480e-01,2.181823737919330597e-02,-1.381672322750091553e-01,5.064296126365661621e-01,-3.487522304058074951e-01,-5.125554744154214859e-04,5.971779581159353256e-03,-1.216363045386970043e-03,6.013702368363738060e-04,6.830893922597169876e-03,6.143119651824235916e-03,1.682452275417745113e-03,-8.980744751170277596e-04,6.703956983983516693e-03
5.455539748072624207e-02,-2.207690477371215820e-02,-2.320062182843685150e-02,3.407622873783111572e-01,-2.930808067321777344e-01,1.390442699193954468e-01,1.653169654309749603e-02,-1.457578092813491821e-01,5.023564696311950684e-01,-3.458096683025360107e-01,-6.419466808438301086e-04,5.957725457847118378e-03,-1.194584765471518040e-03,5.998270935378968716e-04,6.735813803970813751e-03,6.133313290774822235e-03,1.708319759927690029e-03,-9.048959473147988319e-04,6.652969401329755783e-03
5.496716499328613281e-02,-2.408120036125183105e-02,-1.494493894279003143e-02,3.352267742156982422e-01,-2.943146526813507080e-01,1.384502500295639038e-01,1.217573415488004684e-02,-1.526206731796264648e-01,4.950667023658752441e-01,-3.403066992759704590e-01,5.234714262769557536e-05,5.947424564510583878e-03,-1.165521331131458282e-03,5.986804026179015636e-04,6.592181511223316193e-03,6.120014470070600510e-03,1.738609629683196545e-03,-9.164735674858093262e-04,6.616196129471063614e-03
5.560012906789779663e-02,-2.568887174129486084e-02,-8.066946640610694885e-03,3.329089879989624023e-01,-2.972823977470397949e-01,1.381530761718750000e-01,8.756547234952449799e-03,-1.591563671827316284e-01,4.896312952041625977e-01,-3.169277906417846680e-01,7.452031713910400867e-04,5.953158717602491379e-03,-1.124941860325634480e-03,5.959690315648913383e-04,6.495047826319932938e-03,6.106889341026544571e-03,1.773102325387299061e-03,-9.206305257976055145e-04,6.573456339538097382e-03
5.548380315303802490e-02,-2.683693170547485352e-02,-2.079255180433392525e-03,3.330191075801849365e-01,-3.014715313911437988e-01,1.371260434389114380e-01,6.782287731766700745e-03,-1.638626903295516968e-01,4.913894534111022949e-01,-2.964620888233184814e-01,5.971331847831606865e-04,5.956782028079032898e-03,-1.089091761969029903e-03,5.932707572355866432e-04,6.437753327190876007e-03,6.109605543315410614e-03,1.802926068194210529e-03,-9.251550072804093361e-04,6.633338518440723419e-03
5.524411797523498535e-02,-2.670906484127044678e-02,3.866170765832066536e-03,3.326617777347564697e-01,-3.042905628681182861e-01,1.367827355861663818e-01,7.416510023176670074e-03,-1.626211106777191162e-01,5.008081793785095215e-01,-3.049499988555908203e-01,5.331847351044416428e-04,5.949691869318485260e-03,-1.138941384851932526e-03,5.997434491291642189e-04,6.428137421607971191e-03,6.125487387180328369e-03,1.768085057847201824e-03,-9.185957023873925209e-04,6.675336975604295731e-03
5.441015586256980896e-02,-2.577336877584457397e-02,5.387791432440280914e-03,3.367876708507537842e-01,-3.058053255081176758e-01,1.361000835895538330e-01,8.666598238050937653e-03,-1.610786318778991699e-01,5.056015253067016602e-01,-3.109563589096069336e-01,1.966920535778626800e-04,5.950376391410827637e-03,-1.195041346363723278e-03,6.019228603690862656e-04,6.426168605685234070e-03,6.136328447610139847e-03,1.724027912132441998e-03,-9.086941718123853207e-04,6.698500830680131912e-03
5.169901251792907715e-02,-2.454482577741146088e-02,3.952502273023128510e-03,3.441326022148132324e-01,-3.059447705745697021e-01,1.357670575380325317e-01,9.840001352131366730e-03,-1.588144898414611816e-01,5.058375597000122070e-01,-3.142454326152801514e-01,2.702698402572423220e-04,5.957570392638444901e-03,-1.242493861354887486e-03,6.037401035428047180e-04,6.464322563260793686e-03,6.149311549961566925e-03,1.684933784417808056e-03,-9.014011011458933353e-04,6.733825430274009705e-03
4.821484163403511047e-02,-2.320528589189052582e-02,-1.162536063930019736e-04,3.555440902709960938e-01,-3.045728504657745361e-01,1.355592161417007446e-01,1.086046267300844193e-02,-1.550562530755996704e-01,5.016579031944274902e-01,-3.150845170021057129e-01,2.888352028094232082e-04,5.963419098407030106e-03,-1.287507358938455582e-03,6.061483290977776051e-04,6.509210914373397827e-03,6.159729324281215668e-03,1.645721378736197948e-03,-8.935244986787438393e-04,6.773898843675851822e-03
4.637768119573593140e-02,-2.167940139770507812e-02,-6.421627476811408997e-03,3.698394298553466797e-01,-3.015344738960266113e-01,1.354153156280517578e-01,1.183302793651819229e-02,-1.496307104825973511e-01,4.935804009437561035e-01,-3.137129843235015869e-01,3.067694779019802809e-04,5.966548342257738113e-03,-1.327897422015666962e-03,6.072275573387742043e-04,6.537473294883966446e-03,6.167266517877578735e-03,1.611227286048233509e-03,-8.886539726518094540e-04,6.803328637033700943e-03
4.338172450661659241e-02,-1.987458020448684692e-02,-1.420665811747312546e-02,3.857634365558624268e-01,-2.990300059318542480e-01,1.345632225275039673e-01,1.280160713940858841e-02,-1.424797028303146362e-01,4.820578396320343018e-01,-3.108932375907897949e-01,-2.841835375875234604e-04,5.969926714897155762e-03,-1.374699058942496777e-03,6.086987559683620930e-04,6.572432350367307663e-03,6.172988563776016235e-03,1.568721956573426723e-03,-8.802394731901586056e-04,6.841431371867656708e-03
4.163940623402595520e-02,-1.786013878881931305e-02,-2.362858317792415619e-02,4.028115868568420410e-01,-2.993821501731872559e-01,1.339049935340881348e-01,1.378671079874038696e-02,-1.337139457464218140e-01,4.674025774002075195e-01,-3.064967989921569824e-01,-4.610967007465660572e-04,5.970573518425226212e-03,-1.422889879904687405e-03,6.100311875343322754e-04,6.592946127057075500e-03,6.176709197461605072e-03,1.531993504613637924e-03,-8.734193979762494564e-04,6.870926823467016220e-03
3.981978446245193481e-02,-1.544541027396917343e-02,-3.441775217652320862e-02,4.200167357921600342e-01,-3.029632866382598877e-01,1.331584602594375610e-01,1.499357447028160095e-02,-1.240434572100639343e-01,4.510345458984375000e-01,-3.012002706527709961e-01,-5.555427633225917816e-04,5.964800249785184860e-03,-1.471586176194250584e-03,6.119708996266126633e-04,6.568573415279388428e-03,6.177004426717758179e-03,1.501328079029917717e-03,-8.685264619998633862e-04,6.884174421429634094e-03
4.107863828539848328e-02,-1.237684674561023712e-02,-4.634130746126174927e-02,4.364409744739532471e-01,-3.081848621368408203e-01,1.330160349607467651e-01,1.672301813960075378e-02,-1.139595285058021545e-01,4.340363442897796631e-01,-2.955675721168518066e-01,-1.824312494136393070e-04,5.955534055829048157e-03,-1.507629523985087872e-03,6.151188281364738941e-04,6.527908612042665482e-03,6.176830735057592392e-03,1.480963081121444702e-03,-8.699124446138739586e-04,6.891319993883371353e-03
4.228879138827323914e-02,-8.954778313636779785e-03,-5.906319618225097656e-02,4.513480067253112793e-01,-3.171990811824798584e-01,1.322089135646820068e-01,1.893996819853782654e-02,-1.039433926343917847e-01,4.173820316791534424e-01,-2.901872694492340088e-01,-5.327443941496312618e-04,5.936631001532077789e-03,-1.545260543935000896e-03,6.208063568919897079e-04,6.473408080637454987e-03,6.165557075291872025e-03,1.453146687708795071e-03,-8.674082928337156773e-04,6.881523877382278442e-03
4.458189383149147034e-02,-5.127386189997196198e-03,-7.218225300312042236e-02,4.640968441963195801e-01,-3.242589831352233887e-01,1.320782452821731567e-01,2.166883088648319244e-02,-9.518445283174514771e-02,4.029462337493896484e-01,-2.858434021472930908e-01,-2.005728019867092371e-04,5.919152870774269104e-03,-1.570626860484480858e-03,6.243401439860463142e-04,6.305008195340633392e-03,6.155331153422594070e-03,1.436817692592740059e-03,-8.688618545420467854e-04,6.831642240285873413e-03
4.716859385371208191e-02,-1.063392031937837601e-03,-8.540990203619003296e-02,4.757076501846313477e-01,-3.301559984683990479e-01,1.322765499353408813e-01,2.487611584365367889e-02,-8.814121782779693604e-02,3.919650316238403320e-01,-2.832189202308654785e-01,1.914168969960883260e-04,5.901534575968980789e-03,-1.591619220562279224e-03,6.295022321864962578e-04,6.196788977831602097e-03,6.142229307442903519e-03,1.422208617441356182e-03,-8.701819460839033127e-04,6.776969879865646362e-03
5.028208345174789429e-02,2.768010133877396584e-03,-9.794943034648895264e-02,4.849545061588287354e-01,-3.359967470169067383e-01,1.327898651361465454e-01,2.842157520353794098e-02,-8.299352228641510010e-02,3.851383328437805176e-01,-2.827141880989074707e-01,6.275799823924899101e-04,5.885614547878503799e-03,-1.610922859981656075e-03,6.339768297038972378e-04,6.101824343204498291e-03,6.129228044301271439e-03,1.408599200658500195e-03,-8.715970907360315323e-04,6.707308348268270493e-03
5.128164961934089661e-02,6.121787708252668381e-03,-1.089638546109199524e-01,4.910389482975006104e-01,-3.374429047107696533e-01,1.330517977476119995e-01,3.221232071518898010e-02,-7.971826940774917603e-02,3.827700316905975342e-01,-2.845634818077087402e-01,6.258616340346634388e-04,5.869700107723474503e-03,-1.633290899917483330e-03,6.389916525222361088e-04,6.031504366546869278e-03,6.113861221820116043e-03,1.391746918670833111e-03,-8.706151857040822506e-04,6.642471998929977417e-03
5.325314030051231384e-02,8.854398503899574280e-03,-1.186958476901054382e-01,4.948332905769348145e-01,-3.365500569343566895e-01,1.336309164762496948e-01,3.627241775393486023e-02,-7.785815745592117310e-02,3.841858804225921631e-01,-2.884383797645568848e-01,7.823718478903174400e-04,5.857300478965044022e-03,-1.656441600061953068e-03,6.447475170716643333e-04,6.000187713652849197e-03,6.103189662098884583e-03,1.375021412968635559e-03,-8.697811863385140896e-04,6.615693215280771255e-03
5.462473258376121521e-02,1.081597898155450821e-02,-1.272433251142501831e-01,4.969038665294647217e-01,-3.336699604988098145e-01,1.338044404983520508e-01,4.047129303216934204e-02,-7.697913795709609985e-02,3.883889019489288330e-01,-2.938825190067291260e-01,5.322177312336862087e-04,5.844138562679290771e-03,-1.684243907220661640e-03,6.518800510093569756e-04,5.988150835037231445e-03,6.088977213948965073e-03,1.351106329821050167e-03,-8.659839513711631298e-04,6.593890488147735596e-03
5.509461089968681335e-02,1.206177659332752228e-02,-1.340681910514831543e-01,4.973856508731842041e-01,-3.291032612323760986e-01,1.340372264385223389e-01,4.473802819848060608e-02,-7.622358202934265137e-02,3.937890529632568359e-01,-3.000716865062713623e-01,4.515185719355940819e-04,5.837332922965288162e-03,-1.716535771265625954e-03,6.586813251487910748e-04,6.004145368933677673e-03,6.082452367991209030e-03,1.324856886640191078e-03,-8.610816439613699913e-04,6.608626339584589005e-03
5.371721461415290833e-02,1.246719714254140854e-02,-1.385564506053924561e-01,4.952393174171447754e-01,-3.241117894649505615e-01,1.343568861484527588e-01,4.888387769460678101e-02,-7.513688504695892334e-02,3.995286822319030762e-01,-3.065989017486572266e-01,4.429389373399317265e-04,5.834626499563455582e-03,-1.747838221490383148e-03,6.644520908594131470e-04,6.022860296070575714e-03,6.078368052840232849e-03,1.300264266319572926e-03,-8.557455730624496937e-04,6.613503210246562958e-03
5.349246039986610413e-02,1.233900990337133408e-02,-1.427226662635803223e-01,4.936984479427337646e-01,-3.157189190387725830e-01,1.348958462476730347e-01,5.304168164730072021e-02,-7.372996956110000610e-02,4.053558111190795898e-01,-3.132683336734771729e-01,5.102261202409863472e-04,5.830567330121994019e-03,-1.778208068571984768e-03,6.720107630826532841e-04,6.032012403011322021e-03,6.077227182686328888e-03,1.276921713724732399e-03,-8.502756827510893345e-04,6.623743101954460144e-03
5.348149314522743225e-02,1.220360398292541504e-02,-1.469509750604629517e-01,4.932028651237487793e-01,-3.089588582515716553e-01,1.352207511663436890e-01,5.731406807899475098e-02,-7.184933871030807495e-02,4.105099439620971680e-01,-3.195843100547790527e-01,3.819639096036553383e-04,5.823916755616664886e-03,-1.812833477742969990e-03,6.805020384490489960e-04,6.046501919627189636e-03,6.074342876672744751e-03,1.246176543645560741e-03,-8.430685847997665405e-04,6.646363530308008194e-03
5.206625908613204956e-02,1.221099961549043655e-02,-1.501047015190124512e-01,4.911428689956665039e-01,-3.027960360050201416e-01,1.356270611286163330e-01,6.167255714535713196e-02,-6.913349032402038574e-02,4.139911234378814697e-01,-3.252216279506683350e-01,3.860831493511795998e-04,5.824807099997997284e-03,-1.848492422141134739e-03,6.861861911602318287e-04,6.074112374335527420e-03,6.078904494643211365e-03,1.216945820488035679e-03,-8.365659741684794426e-04,6.682762876152992249e-03
5.074148625135421753e-02,1.188561227172613144e-02,-1.539089381694793701e-01,4.897082149982452393e-01,-2.955280542373657227e-01,1.359612792730331421e-01,6.599674373865127563e-02,-6.592792272567749023e-02,4.158873260021209717e-01,-3.300480842590332031e-01,2.831352758221328259e-04,5.820437800139188766e-03,-1.883301767520606518e-03,6.939744926057755947e-04,6.086517125368118286e-03,6.079135928303003311e-03,1.187097514048218727e-03,-8.294527651742100716e-04,6.693547591567039490e-03
5.027592554688453674e-02,1.143961772322654724e-02,-1.582363247871398926e-01,4.883791506290435791e-01,-2.894072532653808594e-01,1.362396627664566040e-01,7.041165232658386230e-02,-6.246702000498771667e-02,4.166746139526367188e-01,-3.342878222465515137e-01,1.991596800507977605e-04,5.814829375594854355e-03,-1.915031927637755871e-03,7.019418408162891865e-04,6.095964461565017700e-03,6.080340128391981125e-03,1.160090323537588120e-03,-8.225910714827477932e-04,6.716336123645305634e-03
4.957520589232444763e-02,1.213514152914285660e-02,-1.615070551633834839e-01,4.874705076217651367e-01,-2.926694452762603760e-01,1.364222019910812378e-01,7.514569908380508423e-02,-5.840539187192916870e-02,4.161059856414794922e-01,-3.378905355930328369e-01,1.323983451584354043e-04,5.811414215713739395e-03,-1.944553805515170097e-03,7.092108135111629963e-04,6.111726630479097366e-03,6.083379965275526047e-03,1.138697261922061443e-03,-8.154224487952888012e-04,6.749368272721767426e-03
4.923008754849433899e-02,1.471118070185184479e-02,-1.621019542217254639e-01,4.872994720935821533e-01,-2.998373806476593018e-01,1.371629983186721802e-01,7.985477894544601440e-02,-5.444856360554695129e-02,4.154140949249267578e-01,-3.413993716239929199e-01,4.471852153073996305e-04,5.809118971228599548e-03,-1.962346490472555161e-03,7.140496163628995419e-04,6.112358998507261276e-03,6.081352476030588150e-03,1.133634708821773529e-03,-8.149885688908398151e-04,6.725641433149576187e-03
4.905629158020019531e-02,1.840678788721561432e-02,-1.623096168041229248e-01,4.926593005657196045e-01,-3.090396821498870850e-01,1.380891948938369751e-01,8.395772427320480347e-02,-5.158102139830589294e-02,4.156726896762847900e-01,-3.453081548213958740e-01,5.574977258220314980e-04,5.816408433020114899e-03,-1.956958090886473656e-03,7.107168785296380520e-04,6.288259755820035934e-03,6.082368548959493637e-03,1.147415721789002419e-03,-8.199267904274165630e-04,6.669087335467338562e-03
5.009243637323379517e-02,2.060448192059993744e-02,-1.624545902013778687e-01,5.008024573326110840e-01,-3.171488642692565918e-01,1.391615867614746094e-01,8.644956350326538086e-02,-4.743730276823043823e-02,4.141274094581604004e-01,-3.481434881687164307e-01,6.135714938864111900e-04,5.836053285747766495e-03,-1.919000293128192425e-03,6.982309278100728989e-04,6.393512710928916931e-03,6.078314967453479767e-03,1.187052926979959011e-03,-8.311978890560567379e-04,6.618480663746595383e-03
5.224301666021347046e-02,2.119800820946693420e-02,-1.619837433099746704e-01,5.068401098251342773e-01,-3.241520822048187256e-01,1.413044482469558716e-01,8.728358149528503418e-02,-4.499233514070510864e-02,4.148178398609161377e-01,-3.507255613803863525e-01,1.528094639070332050e-03,5.851262249052524567e-03,-1.870495965704321861e-03,6.850403151474893093e-04,6.448678672313690186e-03,6.070748902857303619e-03,1.233671791851520538e-03,-8.468026062473654747e-04,6.580955814570188522e-03
5.449580028653144836e-02,2.087841555476188660e-02,-1.610350906848907471e-01,5.104814171791076660e-01,-3.297532200813293457e-01,1.438251584768295288e-01,8.711545914411544800e-02,-4.464638605713844299e-02,4.182719588279724121e-01,-3.527872264385223389e-01,2.015600679442286491e-03,5.868945736438035965e-03,-1.821728190407156944e-03,6.748962914571166039e-04,6.493302993476390839e-03,6.074042525142431259e-03,1.282400335185229778e-03,-8.545666350983083248e-04,6.590253673493862152e-03
5.616457015275955200e-02,2.008568309247493744e-02,-1.593473702669143677e-01,5.114186406135559082e-01,-3.338197469711303711e-01,1.474304348230361938e-01,8.623443543910980225e-02,-4.507064819335937500e-02,4.224827289581298828e-01,-3.538478612899780273e-01,1.801595208235085011e-03,5.888215731829404831e-03,-1.783591927960515022e-03,6.683244719170033932e-04,6.532836239784955978e-03,6.083201151341199875e-03,1.320435665547847748e-03,-8.513162028975784779e-04,6.609390489757061005e-03
5.692184343934059143e-02,1.882533729076385498e-02,-1.570512950420379639e-01,5.096759796142578125e-01,-3.361364901065826416e-01,1.518964916467666626e-01,8.463633805513381958e-02,-4.792658612132072449e-02,4.306116104125976562e-01,-3.540099859237670898e-01,1.096572610549628735e-03,5.910219624638557434e-03,-1.747882110066711903e-03,6.640046485699713230e-04,6.565555464476346970e-03,6.093814969062805176e-03,1.358350855298340321e-03,-8.414005278609693050e-04,6.639089901000261307e-03
5.778949335217475891e-02,1.699947938323020935e-02,-1.534137427806854248e-01,5.044142007827758789e-01,-3.365448117256164551e-01,1.590111404657363892e-01,8.211949467658996582e-02,-5.289586633443832397e-02,4.422090053558349609e-01,-3.528399467468261719e-01,9.028633357957005501e-04,5.932412110269069672e-03,-1.704987254925072193e-03,6.599840708076953888e-04,6.598934531211853027e-03,6.104333791881799698e-03,1.399932079948484898e-03,-8.358480990864336491e-04,6.675188429653644562e-03
5.790095031261444092e-02,1.445527467876672745e-02,-1.478939354419708252e-01,4.950092136859893799e-01,-3.347241282463073730e-01,1.649656295776367188e-01,7.836453616619110107e-02,-5.903221666812896729e-02,4.547767937183380127e-01,-3.495615422725677490e-01,4.030697164125740528e-04,5.958542693406343460e-03,-1.666889525949954987e-03,6.554243736900389194e-04,6.638551596552133560e-03,6.122039631009101868e-03,1.440456602722406387e-03,-8.275334839709103107e-04,6.729913875460624695e-03
5.806643515825271606e-02,1.130972430109977722e-02,-1.406751275062561035e-01,4.819706082344055176e-01,-3.310122191905975342e-01,1.693523824214935303e-01,7.284513860940933228e-02,-6.768585741519927979e-02,4.695064425468444824e-01,-3.442876636981964111e-01,3.405576280783861876e-04,5.974478088319301605e-03,-1.624064170755445957e-03,6.523556075990200043e-04,6.676353514194488525e-03,6.128094624727964401e-03,1.481148763559758663e-03,-8.257180452346801758e-04,6.762917153537273407e-03
5.835086479783058167e-02,7.776615675538778305e-03,-1.321046203374862671e-01,4.662632048130035400e-01,-3.259625434875488281e-01,1.696240454912185669e-01,6.589551270008087158e-02,-7.948315888643264771e-02,4.864737987518310547e-01,-3.416478931903839111e-01,4.649742331821471453e-04,5.983529146760702133e-03,-1.582801924087107182e-03,6.511459941975772381e-04,6.708124652504920959e-03,6.130324210971593857e-03,1.520841498859226704e-03,-8.270083926618099213e-04,6.782749667763710022e-03
5.893738195300102234e-02,4.223796073347330093e-03,-1.222788020968437195e-01,4.483976960182189941e-01,-3.198668956756591797e-01,1.683117449283599854e-01,5.854893475770950317e-02,-9.351042658090591431e-02,5.035235285758972168e-01,-3.424216806888580322e-01,7.394501008093357086e-04,5.990187637507915497e-03,-1.539596589282155037e-03,6.513671251013875008e-04,6.739887874573469162e-03,6.133115384727716446e-03,1.565049751661717892e-03,-8.273666026070713997e-04,6.833545397967100143e-03
5.897938460111618042e-02,7.318031857721507549e-04,-1.112420782446861267e-01,4.289116859436035156e-01,-3.129463493824005127e-01,1.644604951143264771e-01,5.152754485607147217e-02,-1.089902445673942566e-01,5.199262499809265137e-01,-3.475086688995361328e-01,5.091942148283123970e-04,5.996651016175746918e-03,-1.506611937656998634e-03,6.516850553452968597e-04,6.769474130123853683e-03,6.132514216005802155e-03,1.602927921339869499e-03,-8.235088898800313473e-04,6.853945087641477585e-03
5.916706472635269165e-02,-2.786608878523111343e-03,-9.848503768444061279e-02,4.075225591659545898e-01,-3.053570687770843506e-01,1.590702980756759644e-01,4.505900666117668152e-02,-1.256304383277893066e-01,5.359284281730651855e-01,-3.565853536128997803e-01,5.890439497306942940e-04,6.003201007843017578e-03,-1.469654962420463562e-03,6.512804538942873478e-04,6.809830665588378906e-03,6.132110953330993652e-03,1.643282477743923664e-03,-8.231892134062945843e-04,6.886195391416549683e-03
5.962949618697166443e-02,-6.438298616558313370e-03,-8.439634740352630615e-02,3.852280676364898682e-01,-2.974919080734252930e-01,1.544198691844940186e-01,3.893906995654106140e-02,-1.428121626377105713e-01,5.515473484992980957e-01,-3.627000451087951660e-01,8.641894091852009296e-04,6.004360504448413849e-03,-1.435587997548282146e-03,6.513729458674788475e-04,6.832352839410305023e-03,6.125055253505706787e-03,1.680901390500366688e-03,-8.247022633440792561e-04,6.838501896709203720e-03
5.887022987008094788e-02,-1.042145490646362305e-02,-6.992653012275695801e-02,3.637525141239166260e-01,-2.901799082756042480e-01,1.485983580350875854e-01,3.290408477187156677e-02,-1.592707931995391846e-01,5.653178095817565918e-01,-3.696482777595520020e-01,1.222003356815548614e-05,6.004403810948133469e-03,-1.413995516486465931e-03,6.511128158308565617e-04,6.835620850324630737e-03,6.115316413342952728e-03,1.710700686089694500e-03,-8.214393164962530136e-04,6.725590210407972336e-03
5.839034542441368103e-02,-1.441458519548177719e-02,-5.562300980091094971e-02,3.444539308547973633e-01,-2.842028141021728516e-01,1.442757695913314819e-01,2.740743942558765411e-02,-1.741163730621337891e-01,5.750984549522399902e-01,-3.745282888412475586e-01,-2.252945123473182321e-04,5.994979292154312134e-03,-1.394529943354427814e-03,6.512083346024155617e-04,6.780484691262245178e-03,6.102808751165866852e-03,1.734363613650202751e-03,-8.226145873777568340e-04,6.671496201306581497e-03
5.772145837545394897e-02,-1.835181564092636108e-02,-4.203000292181968689e-02,3.284393250942230225e-01,-2.801876962184906006e-01,1.388164311647415161e-01,2.263519354164600372e-02,-1.870212703943252563e-01,5.800863504409790039e-01,-3.760806322097778320e-01,-4.612434713635593653e-04,5.985192023217678070e-03,-1.375269959680736065e-03,6.505627534352242947e-04,6.737590301781892776e-03,6.088356953114271164e-03,1.756678801029920578e-03,-8.264691568911075592e-04,6.607004906982183456e-03
5.732391774654388428e-02,-2.216842398047447205e-02,-2.953617833554744720e-02,3.163493275642395020e-01,-2.783551812171936035e-01,1.332640945911407471e-01,1.854051090776920319e-02,-1.980257183313369751e-01,5.806428790092468262e-01,-3.760966360569000244e-01,-3.409330383874475956e-04,5.973196122795343399e-03,-1.352046965621411800e-03,6.495668203569948673e-04,6.661476101726293564e-03,6.074180826544761658e-03,1.781975035555660725e-03,-8.332210127264261246e-04,6.552742794156074524e-03
5.688944831490516663e-02,-2.580970153212547302e-02,-1.844331435859203339e-02,3.086571991443634033e-01,-2.790037989616394043e-01,1.280292421579360962e-01,1.503777131438255310e-02,-2.065709829330444336e-01,5.762127041816711426e-01,-3.734766840934753418e-01,-2.861722023226320744e-04,5.961795803159475327e-03,-1.328198588453233242e-03,6.478706491179764271e-04,6.602866575121879578e-03,6.059828214347362518e-03,1.807506661862134933e-03,-8.410772425122559071e-04,6.501383148133754730e-03
5.622850731015205383e-02,-2.922220714390277863e-02,-8.964831940829753876e-03,3.054972589015960693e-01,-2.820922136306762695e-01,1.243424788117408752e-01,1.192436087876558304e-02,-2.122449725866317749e-01,5.670278072357177734e-01,-3.674781024456024170e-01,-4.081825900357216597e-04,5.949493031948804855e-03,-1.305248122662305832e-03,6.456532282754778862e-04,6.516913417726755142e-03,6.047420203685760498e-03,1.832268433645367622e-03,-8.473447524011135101e-04,6.457233335822820663e-03
5.650550127029418945e-02,-3.225564584136009216e-02,-7.172264740802347660e-04,3.056280314922332764e-01,-2.870737314224243164e-01,1.236452087759971619e-01,9.428308345377445221e-03,-2.165427356958389282e-01,5.561043620109558105e-01,-3.584535419940948486e-01,3.808158799074590206e-04,5.951371509581804276e-03,-1.259278156794607639e-03,6.428408669307827950e-04,6.437905598431825638e-03,6.036640144884586334e-03,1.865298370830714703e-03,-8.583259768784046173e-04,6.442736834287643433e-03
5.617421120405197144e-02,-3.483066707849502563e-02,6.611351855099201202e-03,3.076047003269195557e-01,-2.929660081863403320e-01,1.225208044052124023e-01,7.829314097762107849e-03,-2.196645736694335938e-01,5.429690480232238770e-01,-3.465003669261932373e-01,4.290522483643144369e-04,5.954146385192871094e-03,-1.223422470502555370e-03,6.380530539900064468e-04,6.386681459844112396e-03,6.035710219293832779e-03,1.899576862342655659e-03,-8.713859715498983860e-04,6.433987524360418320e-03
5.600993707776069641e-02,-3.689451515674591064e-02,1.332508679479360580e-02,3.105950057506561279e-01,-2.993896603584289551e-01,1.227937936782836914e-01,6.834744475781917572e-03,-2.218698412179946899e-01,5.282259583473205566e-01,-3.332024812698364258e-01,6.015520193614065647e-04,5.975631531327962875e-03,-1.153985387645661831e-03,6.323776324279606342e-04,6.327164359390735626e-03,6.034137681126594543e-03,1.935023698024451733e-03,-8.858859655447304249e-04,6.431160960346460342e-03
5.590533837676048279e-02,-3.850980103015899658e-02,1.986537128686904907e-02,3.138104081153869629e-01,-3.059644401073455811e-01,1.240723133087158203e-01,6.488152313977479935e-03,-2.235124707221984863e-01,5.138244032859802246e-01,-3.146522641181945801e-01,7.120261434465646744e-04,6.004532799124717712e-03,-1.036526402458548546e-03,6.253384635783731937e-04,6.333611439913511276e-03,6.037160754203796387e-03,1.971988240256905556e-03,-9.013912640511989594e-04,6.443305872380733490e-03
5.600487440824508667e-02,-3.966284915804862976e-02,2.609812468290328979e-02,3.172452747821807861e-01,-3.126965463161468506e-01,1.256460994482040405e-01,6.634828634560108185e-03,-2.257719486951828003e-01,5.063081979751586914e-01,-2.732055187225341797e-01,9.239008650183677673e-04,6.064320448786020279e-03,-9.153924183920025826e-04,6.173193687573075294e-04,6.274220068007707596e-03,6.040899548679590225e-03,2.016762038692831993e-03,-9.012512746267020702e-04,6.465241312980651855e-03
5.616331100463867188e-02,-4.040428251028060913e-02,3.157798200845718384e-02,3.216247856616973877e-01,-3.198807835578918457e-01,1.254807263612747192e-01,7.238699123263359070e-03,-2.274217456579208374e-01,5.031042098999023438e-01,-2.408981025218963623e-01,1.097820582799613476e-03,6.129007786512374878e-03,-8.198394207283854485e-04,6.109686219133436680e-04,6.221411749720573425e-03,6.046581547707319260e-03,2.050713170319795609e-03,-9.028914500959217548e-04,6.489261984825134277e-03
5.544232949614524841e-02,-3.892617300152778625e-02,3.725995868444442749e-02,3.216463029384613037e-01,-3.225352168083190918e-01,1.246475428342819214e-01,8.708953857421875000e-03,-2.260486781597137451e-01,5.142173171043395996e-01,-2.507851719856262207e-01,6.482679164037108421e-04,6.124883424490690231e-03,-9.423822048120200634e-04,6.197005859576165676e-04,6.295322440564632416e-03,6.063684355467557907e-03,1.992800040170550346e-03,-8.895663195289671421e-04,7.055603433400392532e-03
5.392897129058837891e-02,-3.518489003181457520e-02,3.811904788017272949e-02,3.236713409423828125e-01,-3.214451968669891357e-01,1.239659264683723450e-01,1.141744572669267654e-02,-2.235566377639770508e-01,5.174788236618041992e-01,-2.563282251358032227e-01,6.197591428644955158e-04,6.126411259174346924e-03,-1.006611390039324760e-03,6.207205587998032570e-04,6.298763677477836609e-03,6.079582497477531433e-03,1.944518648087978363e-03,-8.787098340690135956e-04,7.060221862047910690e-03
4.993153363466262817e-02,-3.092158958315849304e-02,3.572183474898338318e-02,3.294420540332794189e-01,-3.205368518829345703e-01,1.233090609312057495e-01,1.442999299615621567e-02,-2.191974520683288574e-01,5.137062668800354004e-01,-2.578515112400054932e-01,5.643194890581071377e-04,6.132648792117834091e-03,-1.056232838891446590e-03,6.227057892829179764e-04,6.352485157549381256e-03,6.087968125939369202e-03,1.897782087326049805e-03,-8.698664023540914059e-04,7.081374060362577438e-03
4.645102471113204956e-02,-2.720262482762336731e-02,3.097659163177013397e-02,3.378607928752899170e-01,-3.203727006912231445e-01,1.227499768137931824e-01,1.725779101252555847e-02,-2.125363051891326904e-01,5.037534236907958984e-01,-2.561672031879425049e-01,5.571604124270379543e-04,6.140324752777814865e-03,-1.101922243833541870e-03,6.249364814721047878e-04,6.404485553503036499e-03,6.094686221331357956e-03,1.856633811257779598e-03,-8.623042958788573742e-04,7.104096002876758575e-03
4.542614892125129700e-02,-2.383424714207649231e-02,2.445477619767189026e-02,3.482839465141296387e-01,-3.230476677417755127e-01,1.224247291684150696e-01,2.001452632248401642e-02,-2.038656920194625854e-01,4.893299043178558350e-01,-2.519596517086029053e-01,6.758678937330842018e-04,6.140728946775197983e-03,-1.139194937422871590e-03,6.276216008700430393e-04,6.435101851820945740e-03,6.096630822867155075e-03,1.826332299970090389e-03,-8.571065845899283886e-04,7.127894088625907898e-03
4.527337104082107544e-02,-2.007890120148658752e-02,1.700619794428348541e-02,3.605212569236755371e-01,-3.282522857189178467e-01,1.219586953520774841e-01,2.309565059840679169e-02,-1.938447207212448120e-01,4.727911353111267090e-01,-2.467289566993713379e-01,6.258824141696095467e-04,6.134221795946359634e-03,-1.174359349533915520e-03,6.312803598120808601e-04,6.440358236432075500e-03,6.093017756938934326e-03,1.798648154363036156e-03,-8.520879782736301422e-04,7.149385754019021988e-03
4.534830525517463684e-02,-1.619177311658859253e-02,9.360138326883316040e-03,3.733990192413330078e-01,-3.335122764110565186e-01,1.216617599129676819e-01,2.642640098929405212e-02,-1.832867562770843506e-01,4.561139345169067383e-01,-2.414922863245010376e-01,6.777660455554723740e-04,6.124632433056831360e-03,-1.203859224915504456e-03,6.344295688904821873e-04,6.426742766052484512e-03,6.083326414227485657e-03,1.778221689164638519e-03,-8.507354650646448135e-04,7.137248292565345764e-03
4.491712152957916260e-02,-1.297594979405403137e-02,1.540655270218849182e-03,3.864460587501525879e-01,-3.395710885524749756e-01,1.216568425297737122e-01,2.961867675185203552e-02,-1.734241992235183716e-01,4.414752423763275146e-01,-2.372879683971405029e-01,8.114423835650086403e-04,6.113454233855009079e-03,-1.227790024131536484e-03,6.376117235049605370e-04,6.380489096045494080e-03,6.065369583666324615e-03,1.762069412507116795e-03,-8.504810975864529610e-04,7.045695558190345764e-03
4.500275850296020508e-02,-1.031801570206880569e-02,-6.938075646758079529e-03,3.996107578277587891e-01,-3.447876870632171631e-01,1.219730749726295471e-01,3.262608498334884644e-02,-1.652955561876296997e-01,4.305096864700317383e-01,-2.348793894052505493e-01,9.911537636071443558e-04,6.096613593399524689e-03,-1.246946398168802261e-03,6.418439443223178387e-04,6.290785502642393112e-03,6.044338457286357880e-03,1.748807844705879688e-03,-8.521884446963667870e-04,6.877776235342025757e-03
4.582276940345764160e-02,-7.909408770501613617e-03,-1.599453203380107880e-02,4.120338261127471924e-01,-3.474030196666717529e-01,1.222455129027366638e-01,3.568337112665176392e-02,-1.589348912239074707e-01,4.231638312339782715e-01,-2.342491000890731812e-01,9.660276118665933609e-04,6.077851168811321259e-03,-1.271694549359381199e-03,6.477541173808276653e-04,6.224878598004579544e-03,6.026219110935926437e-03,1.729583251290023327e-03,-8.510627667419612408e-04,6.820589303970336914e-03
4.592421278357505798e-02,-5.326399579644203186e-03,-2.420383319258689880e-02,4.209198653697967529e-01,-3.477632403373718262e-01,1.226034164428710938e-01,3.907260671257972717e-02,-1.540030241012573242e-01,4.187830984592437744e-01,-2.350787520408630371e-01,9.830234339460730553e-04,6.061765365302562714e-03,-1.297368318773806095e-03,6.532957195304334164e-04,6.161730736494064331e-03,6.013759411871433258e-03,1.711007324047386646e-03,-8.497106609866023064e-04,6.790759507566690445e-03
4.585262387990951538e-02,-2.513695508241653442e-03,-3.235931694507598877e-02,4.285555779933929443e-01,-3.482894897460937500e-01,1.230551153421401978e-01,4.286730289459228516e-02,-1.504111438989639282e-01,4.170951843261718750e-01,-2.372283041477203369e-01,9.825587039813399315e-04,6.047269795089960098e-03,-1.323281205259263515e-03,6.587814423255622387e-04,6.105452775955200195e-03,6.001354195177555084e-03,1.691286102868616581e-03,-8.472065674141049385e-04,6.758798845112323761e-03
4.587523266673088074e-02,1.841723278630524874e-04,-4.021197557449340820e-02,4.344634115695953369e-01,-3.483837246894836426e-01,1.234896630048751831e-01,4.689521715044975281e-02,-1.477562338113784790e-01,4.174645543098449707e-01,-2.403992265462875366e-01,9.205107344314455986e-04,6.034922320395708084e-03,-1.352176186628639698e-03,6.651587318629026413e-04,6.090329959988594055e-03,5.988899152725934982e-03,1.668535638600587845e-03,-8.438321528956294060e-04,6.744385231286287308e-03
4.651223495602607727e-02,2.347053727135062218e-03,-4.783124849200248718e-02,4.383674561977386475e-01,-3.454501628875732422e-01,1.239953115582466125e-01,5.097457021474838257e-02,-1.457188874483108521e-01,4.191782176494598389e-01,-2.442377656698226929e-01,8.915051002986729145e-04,6.024033296853303909e-03,-1.382614369504153728e-03,6.717913202010095119e-04,6.085897330194711685e-03,5.977995228022336960e-03,1.645348733291029930e-03,-8.407346322201192379e-04,6.730620749294757843e-03
4.652450978755950928e-02,4.079053644090890884e-03,-5.478717386722564697e-02,4.397326707839965820e-01,-3.432412743568420410e-01,1.242738962173461914e-01,5.519400537014007568e-02,-1.439938843250274658e-01,4.215216934680938721e-01,-2.483976036310195923e-01,6.921237218193709850e-04,6.012712605297565460e-03,-1.414569327607750893e-03,6.794415530748665333e-04,6.085740402340888977e-03,5.967816803604364395e-03,1.618242007680237293e-03,-8.351306314580142498e-04,6.740550976246595383e-03
4.684872180223464966e-02,5.516884382814168930e-03,-6.076600402593612671e-02,4.385334551334381104e-01,-3.383460342884063721e-01,1.244764924049377441e-01,5.968125164508819580e-02,-1.423324346542358398e-01,4.243679046630859375e-01,-2.528561055660247803e-01,5.498544778674840927e-04,6.000965368002653122e-03,-1.445032656192779541e-03,6.875372491776943207e-04,6.090351846069097519e-03,5.956957116723060608e-03,1.592784770764410496e-03,-8.298830362036824226e-04,6.754687055945396423e-03
4.565930366516113281e-02,6.202550604939460754e-03,-6.542366743087768555e-02,4.359706044197082520e-01,-3.315923213958740234e-01,1.243396624922752380e-01,6.427399069070816040e-02,-1.405456364154815674e-01,4.277898967266082764e-01,-2.577332556247711182e-01,2.305792149854823947e-04,5.992762744426727295e-03,-1.475303317420184612e-03,6.952369585633277893e-04,6.102846935391426086e-03,5.945977754890918732e-03,1.566278049722313881e-03,-8.230381063185632229e-04,6.767114158719778061e-03
4.565730318427085876e-02,6.111157126724720001e-03,-6.943447142839431763e-02,4.336298406124114990e-01,-3.259955644607543945e-01,1.245514601469039917e-01,6.892664730548858643e-02,-1.388283222913742065e-01,4.320359528064727783e-01,-2.630776464939117432e-01,2.888973103836178780e-04,5.982754752039909363e-03,-1.502097700722515583e-03,7.033495930954813957e-04,6.104540079832077026e-03,5.936350673437118530e-03,1.546082319691777229e-03,-8.187619969248771667e-04,6.767372600734233856e-03
4.504710808396339417e-02,5.798448342829942703e-03,-7.208817452192306519e-02,4.297936260700225830e-01,-3.195530474185943604e-01,1.248863488435745239e-01,7.380923628807067871e-02,-1.370613127946853638e-01,4.367207586765289307e-01,-2.686870098114013672e-01,4.053995944559574127e-04,5.975747480988502502e-03,-1.529811066575348377e-03,7.107980782166123390e-04,6.106192246079444885e-03,5.932513158768415451e-03,1.526080421172082424e-03,-8.131129434332251549e-04,6.779533345252275467e-03
4.453161358833312988e-02,5.083600990474224091e-03,-7.368183881044387817e-02,4.240327477455139160e-01,-3.099521100521087646e-01,1.253386884927749634e-01,7.868555933237075806e-02,-1.356204450130462646e-01,4.423446357250213623e-01,-2.748076617717742920e-01,4.777967405971139669e-04,5.967801902443170547e-03,-1.554542570374906063e-03,7.180771790444850922e-04,6.101237144321203232e-03,5.922671873122453690e-03,1.509110792540013790e-03,-8.089651819318532944e-04,6.746264640241861343e-03
4.406910017132759094e-02,6.308422889560461044e-03,-7.434155791997909546e-02,4.257176220417022705e-01,-3.164414465427398682e-01,1.259872913360595703e-01,8.338147401809692383e-02,-1.341326087713241577e-01,4.481189846992492676e-01,-2.810545265674591064e-01,6.272166501730680466e-04,5.975496955215930939e-03,-1.556336181238293648e-03,7.217493839561939240e-04,6.286310032010078430e-03,5.927414167672395706e-03,1.516850665211677551e-03,-8.072702330537140369e-04,6.782960146665573120e-03
4.439695179462432861e-02,8.653720840811729431e-03,-7.213713228702545166e-02,4.319770336151123047e-01,-3.231986463069915771e-01,1.262014061212539673e-01,8.615274727344512939e-02,-1.298172920942306519e-01,4.494463503360748291e-01,-2.852990031242370605e-01,3.499178856145590544e-04,6.006676238030195236e-03,-1.535698305815458298e-03,7.088486454449594021e-04,6.608826573938131332e-03,5.930954124778509140e-03,1.546560204587876797e-03,-8.137596887536346912e-04,6.738817784935235977e-03
4.542684182524681091e-02,8.856147527694702148e-03,-6.937874853610992432e-02,4.351193606853485107e-01,-3.282543122768402100e-01,1.273790001869201660e-01,8.665804564952850342e-02,-1.261821687221527100e-01,4.502702355384826660e-01,-2.890125513076782227e-01,7.680385606363415718e-04,6.021152716130018234e-03,-1.495909411460161209e-03,6.969492533244192600e-04,6.637481972575187683e-03,5.930018145591020584e-03,1.588157610967755318e-03,-8.270393009297549725e-04,6.508313119411468506e-03
4.691416770219802856e-02,7.963903248310089111e-03,-6.733740121126174927e-02,4.370487928390502930e-01,-3.323863744735717773e-01,1.288554519414901733e-01,8.599855005741119385e-02,-1.250553578138351440e-01,4.533418715000152588e-01,-2.924726009368896484e-01,1.250996021553874016e-03,6.032830569893121719e-03,-1.456051948480308056e-03,6.897724233567714691e-04,6.645965389907360077e-03,5.935661029070615768e-03,1.630743849091231823e-03,-8.347593247890472412e-04,6.418177857995033264e-03
4.776385053992271423e-02,6.375919096171855927e-03,-6.531375646591186523e-02,4.369434714317321777e-01,-3.352069258689880371e-01,1.297365725040435791e-01,8.457555621862411499e-02,-1.250447332859039307e-01,4.569245576858520508e-01,-2.953241169452667236e-01,1.010807463899254799e-03,6.050878204405307770e-03,-1.422653789632022381e-03,6.822829018346965313e-04,6.691826973110437393e-03,5.945404991507530212e-03,1.672003534622490406e-03,-8.350600837729871273e-04,6.405362393707036972e-03
4.873403534293174744e-02,4.248129203915596008e-03,-6.210380047559738159e-02,4.340269863605499268e-01,-3.365187942981719971e-01,1.307840198278427124e-01,8.257517218589782715e-02,-1.258998513221740723e-01,4.617359936237335205e-01,-2.973406314849853516e-01,1.032282831147313118e-03,6.067674141377210617e-03,-1.385592622682452202e-03,6.755949580110609531e-04,6.772967986762523651e-03,5.956285633146762848e-03,1.714075566269457340e-03,-8.377957274205982685e-04,6.456278730183839798e-03
4.973825439810752869e-02,1.658363384194672108e-03,-5.773777887225151062e-02,4.289841651916503906e-01,-3.367859423160552979e-01,1.325277090072631836e-01,8.000466972589492798e-02,-1.264615505933761597e-01,4.663088023662567139e-01,-2.989370524883270264e-01,1.052312785759568214e-03,6.079191341996192932e-03,-1.351432991214096546e-03,6.701924139633774757e-04,6.829761900007724762e-03,5.963392090052366257e-03,1.751343253999948502e-03,-8.413224713876843452e-04,6.447969935834407806e-03
5.041557922959327698e-02,-1.335797598585486412e-03,-5.258262902498245239e-02,4.222170412540435791e-01,-3.362547457218170166e-01,1.337936073541641235e-01,7.705637067556381226e-02,-1.272556930780410767e-01,4.713151156902313232e-01,-3.002981841564178467e-01,8.716101292520761490e-04,6.090946961194276810e-03,-1.320478273555636406e-03,6.650600698776543140e-04,6.874815560877323151e-03,5.970158148556947708e-03,1.785426633432507515e-03,-8.411868475377559662e-04,6.462236866354942322e-03
5.098534375429153442e-02,-4.607181530445814133e-03,-4.648843780159950256e-02,4.130910336971282959e-01,-3.343920409679412842e-01,1.358093470335006714e-01,7.360804826021194458e-02,-1.288811713457107544e-01,4.769893884658813477e-01,-3.007291555404663086e-01,7.733353995718061924e-04,6.103687919676303864e-03,-1.282399403862655163e-03,6.596128223463892937e-04,6.932985503226518631e-03,5.979267880320549011e-03,1.825861982069909573e-03,-8.432064205408096313e-04,6.504790857434272766e-03
5.087618902325630188e-02,-8.209383115172386169e-03,-3.991704806685447693e-02,4.022878706455230713e-01,-3.315132856369018555e-01,1.366498768329620361e-01,6.935831904411315918e-02,-1.322828084230422974e-01,4.835923910140991211e-01,-2.998990118503570557e-01,2.969368069898337126e-04,6.111750379204750061e-03,-1.252860762178897858e-03,6.555746658705174923e-04,6.980190984904766083e-03,5.981301423162221909e-03,1.859845360741019249e-03,-8.426339481957256794e-04,6.506228819489479065e-03
5.059430375695228577e-02,-1.218531653285026550e-02,-3.251515328884124756e-02,3.898158967494964600e-01,-3.278149664402008057e-01,1.365585774183273315e-01,6.426204741001129150e-02,-1.376727372407913208e-01,4.910913705825805664e-01,-3.002490997314453125e-01,6.331924851110670716e-06,6.120655685663223267e-03,-1.220045611262321472e-03,6.521950708702206612e-04,7.046804763376712799e-03,5.984143353998661041e-03,1.898471149615943432e-03,-8.428282453678548336e-04,6.543679628521203995e-03
5.021363869309425354e-02,-1.651526242494583130e-02,-2.415570989251136780e-02,3.757773041725158691e-01,-3.233421742916107178e-01,1.360699534416198730e-01,5.844090506434440613e-02,-1.451089829206466675e-01,5.002653002738952637e-01,-3.026554882526397705e-01,-1.541063393233343959e-04,6.127094849944114685e-03,-1.187101937830448151e-03,6.495466805063188076e-04,7.115646731108427048e-03,5.985156632959842682e-03,1.939031062647700310e-03,-8.436407078988850117e-04,6.573227699846029282e-03
4.911610856652259827e-02,-2.108847908675670624e-02,-1.543555688112974167e-02,3.610911369323730469e-01,-3.184823691844940186e-01,1.347430497407913208e-01,5.210193246603012085e-02,-1.540556252002716064e-01,5.097070336341857910e-01,-3.084833621978759766e-01,-7.527641719207167625e-04,6.129499990493059158e-03,-1.160670304670929909e-03,6.478200084529817104e-04,7.150745484977960587e-03,5.983702838420867920e-03,1.975957769900560379e-03,-8.426885469816625118e-04,6.549534387886524200e-03
4.818284139037132263e-02,-2.567891776561737061e-02,-6.134389899671077728e-03,3.458110094070434570e-01,-3.134639561176300049e-01,1.325245201587677002e-01,4.592791944742202759e-02,-1.643993854522705078e-01,5.188806653022766113e-01,-3.130518198013305664e-01,-8.464619168080389500e-04,6.128484383225440979e-03,-1.132357749156653881e-03,6.457511917687952518e-04,7.178364321589469910e-03,5.982563365250825882e-03,2.009688876569271088e-03,-8.461152901872992516e-04,6.572485435754060745e-03
4.739401116967201233e-02,-3.002540580928325653e-02,3.481845604255795479e-03,3.308329284191131592e-01,-3.087663948535919189e-01,1.304712593555450439e-01,4.033680632710456848e-02,-1.751293689012527466e-01,5.268408656120300293e-01,-3.162268400192260742e-01,-6.970093236304819584e-04,6.125059910118579865e-03,-1.104200491681694984e-03,6.436128169298171997e-04,7.125916890799999237e-03,5.980699323117733002e-03,2.043094951659440994e-03,-8.501012925989925861e-04,6.578664295375347137e-03
4.682609066367149353e-02,-3.411718830466270447e-02,1.283401437103748322e-02,3.174892067909240723e-01,-3.050439059734344482e-01,1.286047995090484619e-01,3.530934080481529236e-02,-1.849391907453536987e-01,5.304743647575378418e-01,-3.169277310371398926e-01,-3.415355167817324400e-04,6.119805388152599335e-03,-1.078327768482267857e-03,6.417939439415931702e-04,7.058593444526195526e-03,5.975172389298677444e-03,2.072969684377312660e-03,-8.586983312852680683e-04,6.537100300192832947e-03
4.644248634576797485e-02,-3.789365664124488831e-02,2.043747156858444214e-02,3.082447946071624756e-01,-3.035874664783477783e-01,1.283005625009536743e-01,3.070795349776744843e-02,-1.938242763280868530e-01,5.301054120063781738e-01,-3.143762350082397461e-01,4.869096665061078966e-05,6.109183654189109802e-03,-1.054262742400169373e-03,6.404038285836577415e-04,6.789372768253087997e-03,5.964940879493951797e-03,2.098817378282546997e-03,-8.654646226204931736e-04,6.427487824112176895e-03
4.568876698613166809e-02,-4.147336259484291077e-02,2.660908922553062439e-02,3.030070662498474121e-01,-3.042669892311096191e-01,1.274931132793426514e-01,2.672383002936840057e-02,-2.017771750688552856e-01,5.274825692176818848e-01,-3.129558563232421875e-01,3.175037272740155458e-05,6.103366613388061523e-03,-1.032058848068118095e-03,6.371733034029603004e-04,6.728845182806253433e-03,5.957703106105327606e-03,2.123471582308411598e-03,-8.717896416783332825e-04,6.386358290910720825e-03
4.503119736909866333e-02,-4.493226110935211182e-02,3.186224400997161865e-02,3.010486960411071777e-01,-3.067909181118011475e-01,1.263922154903411865e-01,2.331407740712165833e-02,-2.084390819072723389e-01,5.218133926391601562e-01,-3.075437545776367188e-01,1.233701041201129556e-04,6.100941449403762817e-03,-1.007477520033717155e-03,6.332596531137824059e-04,6.685808300971984863e-03,5.951475352048873901e-03,2.150151645764708519e-03,-8.809717255644500256e-04,6.349757313728332520e-03
4.379460588097572327e-02,-4.826794564723968506e-02,3.587711229920387268e-02,3.023333847522735596e-01,-3.110954761505126953e-01,1.253251582384109497e-01,2.028528414666652679e-02,-2.141364216804504395e-01,5.155184864997863770e-01,-2.955045104026794434e-01,-2.980724384542554617e-04,6.095563992857933044e-03,-9.868846973404288292e-04,6.291714380495250225e-04,6.626873742789030075e-03,5.947090219706296921e-03,2.172998851165175438e-03,-8.871966274455189705e-04,6.307275965809822083e-03
4.255735129117965698e-02,-5.143420398235321045e-02,3.940835595130920410e-02,3.058803677558898926e-01,-3.167797625064849854e-01,1.254676729440689087e-01,1.733219809830188751e-02,-2.168877720832824707e-01,5.116686820983886719e-01,-2.644775807857513428e-01,-4.863895301241427660e-04,6.087058689445257187e-03,-9.560207254253327847e-04,6.247910787351429462e-04,6.562664639204740524e-03,5.949065089225769043e-03,2.198763890191912651e-03,-8.936891099438071251e-04,6.271000020205974579e-03
4.174842312932014465e-02,-5.358073115348815918e-02,4.434856027364730835e-02,3.081348836421966553e-01,-3.211921155452728271e-01,1.244543045759201050e-01,1.577814109623432159e-02,-2.171258479356765747e-01,5.247560143470764160e-01,-2.745994329452514648e-01,-3.031533560715615749e-04,6.083278451114892960e-03,-9.949395898729562759e-04,6.391944480128586292e-04,6.628965493291616440e-03,5.967766512185335159e-03,2.166293794289231300e-03,-8.817246998660266399e-04,6.693131290376186371e-03
3.981551527976989746e-02,-5.378567427396774292e-02,4.614926502108573914e-02,3.137984871864318848e-01,-3.241712152957916260e-01,1.231577396392822266e-01,1.596727408468723297e-02,-2.157236784696578979e-01,5.321126580238342285e-01,-2.820024192333221436e-01,-3.856440889649093151e-04,6.076566409319639206e-03,-1.043416908942162991e-03,6.487280479632318020e-04,6.612177938222885132e-03,5.980287678539752960e-03,2.121228491887450218e-03,-8.650275995023548603e-04,6.730737630277872086e-03
3.718333318829536438e-02,-5.305730924010276794e-02,4.488594084978103638e-02,3.219619691371917725e-01,-3.253562450408935547e-01,1.222668588161468506e-01,1.682672649621963501e-02,-2.137100100517272949e-01,5.345137715339660645e-01,-2.864988744258880615e-01,-1.042317744577303529e-04,6.076279561966657639e-03,-1.083181239664554596e-03,6.523448391817510128e-04,6.614214740693569183e-03,5.992388352751731873e-03,2.085614716634154320e-03,-8.576399995945394039e-04,6.747305858880281448e-03
3.416671231389045715e-02,-5.177002772688865662e-02,4.037865623831748962e-02,3.338940143585205078e-01,-3.249033987522125244e-01,1.215378120541572571e-01,1.800276525318622589e-02,-2.107189893722534180e-01,5.321046113967895508e-01,-2.881310284137725830e-01,1.084182222257368267e-04,6.079959683120250702e-03,-1.125178532674908638e-03,6.546822260133922100e-04,6.627521011978387833e-03,6.004441995173692703e-03,2.049252856522798538e-03,-8.498944807797670364e-04,6.764061283320188522e-03
3.184390440583229065e-02,-4.979927092790603638e-02,3.337436914443969727e-02,3.494468927383422852e-01,-3.226506412029266357e-01,1.217630654573440552e-01,1.936883851885795593e-02,-2.063358873128890991e-01,5.249453783035278320e-01,-2.869945168495178223e-01,7.819111924618482590e-04,6.088471040129661560e-03,-1.163226203061640263e-03,6.538311135955154896e-04,6.662494968622922897e-03,6.021092180162668228e-03,2.020861953496932983e-03,-8.474120986647903919e-04,6.781014613807201385e-03
3.132142126560211182e-02,-4.745854809880256653e-02,2.389490231871604919e-02,3.687575459480285645e-01,-3.235007226467132568e-01,1.222831681370735168e-01,2.069241739809513092e-02,-2.002821266651153564e-01,5.135711431503295898e-01,-2.835889756679534912e-01,1.092525897547602654e-03,6.093396339565515518e-03,-1.199891907162964344e-03,6.536270375363528728e-04,6.696694996207952499e-03,6.031662691384553909e-03,1.990817487239837646e-03,-8.451202302239835262e-04,6.795872002840042114e-03
3.131537884473800659e-02,-4.487117007374763489e-02,1.300499774515628815e-02,3.881592154502868652e-01,-3.274792432785034180e-01,1.221310496330261230e-01,2.208331972360610962e-02,-1.926829963922500610e-01,4.989996254444122314e-01,-2.787399888038635254e-01,6.531509570777416229e-04,6.089138798415660858e-03,-1.241041696630418301e-03,6.559471366927027702e-04,6.708578206598758698e-03,6.031304597854614258e-03,1.955021405592560768e-03,-8.395407348871231079e-04,6.815881934016942978e-03
3.144896030426025391e-02,-4.139600694179534912e-02,1.623976393602788448e-03,4.058522284030914307e-01,-3.310857713222503662e-01,1.218673586845397949e-01,2.395329251885414124e-02,-1.838148087263107300e-01,4.820138812065124512e-01,-2.725154459476470947e-01,3.666299162432551384e-04,6.080546416342258453e-03,-1.287941704504191875e-03,6.582080386579036713e-04,6.699716206640005112e-03,6.031025201082229614e-03,1.921824878081679344e-03,-8.343695662915706635e-04,6.840417161583900452e-03
3.322488442063331604e-02,-3.688288107514381409e-02,-1.062640547752380371e-02,4.236589968204498291e-01,-3.373720347881317139e-01,1.217308565974235535e-01,2.643826417624950409e-02,-1.743141710758209229e-01,4.643567502498626709e-01,-2.659974396228790283e-01,2.898746170103549957e-04,6.067546550184488297e-03,-1.321832067333161831e-03,6.616995669901371002e-04,6.667570210993289948e-03,6.024360191076993942e-03,1.896934234537184238e-03,-8.322002831846475601e-04,6.849732249975204468e-03
3.480939939618110657e-02,-3.159666806459426880e-02,-2.229948155581951141e-02,4.391712546348571777e-01,-3.460569977760314941e-01,1.212972104549407959e-01,2.943710982799530029e-02,-1.644758582115173340e-01,4.473228752613067627e-01,-2.599517107009887695e-01,5.731007695430889726e-05,6.054052617400884628e-03,-1.355200773105025291e-03,6.659104255959391594e-04,6.636275444179773331e-03,6.014456041157245636e-03,1.871402724646031857e-03,-8.284999057650566101e-04,6.856955587863922119e-03
3.693553432822227478e-02,-2.584770135581493378e-02,-3.372934088110923767e-02,4.543263316154479980e-01,-3.527077436447143555e-01,1.213814094662666321e-01,3.289239853620529175e-02,-1.549498289823532104e-01,4.320900440216064453e-01,-2.549020648002624512e-01,3.177913895342499018e-04,6.039900239557027817e-03,-1.380163826979696751e-03,6.691925809718668461e-04,6.574558094143867493e-03,6.006009411066770554e-03,1.853988389484584332e-03,-8.287252276204526424e-04,6.836295593529939651e-03
3.956502303481101990e-02,-2.000784128904342651e-02,-4.450087249279022217e-02,4.677124023437500000e-01,-3.572567701339721680e-01,1.218062937259674072e-01,3.674450144171714783e-02,-1.462303400039672852e-01,4.194740951061248779e-01,-2.512374222278594971e-01,6.373115465976297855e-04,6.023787427693605423e-03,-1.401913003064692020e-03,6.740507669746875763e-04,6.510723382234573364e-03,5.994862411171197891e-03,1.838299911469221115e-03,-8.297374588437378407e-04,6.802540272474288940e-03
4.296631738543510437e-02,-1.485177967697381973e-02,-5.374602600932121277e-02,4.767571091651916504e-01,-3.606650829315185547e-01,1.229036003351211548e-01,4.059800505638122559e-02,-1.389549374580383301e-01,4.105117022991180420e-01,-2.494365721940994263e-01,1.319381641224026680e-03,6.010216660797595978e-03,-1.420028507709503174e-03,6.781665142625570297e-04,6.453505717217922211e-03,5.974363535642623901e-03,1.824742299504578114e-03,-8.316609892062842846e-04,6.712222471833229065e-03
4.519134387373924255e-02,-1.071857474744319916e-02,-6.274817883968353271e-02,4.837009310722351074e-01,-3.622593581676483154e-01,1.234667077660560608e-01,4.418527334928512573e-02,-1.335366219282150269e-01,4.055591821670532227e-01,-2.497116327285766602e-01,1.229258603416383266e-03,5.993024446070194244e-03,-1.444568508304655552e-03,6.845250027254223824e-04,6.391848437488079071e-03,5.954893771559000015e-03,1.804583938792347908e-03,-8.307079551741480827e-04,6.587940268218517303e-03
4.930249229073524475e-02,-7.463155314326286316e-03,-7.124058157205581665e-02,4.875732064247131348e-01,-3.619938790798187256e-01,1.241617947816848755e-01,4.766657575964927673e-02,-1.297467947006225586e-01,4.042269885540008545e-01,-2.518296241760253906e-01,1.206867629662156105e-03,5.977995693683624268e-03,-1.467885798774659634e-03,6.914365803822875023e-04,6.352241616696119308e-03,5.939450580626726151e-03,1.785956323146820068e-03,-8.299404871650040150e-04,6.544467993080615997e-03
5.047765746712684631e-02,-5.367720965296030045e-03,-7.835520058870315552e-02,4.887055754661560059e-01,-3.615452349185943604e-01,1.244868710637092590e-01,5.101852491497993469e-02,-1.270048618316650391e-01,4.052216708660125732e-01,-2.551671266555786133e-01,8.834407781250774860e-04,5.965244490653276443e-03,-1.500991289503872395e-03,6.984008359722793102e-04,6.337376777082681656e-03,5.926030687987804413e-03,1.757606514729559422e-03,-8.254343410953879356e-04,6.522223353385925293e-03
5.003225803375244141e-02,-4.006437491625547409e-03,-8.450027555227279663e-02,4.882264435291290283e-01,-3.577428460121154785e-01,1.247396692633628845e-01,5.450180917978286743e-02,-1.250814944505691528e-01,4.079744517803192139e-01,-2.594073116779327393e-01,5.974583909846842289e-04,5.950023420155048370e-03,-1.530070556327700615e-03,7.065595709718763828e-04,6.307225674390792847e-03,5.914325360208749771e-03,1.731655094772577286e-03,-8.204826735891401768e-04,6.519217509776353836e-03
4.883387684822082520e-02,-2.833904232829809189e-03,-8.919029682874679565e-02,4.852566421031951904e-01,-3.537119626998901367e-01,1.247325614094734192e-01,5.840115994215011597e-02,-1.236818507313728333e-01,4.122461974620819092e-01,-2.644891738891601562e-01,2.165501937270164490e-04,5.933998618274927139e-03,-1.557939685881137848e-03,7.155030616559088230e-04,6.290335673838853836e-03,5.905128084123134613e-03,1.705304370261728764e-03,-8.150493376888334751e-04,6.530602462589740753e-03
4.721269756555557251e-02,-1.938068191520869732e-03,-9.280136227607727051e-02,4.817830622196197510e-01,-3.473735451698303223e-01,1.250415295362472534e-01,6.261310726404190063e-02,-1.227925419807434082e-01,4.178103506565093994e-01,-2.702309489250183105e-01,2.566135954111814499e-04,5.922708660364151001e-03,-1.585693913511931896e-03,7.225160952657461166e-04,6.277767010033130646e-03,5.897374358028173447e-03,1.682276371866464615e-03,-8.109131595119833946e-04,6.533209700137376785e-03
4.619193449616432190e-02,-1.640717731788754463e-03,-9.591507911682128906e-02,4.779575169086456299e-01,-3.378885090351104736e-01,1.253298968076705933e-01,6.692145764827728271e-02,-1.221886873245239258e-01,4.242651462554931641e-01,-2.764673531055450439e-01,2.214268606621772051e-04,5.911692976951599121e-03,-1.613723696209490299e-03,7.307576597668230534e-04,6.288181524723768234e-03,5.888421088457107544e-03,1.659274334087967873e-03,-8.068951428867876530e-04,6.543160881847143173e-03
4.202245175838470459e-02,-2.007199916988611221e-03,-9.792092442512512207e-02,4.732927381992340088e-01,-3.271062672138214111e-01,1.249233037233352661e-01,7.111630588769912720e-02,-1.215167790651321411e-01,4.310650229454040527e-01,-2.830071747303009033e-01,-3.532109549269080162e-04,5.902089178562164307e-03,-1.645671320147812366e-03,7.404516218230128288e-04,6.303313653916120529e-03,5.880997516214847565e-03,1.626095850951969624e-03,-7.986272685229778290e-04,6.554282270371913910e-03
3.926113620400428772e-02,-2.509997459128499031e-03,-9.957748651504516602e-02,4.684312343597412109e-01,-3.155062794685363770e-01,1.249527037143707275e-01,7.549168169498443604e-02,-1.207033172249794006e-01,4.377553164958953857e-01,-2.894935309886932373e-01,-3.342849377077072859e-04,5.891759879887104034e-03,-1.674458151683211327e-03,7.497144397348165512e-04,6.302465684711933136e-03,5.878545343875885010e-03,1.602655509486794472e-03,-7.922603399492800236e-04,6.573365535587072372e-03
3.697632998228073120e-02,-2.770439954474568367e-03,-1.010819450020790100e-01,4.635283946990966797e-01,-3.088073134422302246e-01,1.246704682707786560e-01,8.016835898160934448e-02,-1.195723414421081543e-01,4.438384473323822021e-01,-2.956090569496154785e-01,-5.207682261243462563e-04,5.882561206817626953e-03,-1.703982241451740265e-03,7.591929752379655838e-04,6.308462005108594894e-03,5.876064766198396683e-03,1.577176968567073345e-03,-7.847361848689615726e-04,6.597174797207117081e-03
3.466135635972023010e-02,-1.108591910451650620e-03,-1.003790721297264099e-01,4.597050845623016357e-01,-3.170993328094482422e-01,1.246359050273895264e-01,8.487506210803985596e-02,-1.185627207159996033e-01,4.496655166149139404e-01,-3.015996515750885010e-01,-4.398984892759472132e-04,5.876778159290552139e-03,-1.725297071970999241e-03,7.667609024792909622e-04,6.301351357251405716e-03,5.871221888810396194e-03,1.566834165714681149e-03,-7.797434227541089058e-04,6.594207603484392166e-03
3.294762596487998962e-02,2.106204861775040627e-03,-9.713497012853622437e-02,4.569048881530761719e-01,-3.263417780399322510e-01,1.244907751679420471e-01,8.898248523473739624e-02,-1.181972995400428772e-01,4.557107985019683838e-01,-3.076296746730804443e-01,-4.704738967120647430e-04,5.872865673154592514e-03,-1.745911547914147377e-03,7.738521671853959560e-04,6.301879417151212692e-03,5.863364320248365402e-03,1.557776238769292831e-03,-7.745349430479109287e-04,6.567592732608318329e-03
3.363129869103431702e-02,3.913260996341705322e-03,-9.610013663768768311e-02,4.633128046989440918e-01,-3.341778814792633057e-01,1.252696216106414795e-01,9.115187823772430420e-02,-1.155454739928245544e-01,4.579125344753265381e-01,-3.119510114192962646e-01,1.824193459469825029e-04,5.954131949692964554e-03,-1.694802311249077320e-03,7.571240421384572983e-04,7.024897262454032898e-03,5.872148089110851288e-03,1.642190036363899708e-03,-7.942751981317996979e-04,6.690056994557380676e-03
3.522707894444465637e-02,3.562150988727807999e-03,-9.431711584329605103e-02,4.668133854866027832e-01,-3.389942348003387451e-01,1.274308711290359497e-01,9.100006520748138428e-02,-1.126995831727981567e-01,4.584859907627105713e-01,-3.142106831073760986e-01,1.152209006249904633e-03,5.975607782602310181e-03,-1.646790886297821999e-03,7.454504957422614098e-04,7.047870196402072906e-03,5.882746540009975433e-03,1.691792975179851055e-03,-8.053366909734904766e-04,6.621369626373052597e-03
3.714494034647941589e-02,2.525207586586475372e-03,-9.207597374916076660e-02,4.667671024799346924e-01,-3.416670560836791992e-01,1.303352713584899902e-01,8.996656537055969238e-02,-1.119472235441207886e-01,4.604453742504119873e-01,-3.149505555629730225e-01,1.939799403771758080e-03,5.994298495352268219e-03,-1.598151517100632191e-03,7.370326202362775803e-04,7.060491014271974564e-03,5.900201853364706039e-03,1.741105457767844200e-03,-8.123256266117095947e-04,6.609435658901929855e-03
3.842735290527343750e-02,1.171702751889824867e-03,-8.836655318737030029e-02,4.626708924770355225e-01,-3.420951068401336670e-01,1.319637298583984375e-01,8.866197615861892700e-02,-1.123676151037216187e-01,4.637260735034942627e-01,-3.140535950660705566e-01,1.828447217121720314e-03,6.015879102051258087e-03,-1.556082628667354584e-03,7.299259887076914310e-04,7.127895951271057129e-03,5.917064379900693893e-03,1.785711268894374371e-03,-8.147071348503232002e-04,6.659127771854400635e-03
3.931209817528724670e-02,-5.268084350973367691e-04,-8.273585885763168335e-02,4.546486735343933105e-01,-3.406268656253814697e-01,1.333988755941390991e-01,8.696927875280380249e-02,-1.133189722895622253e-01,4.680514931678771973e-01,-3.118476867675781250e-01,1.569530926644802094e-03,6.032090634107589722e-03,-1.521669677458703518e-03,7.243870641104876995e-04,7.177535444498062134e-03,5.928075872361660004e-03,1.823562546633183956e-03,-8.138905395753681660e-04,6.686255801469087601e-03
4.001969471573829651e-02,-2.673637820407748222e-03,-7.620164006948471069e-02,4.442639648914337158e-01,-3.376417458057403564e-01,1.365143358707427979e-01,8.448048681020736694e-02,-1.161122694611549377e-01,4.756053984165191650e-01,-3.088226616382598877e-01,1.351139741018414497e-03,6.043251138180494308e-03,-1.484797219745814800e-03,7.200792897492647171e-04,7.215480320155620575e-03,5.933030042797327042e-03,1.863772864453494549e-03,-8.141616126522421837e-04,6.681336555629968643e-03
4.088505730032920837e-02,-5.343327764421701431e-03,-6.861774623394012451e-02,4.317290484905242920e-01,-3.338282704353332520e-01,1.381596475839614868e-01,8.134853839874267578e-02,-1.201569661498069763e-01,4.839429855346679688e-01,-3.049191534519195557e-01,1.418165978975594044e-03,6.047129631042480469e-03,-1.450326060876250267e-03,7.173965568654239178e-04,7.249466609209775925e-03,5.934902466833591461e-03,1.900565810501575470e-03,-8.213459514081478119e-04,6.666007451713085175e-03
4.152229055762290955e-02,-8.477443829178810120e-03,-6.048643961548805237e-02,4.179417192935943604e-01,-3.292469978332519531e-01,1.383283585309982300e-01,7.729298621416091919e-02,-1.250068694353103638e-01,4.906986951828002930e-01,-2.997835874557495117e-01,1.242466853000223637e-03,6.051187869161367416e-03,-1.419083331711590290e-03,7.149163284339010715e-04,7.284316699951887131e-03,5.934959743171930313e-03,1.935249427333474159e-03,-8.225923520512878895e-04,6.655466742813587189e-03
4.177862033247947693e-02,-1.188347302377223969e-02,-5.173541605472564697e-02,4.029125869274139404e-01,-3.240131735801696777e-01,1.378121823072433472e-01,7.276635617017745972e-02,-1.322724819183349609e-01,4.998660087585449219e-01,-2.974787354469299316e-01,9.200338390655815601e-04,6.056684069335460663e-03,-1.385229756124317646e-03,7.129855221137404442e-04,7.329350803047418594e-03,5.936343688517808914e-03,1.975876279175281525e-03,-8.223220356740057468e-04,6.672593764960765839e-03
4.130546003580093384e-02,-1.570297032594680786e-02,-4.241196811199188232e-02,3.868588805198669434e-01,-3.181993961334228516e-01,1.361082494258880615e-01,6.789317727088928223e-02,-1.409317255020141602e-01,5.087100267410278320e-01,-2.992734611034393311e-01,1.839020260376855731e-04,6.060526240617036819e-03,-1.357951085083186626e-03,7.115914486348628998e-04,7.370396051555871964e-03,5.933963228017091751e-03,2.013578778132796288e-03,-8.209176594391465187e-04,6.605150178074836731e-03
4.104463011026382446e-02,-2.005437947809696198e-02,-3.213505446910858154e-02,3.697112798690795898e-01,-3.118932545185089111e-01,1.332707703113555908e-01,6.290650367736816406e-02,-1.506536006927490234e-01,5.166915059089660645e-01,-3.033567965030670166e-01,-1.527302993054036051e-05,6.062329281121492386e-03,-1.329720835201442242e-03,7.097616908140480518e-04,7.390351966023445129e-03,5.930865649133920670e-03,2.048009075224399567e-03,-8.240498718805611134e-04,6.574734579771757126e-03
4.047520831227302551e-02,-2.450199984014034271e-02,-2.193685993552207947e-02,3.535514473915100098e-01,-3.062885105609893799e-01,1.286563277244567871e-01,5.860717222094535828e-02,-1.609113216400146484e-01,5.228630304336547852e-01,-3.078650236129760742e-01,-3.215280885342508554e-04,6.054640281945466995e-03,-1.308017293922603130e-03,7.089865393936634064e-04,7.296759635210037231e-03,5.924353841692209244e-03,2.074161311611533165e-03,-8.261089678853750229e-04,6.505704484879970551e-03
3.986573591828346252e-02,-2.881798148155212402e-02,-1.215880084782838821e-02,3.392727971076965332e-01,-3.018212020397186279e-01,1.257798373699188232e-01,5.490204319357872009e-02,-1.705068349838256836e-01,5.259423851966857910e-01,-3.120433092117309570e-01,-4.733483947347849607e-04,6.050263531506061554e-03,-1.282815006561577320e-03,7.068417617119848728e-04,7.234130986034870148e-03,5.919993855059146881e-03,2.103558043017983437e-03,-8.285986841656267643e-04,6.453906651586294174e-03
3.831729292869567871e-02,-3.309764340519905090e-02,-3.063237760215997696e-03,3.274431824684143066e-01,-2.986012399196624756e-01,1.217789947986602783e-01,5.181171000003814697e-02,-1.792459934949874878e-01,5.264647006988525391e-01,-3.152626454830169678e-01,-1.302293152548372746e-03,6.043699570000171661e-03,-1.264014863409101963e-03,7.044809171929955482e-04,7.158283144235610962e-03,5.915478803217411041e-03,2.124700229614973068e-03,-8.308027754537761211e-04,6.395069882273674011e-03
3.700042143464088440e-02,-3.722506761550903320e-02,5.544378422200679779e-03,3.178605139255523682e-01,-2.967967689037322998e-01,1.182328984141349792e-01,4.936693981289863586e-02,-1.866760402917861938e-01,5.234043002128601074e-01,-3.140912652015686035e-01,-1.557914656586945057e-03,6.035490892827510834e-03,-1.241533784195780754e-03,7.010311237536370754e-04,7.096099667251110077e-03,5.913488101214170456e-03,2.149611711502075195e-03,-8.368740673176944256e-04,6.367679219692945480e-03
3.612815588712692261e-02,-4.116777703166007996e-02,1.320985890924930573e-02,3.112879693508148193e-01,-2.967098057270050049e-01,1.154115051031112671e-01,4.753988236188888550e-02,-1.929027736186981201e-01,5.179075598716735840e-01,-3.115694820880889893e-01,-1.279610441997647285e-03,6.026627961546182632e-03,-1.215851865708827972e-03,6.981785409152507782e-04,7.009215187281370163e-03,5.905335769057273865e-03,2.176281763240695000e-03,-8.472256595268845558e-04,6.327825132757425308e-03
3.587299957871437073e-02,-4.475207626819610596e-02,1.914474554359912872e-02,3.088640272617340088e-01,-2.988944947719573975e-01,1.153310313820838928e-01,4.615207388997077942e-02,-1.977756321430206299e-01,5.099503397941589355e-01,-3.051935732364654541e-01,-5.024737911298871040e-04,6.017159204930067062e-03,-1.187453977763652802e-03,6.952124531380832195e-04,6.800748407840728760e-03,5.896339192986488342e-03,2.204279880970716476e-03,-8.586192270740866661e-04,6.286197807639837265e-03
3.514908626675605774e-02,-4.814524576067924500e-02,2.360585518181324005e-02,3.099775314331054688e-01,-3.029446601867675781e-01,1.149327382445335388e-01,4.510334879159927368e-02,-2.015298902988433838e-01,5.008817315101623535e-01,-2.967827618122100830e-01,-3.260392404627054930e-04,6.016074214130640030e-03,-1.159984967671334743e-03,6.911679520271718502e-04,6.738982163369655609e-03,5.890343338251113892e-03,2.232239115983247757e-03,-8.701448678039014339e-04,6.248056422919034958e-03
3.489121794700622559e-02,-5.137952417135238647e-02,2.759004570543766022e-02,3.129099309444427490e-01,-3.081097006797790527e-01,1.151195093989372253e-01,4.408493638038635254e-02,-2.046215683221817017e-01,4.932849109172821045e-01,-2.823375761508941650e-01,2.007057773880660534e-04,6.037723738700151443e-03,-1.131265889853239059e-03,6.868513883091509342e-04,6.694060284644365311e-03,5.887653212994337082e-03,2.261506626382470131e-03,-8.834881591610610485e-04,6.256390828639268875e-03
3.395964950323104858e-02,-5.430345609784126282e-02,3.146933019161224365e-02,3.169458806514739990e-01,-3.139689862728118896e-01,1.154519915580749512e-01,4.227499663829803467e-02,-2.039092481136322021e-01,4.880518913269042969e-01,-2.543468177318572998e-01,4.210062616039067507e-05,6.038000807166099548e-03,-1.096647698432207108e-03,6.806164165027439594e-04,6.605431437492370605e-03,5.895019974559545517e-03,2.289073774591088295e-03,-8.915003854781389236e-04,6.266257725656032562e-03
3.418002277612686157e-02,-5.647261813282966614e-02,3.676910325884819031e-02,3.185719251632690430e-01,-3.186889588832855225e-01,1.156023368239402771e-01,4.081203415989875793e-02,-2.034292966127395630e-01,4.956177175045013428e-01,-2.541527152061462402e-01,8.571505895815789700e-04,6.093789357692003250e-03,-1.096350490115582943e-03,6.865055183880031109e-04,6.628767121583223343e-03,5.914553534239530563e-03,2.292972523719072342e-03,-8.890987373888492584e-04,6.591449491679668427e-03
3.413479775190353394e-02,-5.641752853989601135e-02,4.072730988264083862e-02,3.195249140262603760e-01,-3.213324248790740967e-01,1.151532083749771118e-01,4.124409332871437073e-02,-2.021615654230117798e-01,5.023655891418457031e-01,-2.610459625720977783e-01,8.884417475201189518e-04,6.079054437577724457e-03,-1.137942774221301079e-03,6.958267767913639545e-04,6.584932096302509308e-03,5.924469325691461563e-03,2.264975337311625481e-03,-8.824557298794388771e-04,6.606932729482650757e-03
3.363533318042755127e-02,-5.528703704476356506e-02,4.096204042434692383e-02,3.242353200912475586e-01,-3.228602409362792969e-01,1.146117448806762695e-01,4.262068867683410645e-02,-2.002894133329391479e-01,5.043216347694396973e-01,-2.650493085384368896e-01,7.961760275065898895e-04,6.079158745706081390e-03,-1.183029031381011009e-03,6.985673098824918270e-04,6.591924931854009628e-03,5.937703419476747513e-03,2.231159480288624763e-03,-8.731352863833308220e-04,6.644554901868104935e-03
2.978431992232799530e-02,-5.351178348064422607e-02,3.908595070242881775e-02,3.316425979137420654e-01,-3.227583169937133789e-01,1.137404292821884155e-01,4.431778192520141602e-02,-1.969265639781951904e-01,5.016217827796936035e-01,-2.664582431316375732e-01,4.611610493157058954e-04,6.083921529352664948e-03,-1.227964181452989578e-03,6.993091083131730556e-04,6.623879075050354004e-03,5.948648322373628616e-03,2.194156171754002571e-03,-8.621127344667911530e-04,6.689833942800760269e-03
2.733830735087394714e-02,-5.130777135491371155e-02,3.466963768005371094e-02,3.434830009937286377e-01,-3.212612271308898926e-01,1.135210543870925903e-01,4.621345549821853638e-02,-1.916328817605972290e-01,4.944153130054473877e-01,-2.654078006744384766e-01,6.773872300982475281e-04,6.089868955314159393e-03,-1.266291132196784019e-03,7.007286185398697853e-04,6.679598242044448853e-03,5.963269155472517014e-03,2.165651414543390274e-03,-8.563781157135963440e-04,6.735467351973056793e-03
2.600267902016639709e-02,-4.865149408578872681e-02,2.894346602261066437e-02,3.569140434265136719e-01,-3.180981278419494629e-01,1.131283640861511230e-01,4.834237694740295410e-02,-1.843031346797943115e-01,4.833822846412658691e-01,-2.624644339084625244e-01,6.131397094577550888e-04,6.090605631470680237e-03,-1.304762321524322033e-03,7.042808574624359608e-04,6.705258972942829132e-03,5.969672929495573044e-03,2.134300768375396729e-03,-8.486881852149963379e-04,6.778570823371410370e-03
2.598606608808040619e-02,-4.553402215242385864e-02,2.191957272589206696e-02,3.713933825492858887e-01,-3.168112039566040039e-01,1.124137639999389648e-01,5.065948143601417542e-02,-1.752452850341796875e-01,4.692869186401367188e-01,-2.580255568027496338e-01,3.639959613792598248e-04,6.086538080126047134e-03,-1.344310585409402847e-03,7.092826999723911285e-04,6.724280305206775665e-03,5.969760008156299591e-03,2.100746845826506615e-03,-8.418518700636923313e-04,6.813690997660160065e-03
2.588261663913726807e-02,-4.239237681031227112e-02,1.402562577277421951e-02,3.859483301639556885e-01,-3.196615874767303467e-01,1.114148497581481934e-01,5.308602005243301392e-02,-1.649796366691589355e-01,4.531828761100769043e-01,-2.526260018348693848e-01,2.363974635954946280e-05,6.078457459807395935e-03,-1.381271518766880035e-03,7.150821620598435402e-04,6.731605622917413712e-03,5.964488722383975983e-03,2.069017849862575531e-03,-8.356141624972224236e-04,6.834954023361206055e-03
2.815082669258117676e-02,-3.933464363217353821e-02,5.700697191059589386e-03,3.995324075222015381e-01,-3.235063254833221436e-01,1.113164201378822327e-01,5.563795939087867737e-02,-1.544711142778396606e-01,4.368990063667297363e-01,-2.470777779817581177e-01,5.101131391711533070e-04,6.067404523491859436e-03,-1.407422707416117191e-03,7.196441292762756348e-04,6.698103621602058411e-03,5.959248635917901993e-03,2.050823532044887543e-03,-8.363952510990202427e-04,6.820060778409242630e-03
2.882653288543224335e-02,-3.625163435935974121e-02,-2.666436135768890381e-03,4.105682373046875000e-01,-3.273184597492218018e-01,1.109608337283134460e-01,5.839927121996879578e-02,-1.449988782405853271e-01,4.226366877555847168e-01,-2.425261437892913818e-01,5.132250371389091015e-04,6.045576650649309158e-03,-1.430855831131339073e-03,7.256988901644945145e-04,6.573051214218139648e-03,5.944061558693647385e-03,2.031294861808419228e-03,-8.362065418623387814e-04,6.756447721272706985e-03
2.994183450937271118e-02,-3.292405605316162109e-02,-1.114749629050493240e-02,4.190893173217773438e-01,-3.318709135055541992e-01,1.109037473797798157e-01,6.147504970431327820e-02,-1.373702734708786011e-01,4.118221402168273926e-01,-2.396236062049865723e-01,6.774167995899915695e-04,6.024570669978857040e-03,-1.449537579901516438e-03,7.324725738726556301e-04,6.432244554162025452e-03,5.928537808358669281e-03,2.015104983001947403e-03,-8.371337316930294037e-04,6.684137973934412003e-03
3.099144995212554932e-02,-2.975629270076751709e-02,-1.948910579085350037e-02,4.249936044216156006e-01,-3.328924775123596191e-01,1.112105622887611389e-01,6.470572948455810547e-02,-1.321226209402084351e-01,4.054963588714599609e-01,-2.388771921396255493e-01,9.782299166545271873e-04,6.005636882036924362e-03,-1.465081004425883293e-03,7.385601638816297054e-04,6.257684435695409775e-03,5.909514613449573517e-03,2.000580774620175362e-03,-8.370121940970420837e-04,6.522317882627248764e-03
3.114599548280239105e-02,-2.698374539613723755e-02,-2.754569426178932190e-02,4.290729761123657227e-01,-3.343641161918640137e-01,1.115235537290573120e-01,6.804948300123214722e-02,-1.290594488382339478e-01,4.035140275955200195e-01,-2.402811348438262939e-01,1.047386787831783295e-03,5.988606717437505722e-03,-1.485060551203787327e-03,7.451788405887782574e-04,6.186997052282094955e-03,5.894513335078954697e-03,1.983511960133910179e-03,-8.363680681213736534e-04,6.457432638853788376e-03
3.189578279852867126e-02,-2.477119117975234985e-02,-3.518307581543922424e-02,4.319209754467010498e-01,-3.344114720821380615e-01,1.117543056607246399e-01,7.149535417556762695e-02,-1.277036666870117188e-01,4.055421352386474609e-01,-2.437652498483657837e-01,9.469698416069149971e-04,5.971571896225214005e-03,-1.507089007645845413e-03,7.530187140218913555e-04,6.150278262794017792e-03,5.877270363271236420e-03,1.964004244655370712e-03,-8.337065810337662697e-04,6.413441617041826248e-03
3.129458054900169373e-02,-2.317138575017452240e-02,-4.173765331506729126e-02,4.333678483963012695e-01,-3.303472697734832764e-01,1.115593910217285156e-01,7.507134228944778442e-02,-1.272846609354019165e-01,4.104673564434051514e-01,-2.488427609205245972e-01,5.353337619453668594e-04,5.957663059234619141e-03,-1.534774433821439743e-03,7.621759432367980480e-04,6.153679452836513519e-03,5.864065606147050858e-03,1.938564702868461609e-03,-8.281344198621809483e-04,6.424835883080959320e-03
3.213306888937950134e-02,-2.229654975235462189e-02,-4.718090593814849854e-02,4.337028264999389648e-01,-3.252848684787750244e-01,1.116933822631835938e-01,7.876225560903549194e-02,-1.268326640129089355e-01,4.167013764381408691e-01,-2.547333836555480957e-01,5.214086850173771381e-04,5.946659017354249954e-03,-1.563125289976596832e-03,7.709857891313731670e-04,6.179349962621927261e-03,5.854093004018068314e-03,1.915947417728602886e-03,-8.247012156061828136e-04,6.450669374316930771e-03
3.295623511075973511e-02,-2.209562435746192932e-02,-5.201328918337821960e-02,4.325617551803588867e-01,-3.191710412502288818e-01,1.116022244095802307e-01,8.241292089223861694e-02,-1.264262944459915161e-01,4.237913489341735840e-01,-2.611630260944366455e-01,3.463820030447095633e-04,5.933883599936962128e-03,-1.594675122760236263e-03,7.805499481037259102e-04,6.204482167959213257e-03,5.843452643603086472e-03,1.890156068839132786e-03,-8.203201577998697758e-04,6.469750311225652695e-03
3.289794176816940308e-02,-2.221185714006423950e-02,-5.601062253117561340e-02,4.288422465324401855e-01,-3.135868012905120850e-01,1.110857576131820679e-01,8.609838038682937622e-02,-1.258375793695449829e-01,4.309686124324798584e-01,-2.677321732044219971e-01,-8.638413419248536229e-05,5.921503063291311264e-03,-1.626685028895735741e-03,7.920488133095204830e-04,6.223951000720262527e-03,5.839470308274030685e-03,1.860521966591477394e-03,-8.132114307954907417e-04,6.494743749499320984e-03
3.283484280109405518e-02,-2.170758880674839020e-02,-5.847125500440597534e-02,4.258394539356231689e-01,-3.185997009277343750e-01,1.111004650592803955e-01,8.986362814903259277e-02,-1.250710189342498779e-01,4.376652240753173828e-01,-2.740099728107452393e-01,3.981504414696246386e-05,5.916563794016838074e-03,-1.652635983191430569e-03,8.004661067388951778e-04,6.238333880901336670e-03,5.838137585669755936e-03,1.845599035732448101e-03,-8.097174577414989471e-04,6.513220258057117462e-03
3.098227456212043762e-02,-1.974719576537609100e-02,-5.859894305467605591e-02,4.255587756633758545e-01,-3.257648050785064697e-01,1.111142784357070923e-01,9.351171553134918213e-02,-1.245127767324447632e-01,4.442275464534759521e-01,-2.801760137081146240e-01,3.837739131995476782e-05,5.911271553486585617e-03,-1.671085949055850506e-03,8.073901408351957798e-04,6.288781296461820602e-03,5.834771785885095596e-03,1.837875461205840111e-03,-8.062265114858746529e-04,6.542754825204610825e-03
3.226365149021148682e-02,-1.795939542353153229e-02,-5.732388421893119812e-02,4.326745867729187012e-01,-3.324195742607116699e-01,1.122333332896232605e-01,9.570434689521789551e-02,-1.212519630789756775e-01,4.463457167148590088e-01,-2.841988801956176758e-01,8.385212859138846397e-04,6.020237691700458527e-03,-1.632839208468794823e-03,7.935375906527042389e-04,6.698872428387403488e-03,5.847399588674306870e-03,1.878658309578895569e-03,-8.255440043285489082e-04,6.569404620677232742e-03
3.350168839097023010e-02,-1.788605935871601105e-02,-5.543049424886703491e-02,4.366259872913360596e-01,-3.373853564262390137e-01,1.134550273418426514e-01,9.608935564756393433e-02,-1.183181330561637878e-01,4.475459754467010498e-01,-2.875821590423583984e-01,1.181742176413536072e-03,6.035211496055126190e-03,-1.595107023604214191e-03,7.821038598194718361e-04,6.716673728078603745e-03,5.849016830325126648e-03,1.919173286296427250e-03,-8.395440527237951756e-04,6.453077774494886398e-03
3.455335274338722229e-02,-1.854605600237846375e-02,-5.432043969631195068e-02,4.396333694458007812e-01,-3.415594100952148438e-01,1.148284301161766052e-01,9.561067819595336914e-02,-1.173029392957687378e-01,4.501924812793731689e-01,-2.906891107559204102e-01,1.190816983580589294e-03,6.046986207365989685e-03,-1.563490717671811581e-03,7.738568237982690334e-04,6.709054578095674515e-03,5.856978707015514374e-03,1.955766696482896805e-03,-8.434935007244348526e-04,6.389444693922996521e-03
3.586709126830101013e-02,-1.978374086320400238e-02,-5.291504040360450745e-02,4.407287240028381348e-01,-3.446205556392669678e-01,1.167958304286003113e-01,9.443745017051696777e-02,-1.173274368047714233e-01,4.535511732101440430e-01,-2.932453453540802002e-01,1.364151947200298309e-03,6.063263397663831711e-03,-1.526736537925899029e-03,7.655191002413630486e-04,6.751754786819219589e-03,5.868615582585334778e-03,1.996748149394989014e-03,-8.502120617777109146e-04,6.356835830956697464e-03
3.705254569649696350e-02,-2.157857082784175873e-02,-5.066895484924316406e-02,4.395921528339385986e-01,-3.465284407138824463e-01,1.189553439617156982e-01,9.262682497501373291e-02,-1.175800487399101257e-01,4.570325016975402832e-01,-2.952715158462524414e-01,1.316727139055728912e-03,6.076705642044544220e-03,-1.493875286541879177e-03,7.588610751554369926e-04,6.821553688496351242e-03,5.877877585589885712e-03,2.034693490713834763e-03,-8.540656417608261108e-04,6.376252975314855576e-03
3.813746571540832520e-02,-2.387049607932567596e-02,-4.760996624827384949e-02,4.363414645195007324e-01,-3.472813665866851807e-01,1.212845146656036377e-01,9.024998545646667480e-02,-1.192213222384452820e-01,4.628140330314636230e-01,-2.967650592327117920e-01,1.247506705112755299e-03,6.090015172958374023e-03,-1.461094478145241737e-03,7.525546825490891933e-04,6.893217097967863083e-03,5.886571016162633896e-03,2.073114505037665367e-03,-8.570118807256221771e-04,6.391861476004123688e-03
3.843308612704277039e-02,-2.664956636726856232e-02,-4.392343014478683472e-02,4.312400519847869873e-01,-3.469769060611724854e-01,1.221107840538024902e-01,8.747807890176773071e-02,-1.212319880723953247e-01,4.687552154064178467e-01,-2.977336943149566650e-01,6.630115676671266556e-04,6.100515834987163544e-03,-1.436241320334374905e-03,7.470985874533653259e-04,6.942209322005510330e-03,5.894540343433618546e-03,2.105018589645624161e-03,-8.576803957112133503e-04,6.375858094543218613e-03
3.899016231298446655e-02,-2.971087396144866943e-02,-3.939924761652946472e-02,4.241258203983306885e-01,-3.457416296005249023e-01,1.238528117537498474e-01,8.432125300168991089e-02,-1.235956773161888123e-01,4.740482270717620850e-01,-2.978684604167938232e-01,6.008450873196125031e-04,6.109087727963924408e-03,-1.404081354849040508e-03,7.420395850203931332e-04,6.981907412409782410e-03,5.902834236621856689e-03,2.141148550435900688e-03,-8.615449769422411919e-04,6.395181640982627869e-03
3.942205011844635010e-02,-3.301463648676872253e-02,-3.401612862944602966e-02,4.151245653629302979e-01,-3.434832990169525146e-01,1.242316439747810364e-01,8.072086423635482788e-02,-1.274888366460800171e-01,4.802198410034179688e-01,-2.967718839645385742e-01,5.218515289016067982e-04,6.116129457950592041e-03,-1.372380997054278851e-03,7.376801222562789917e-04,7.029427681118249893e-03,5.908627994358539581e-03,2.176480134949088097e-03,-8.657779544591903687e-04,6.417430937290191650e-03
3.975762054324150085e-02,-3.649118542671203613e-02,-2.792661823332309723e-02,4.047921895980834961e-01,-3.405396938323974609e-01,1.246502324938774109e-01,7.659905403852462769e-02,-1.329626739025115967e-01,4.867805242538452148e-01,-2.961221933364868164e-01,4.280493885744363070e-04,6.122233346104621887e-03,-1.341659575700759888e-03,7.337288116104900837e-04,7.084854412823915482e-03,5.913938861340284348e-03,2.210617065429687500e-03,-8.676018915139138699e-04,6.448637694120407104e-03
4.001766815781593323e-02,-4.011919349431991577e-02,-2.099522389471530914e-02,3.931028544902801514e-01,-3.369940817356109619e-01,1.247726529836654663e-01,7.222986966371536255e-02,-1.405429095029830933e-01,4.955143928527832031e-01,-2.999075651168823242e-01,3.917675057891756296e-04,6.127581931650638580e-03,-1.309830695390701294e-03,7.303747115656733513e-04,7.150005549192428589e-03,5.918639712035655975e-03,2.246969146654009819e-03,-8.704498177394270897e-04,6.492581684142351151e-03
3.992411494255065918e-02,-4.408289119601249695e-02,-1.309521868824958801e-02,3.799301087856292725e-01,-3.326954841613769531e-01,1.231738924980163574e-01,6.750360131263732910e-02,-1.498580127954483032e-01,5.056012272834777832e-01,-3.052986562252044678e-01,1.507189881522208452e-04,6.132797338068485260e-03,-1.282250974327325821e-03,7.278000121004879475e-04,7.214593701064586639e-03,5.919397342950105667e-03,2.281969878822565079e-03,-8.724493090994656086e-04,6.523129995912313461e-03
4.027402400970458984e-02,-4.824711009860038757e-02,-3.987634554505348206e-03,3.653028905391693115e-01,-3.278737962245941162e-01,1.213637217879295349e-01,6.269614398479461670e-02,-1.601237207651138306e-01,5.154050588607788086e-01,-3.101028800010681152e-01,4.111837770324200392e-04,6.133689545094966888e-03,-1.250755274668335915e-03,7.253490039147436619e-04,7.263708859682083130e-03,5.920581519603729248e-03,2.317247912287712097e-03,-8.796674082987010479e-04,6.552024744451045990e-03
3.988212719559669495e-02,-5.227589607238769531e-02,4.836282692849636078e-03,3.514496684074401855e-01,-3.234205245971679688e-01,1.185630634427070618e-01,5.836860835552215576e-02,-1.709303557872772217e-01,5.238797068595886230e-01,-3.141634166240692139e-01,-9.105589015234727412e-06,6.127496715635061264e-03,-1.230824040248990059e-03,7.240437553264200687e-04,7.172910496592521667e-03,5.916652735322713852e-03,2.342321677133440971e-03,-8.816481567919254303e-04,6.500141229480504990e-03
3.985668718814849854e-02,-5.632607266306877136e-02,1.347601413726806641e-02,3.385557532310485840e-01,-3.196122050285339355e-01,1.168293282389640808e-01,5.408310145139694214e-02,-1.816670149564743042e-01,5.298914909362792969e-01,-3.153570294380187988e-01,1.105329793062992394e-04,6.122216116636991501e-03,-1.206760061904788017e-03,7.221322739496827126e-04,7.173534482717514038e-03,5.910771433264017105e-03,2.370935631915926933e-03,-8.885917486622929573e-04,6.468152161687612534e-03
3.940269351005554199e-02,-6.040746718645095825e-02,2.159100957214832306e-02,3.274461627006530762e-01,-3.167826235294342041e-01,1.160794198513031006e-01,4.971176013350486755e-02,-1.917026042938232422e-01,5.338124632835388184e-01,-3.149015903472900391e-01,-1.634859363548457623e-04,6.117667071521282196e-03,-1.186475623399019241e-03,7.195478538051247597e-04,7.113729603588581085e-03,5.906462203711271286e-03,2.394938142970204353e-03,-8.915649377740919590e-04,6.428939290344715118e-03
3.875908255577087402e-02,-6.437345594167709351e-02,2.949098125100135803e-02,3.178789913654327393e-01,-3.149151206016540527e-01,1.155133023858070374e-01,4.570457711815834045e-02,-2.006446421146392822e-01,5.351052880287170410e-01,-3.133078217506408691e-01,-3.745975263882428408e-04,6.111579947173595428e-03,-1.166924135759472847e-03,7.164264679886400700e-04,7.091858889907598495e-03,5.902492906898260117e-03,2.418780699372291565e-03,-8.972112555056810379e-04,6.426484324038028717e-03
3.783589974045753479e-02,-6.812503188848495483e-02,3.701821714639663696e-02,3.099206686019897461e-01,-3.139898180961608887e-01,1.135262399911880493e-01,4.248539358377456665e-02,-2.085439413785934448e-01,5.329747200012207031e-01,-3.085001409053802490e-01,-6.468084175139665604e-04,6.104312371462583542e-03,-1.148205948993563652e-03,7.130450685508549213e-04,7.048178464174270630e-03,5.900986492633819580e-03,2.441619290038943291e-03,-9.037338313646614552e-04,6.421732716262340546e-03
3.730360791087150574e-02,-7.151540368795394897e-02,4.374248161911964417e-02,3.043738305568695068e-01,-3.144822418689727783e-01,1.123782768845558167e-01,4.004125297069549561e-02,-2.155167013406753540e-01,5.283284783363342285e-01,-3.026003241539001465e-01,-4.487633123062551022e-04,6.096822675317525864e-03,-1.125512528233230114e-03,7.099297945387661457e-04,6.954598706215620041e-03,5.896631628274917603e-03,2.466456964612007141e-03,-9.130344260483980179e-04,6.407243199646472931e-03
3.624813258647918701e-02,-7.457904517650604248e-02,4.941350594162940979e-02,3.019280731678009033e-01,-3.165582418441772461e-01,1.110340282320976257e-01,3.827108070254325867e-02,-2.212831377983093262e-01,5.219074487686157227e-01,-2.938483357429504395e-01,-7.389455568045377731e-04,6.092848256230354309e-03,-1.105816918425261974e-03,7.047437829896807671e-04,6.886500865221023560e-03,5.895212292671203613e-03,2.487670630216598511e-03,-9.194656740874052048e-04,6.402861326932907104e-03
3.545152023434638977e-02,-7.766663283109664917e-02,5.529942363500595093e-02,3.004779517650604248e-01,-3.194614648818969727e-01,1.108957678079605103e-01,3.631199151277542114e-02,-2.256847769021987915e-01,5.182824134826660156e-01,-2.756628692150115967e-01,-6.701399688608944416e-04,6.097395904362201691e-03,-1.085082069039344788e-03,6.995346629992127419e-04,6.916833110153675079e-03,5.898514296859502792e-03,2.511439612135291100e-03,-9.295551571995019913e-04,6.405315361917018890e-03
3.477877378463745117e-02,-8.074110746383666992e-02,6.024035438895225525e-02,3.012474477291107178e-01,-3.236371576786041260e-01,1.107496917247772217e-01,3.406860306859016418e-02,-2.285427451133728027e-01,5.160871744155883789e-01,-2.509916126728057861e-01,-4.682995204348117113e-04,6.102805025875568390e-03,-1.049582730047404766e-03,6.948116351850330830e-04,6.794278509914875031e-03,5.898226983845233917e-03,2.539658220484852791e-03,-9.372988715767860413e-04,6.344926077872514725e-03
3.371390327811241150e-02,-8.307429403066635132e-02,6.545049697160720825e-02,3.016793727874755859e-01,-3.274447619915008545e-01,1.095978841185569763e-01,3.233213350176811218e-02,-2.295771390199661255e-01,5.262733697891235352e-01,-2.546525597572326660e-01,-5.883320118300616741e-04,6.099332123994827271e-03,-1.069285324774682522e-03,7.028942927718162537e-04,6.819083821028470993e-03,5.912395659834146500e-03,2.522594761103391647e-03,-9.313044720329344273e-04,6.454111076891422272e-03
3.213009610772132874e-02,-8.353955298662185669e-02,6.916368752717971802e-02,3.031821846961975098e-01,-3.303361237049102783e-01,1.079168394207954407e-01,3.233260661363601685e-02,-2.291711866855621338e-01,5.353445410728454590e-01,-2.629284560680389404e-01,-7.580603705719113350e-04,6.086749024689197540e-03,-1.114075304940342903e-03,7.141128298826515675e-04,6.810966879129409790e-03,5.918710492551326752e-03,2.484596334397792816e-03,-9.171981946565210819e-04,6.524422205984592438e-03
2.922081574797630310e-02,-8.295862376689910889e-02,6.952737271785736084e-02,3.086668252944946289e-01,-3.324612975120544434e-01,1.063736081123352051e-01,3.315122053027153015e-02,-2.281522899866104126e-01,5.404341816902160645e-01,-2.687733769416809082e-01,-6.678905920125544071e-04,6.083862856030464172e-03,-1.158541883341968060e-03,7.178586092777550220e-04,6.821377202868461609e-03,5.932702682912349701e-03,2.451781881973147392e-03,-9.073876426555216312e-04,6.575873121619224548e-03
2.526873163878917694e-02,-8.184024691581726074e-02,6.764030456542968750e-02,3.165087997913360596e-01,-3.331178128719329834e-01,1.055458635091781616e-01,3.426338732242584229e-02,-2.262796461582183838e-01,5.414466261863708496e-01,-2.721314728260040283e-01,-2.638602745719254017e-04,6.089786067605018616e-03,-1.195363351143896580e-03,7.190473843365907669e-04,6.830165162682533264e-03,5.950272548943758011e-03,2.426457591354846954e-03,-9.016040130518376827e-04,6.615353748202323914e-03
2.178660966455936432e-02,-8.036098629236221313e-02,6.326681375503540039e-02,3.275186121463775635e-01,-3.322285115718841553e-01,1.051089167594909668e-01,3.558775782585144043e-02,-2.231368124485015869e-01,5.381778478622436523e-01,-2.730283141136169434e-01,3.046254096261691302e-05,6.095257587730884552e-03,-1.233076211065053940e-03,7.200036197900772095e-04,6.851440295577049255e-03,5.966863594949245453e-03,2.398178912699222565e-03,-8.959613041952252388e-04,6.643275730311870575e-03
2.047025971114635468e-02,-7.811173051595687866e-02,5.660964921116828918e-02,3.416911065578460693e-01,-3.295393586158752441e-01,1.046527847647666931e-01,3.715741634368896484e-02,-2.183209657669067383e-01,5.307175517082214355e-01,-2.716673016548156738e-01,8.157183037837967277e-05,6.097373552620410919e-03,-1.271661487407982349e-03,7.214582292363047600e-04,6.874159909784793854e-03,5.977707915008068085e-03,2.366845030337572098e-03,-8.898251689970493317e-04,6.669311318546533585e-03
1.802438870072364807e-02,-7.485515624284744263e-02,4.857676103711128235e-02,3.571192622184753418e-01,-3.278903961181640625e-01,1.036786288022994995e-01,3.903286159038543701e-02,-2.118275761604309082e-01,5.194618701934814453e-01,-2.683355212211608887e-01,-2.562617592047899961e-04,6.096173077821731567e-03,-1.313330605626106262e-03,7.241795537993311882e-04,6.885684095323085785e-03,5.983019247651100159e-03,2.329010516405105591e-03,-8.809444261714816093e-04,6.696755066514015198e-03
1.737821660935878754e-02,-7.078385353088378906e-02,3.925338387489318848e-02,3.744221925735473633e-01,-3.284846842288970947e-01,1.028611212968826294e-01,4.122099652886390686e-02,-2.033354341983795166e-01,5.046244859695434570e-01,-2.632036209106445312e-01,-2.942516002804040909e-04,6.097231525927782059e-03,-1.352541381493210793e-03,7.269126945175230503e-04,6.913447286933660507e-03,5.990668665617704391e-03,2.296612830832600594e-03,-8.737067691981792450e-04,6.730375345796346664e-03
1.544233225286006927e-02,-6.638377159833908081e-02,3.009667061269283295e-02,3.911322057247161865e-01,-3.326244950294494629e-01,1.019029691815376282e-01,4.370459541678428650e-02,-1.927925795316696167e-01,4.866541326045989990e-01,-2.565914094448089600e-01,-3.640305949375033379e-04,6.095005199313163757e-03,-1.392637612298130989e-03,7.300180150195956230e-04,6.926132831722497940e-03,5.994948558509349823e-03,2.263651695102453232e-03,-8.661005995236337185e-04,6.767495535314083099e-03
1.497979555279016495e-02,-6.173722818493843079e-02,2.048783563077449799e-02,4.077534973621368408e-01,-3.376680612564086914e-01,1.011908277869224548e-01,4.646886512637138367e-02,-1.809336692094802856e-01,4.668442010879516602e-01,-2.491093873977661133e-01,-2.049011091003194451e-04,6.086611188948154449e-03,-1.424291636794805527e-03,7.346230559051036835e-04,6.922352127730846405e-03,5.992472171783447266e-03,2.237974200397729874e-03,-8.625409100204706192e-04,6.782623007893562317e-03
1.705524139106273651e-02,-5.685246735811233521e-02,1.102419383823871613e-02,4.216023385524749756e-01,-3.426203131675720215e-01,1.007809638977050781e-01,4.952298477292060852e-02,-1.685470491647720337e-01,4.466538429260253906e-01,-2.414744198322296143e-01,9.345879516331478953e-05,6.073950789868831635e-03,-1.450893934816122055e-03,7.400645408779382706e-04,6.885124836117029190e-03,5.986782256513834000e-03,2.218712354078888893e-03,-8.633749675936996937e-04,6.781967822462320328e-03
1.990081928670406342e-02,-5.200973153114318848e-02,1.850297907367348671e-03,4.333313703536987305e-01,-3.483448326587677002e-01,1.007198765873908997e-01,5.285662412643432617e-02,-1.568635106086730957e-01,4.283450841903686523e-01,-2.347861230373382568e-01,4.966373089700937271e-04,6.054827943444252014e-03,-1.470311428420245647e-03,7.451155688613653183e-04,6.785777863115072250e-03,5.974203813821077347e-03,2.202357165515422821e-03,-8.650287054479122162e-04,6.728107109665870667e-03
2.103921025991439819e-02,-4.741515964269638062e-02,-6.906335707753896713e-03,4.432722330093383789e-01,-3.531800210475921631e-01,1.010812148451805115e-01,5.649179592728614807e-02,-1.471321433782577515e-01,4.138447642326354980e-01,-2.299096137285232544e-01,1.041463925503194332e-03,6.036219187080860138e-03,-1.486122841015458107e-03,7.495982572436332703e-04,6.456984207034111023e-03,5.957188550382852554e-03,2.187181031331419945e-03,-8.664891356602311134e-04,6.621036212891340256e-03
2.391365170478820801e-02,-4.328254237771034241e-02,-1.507503818720579147e-02,4.500842988491058350e-01,-3.563884496688842773e-01,1.026412248611450195e-01,6.030060723423957825e-02,-1.399320363998413086e-01,4.040908515453338623e-01,-2.272289544343948364e-01,2.360212383791804314e-03,6.022674962878227234e-03,-1.496602082625031471e-03,7.549376459792256355e-04,6.227768957614898682e-03,5.881015677005052567e-03,2.176180714741349220e-03,-8.606428164057433605e-04,6.495417095720767975e-03
2.477234974503517151e-02,-3.972875699400901794e-02,-2.330991439521312714e-02,4.547861218452453613e-01,-3.580443263053894043e-01,1.033370569348335266e-01,6.420461833477020264e-02,-1.354067325592041016e-01,3.993551731109619141e-01,-2.270694524049758911e-01,2.417841693386435509e-03,6.001959089189767838e-03,-1.513852737843990326e-03,7.618300151079893112e-04,5.998611450195312500e-03,5.805468186736106873e-03,2.159293508157134056e-03,-8.552090730518102646e-04,6.298822350800037384e-03
2.480698190629482269e-02,-3.665399923920631409e-02,-3.136958181858062744e-02,4.574167430400848389e-01,-3.580991923809051514e-01,1.039553657174110413e-01,6.818614900112152100e-02,-1.336274147033691406e-01,3.997414410114288330e-01,-2.293952256441116333e-01,2.339827828109264374e-03,5.983617156744003296e-03,-1.532743917778134346e-03,7.683195872232317924e-04,5.878593772649765015e-03,5.787157919257879257e-03,2.140042604878544807e-03,-8.504104334861040115e-04,6.152028683573007584e-03
2.489395625889301300e-02,-3.405588120222091675e-02,-3.857116028666496277e-02,4.574864208698272705e-01,-3.550710082054138184e-01,1.046524941921234131e-01,7.226463407278060913e-02,-1.335185766220092773e-01,4.039556682109832764e-01,-2.336669713258743286e-01,2.244523959234356880e-03,5.970273632556200027e-03,-1.556114642880856991e-03,7.765900809317827225e-04,5.878378637135028839e-03,5.774867255240678787e-03,2.118068281561136246e-03,-8.453869959339499474e-04,6.152766291052103043e-03
2.479922585189342499e-02,-3.205830976366996765e-02,-4.438687115907669067e-02,4.549624919891357422e-01,-3.484923243522644043e-01,1.046801283955574036e-01,7.645456492900848389e-02,-1.334054470062255859e-01,4.098470509052276611e-01,-2.390503585338592529e-01,1.550214015878736973e-03,5.958269815891981125e-03,-1.585086924023926258e-03,7.868201937526464462e-04,5.912387743592262268e-03,5.764100700616836548e-03,2.089036861434578896e-03,-8.397866040468215942e-04,6.186501588672399521e-03
2.565860748291015625e-02,-3.067705780267715454e-02,-4.899592325091362000e-02,4.508374929428100586e-01,-3.401122987270355225e-01,1.046188324689865112e-01,8.073595166206359863e-02,-1.329015046358108521e-01,4.163907766342163086e-01,-2.449466884136199951e-01,9.666350088082253933e-04,5.948354024440050125e-03,-1.617125584743916988e-03,7.965208496898412704e-04,5.946200806647539139e-03,5.756798200309276581e-03,2.059806603938341141e-03,-8.333203732036054134e-04,6.226859521120786667e-03
2.550407126545906067e-02,-2.980179153382778168e-02,-5.241076648235321045e-02,4.450515210628509521e-01,-3.337873816490173340e-01,1.043580770492553711e-01,8.518178761005401611e-02,-1.317079216241836548e-01,4.221307635307312012e-01,-2.505059540271759033e-01,3.938234003726392984e-04,5.941781681030988693e-03,-1.652665901929140091e-03,8.059462998062372208e-04,5.968586076050996780e-03,5.756209138780832291e-03,2.026399364694952965e-03,-8.245386416092514992e-04,6.266266107559204102e-03
2.469489164650440216e-02,-2.923412434756755829e-02,-5.566096305847167969e-02,4.394784867763519287e-01,-3.273073136806488037e-01,1.040983423590660095e-01,8.984138071537017822e-02,-1.299147754907608032e-01,4.264983236789703369e-01,-2.553404569625854492e-01,1.704012902337126434e-05,5.935399793088436127e-03,-1.686401665210723877e-03,8.149204659275710583e-04,5.984062328934669495e-03,5.754836369305849075e-03,1.995268976315855980e-03,-8.159591816365718842e-04,6.297950167208909988e-03
2.436090819537639618e-02,-2.893201261758804321e-02,-5.892156437039375305e-02,4.342043697834014893e-01,-3.196750879287719727e-01,1.041598990559577942e-01,9.461312741041183472e-02,-1.278642714023590088e-01,4.301228821277618408e-01,-2.597584128379821777e-01,5.807079287478700280e-05,5.929883103817701340e-03,-1.716642873361706734e-03,8.225508499890565872e-04,5.994470324367284775e-03,5.751894321292638779e-03,1.971130724996328354e-03,-8.096064557321369648e-04,6.316678132861852646e-03
2.373272180557250977e-02,-2.865714766085147858e-02,-6.181754544377326965e-02,4.282702207565307617e-01,-3.127966821193695068e-01,1.041172146797180176e-01,9.957480430603027344e-02,-1.255181729793548584e-01,4.330985546112060547e-01,-2.638295292854309082e-01,1.066053300746716559e-05,5.923400167375802994e-03,-1.746452879160642624e-03,8.307711686939001083e-04,6.002402398735284805e-03,5.750903859734535217e-03,1.947287935763597488e-03,-8.030282915569841862e-04,6.342506967484951019e-03
2.202703617513179779e-02,-2.865859307348728180e-02,-6.445232778787612915e-02,4.217463731765747070e-01,-3.057287335395812988e-01,1.038236171007156372e-01,1.045965850353240967e-01,-1.231102645397186279e-01,4.357343912124633789e-01,-2.677294909954071045e-01,-2.050893235718831420e-04,5.915926303714513779e-03,-1.776352524757385254e-03,8.403786341659724712e-04,6.009299773722887039e-03,5.747789051383733749e-03,1.920420094393193722e-03,-7.950566359795629978e-04,6.352084688842296600e-03
2.080721408128738403e-02,-2.679625898599624634e-02,-6.548799574375152588e-02,4.238392412662506104e-01,-3.102814257144927979e-01,1.038508713245391846e-01,1.093345284461975098e-01,-1.200340092182159424e-01,4.376065433025360107e-01,-2.713463902473449707e-01,-5.173701356397941709e-05,5.929813720285892487e-03,-1.775883138179779053e-03,8.450569584965705872e-04,6.243248935788869858e-03,5.758764687925577164e-03,1.927838660776615143e-03,-7.933768793009221554e-04,6.414762698113918304e-03
2.183405123651027679e-02,-2.456841431558132172e-02,-6.332533806562423706e-02,4.288266897201538086e-01,-3.156783580780029297e-01,1.046655625104904175e-01,1.119483932852745056e-01,-1.154021248221397400e-01,4.366594851016998291e-01,-2.735453844070434570e-01,5.592952365987002850e-04,5.965711083263158798e-03,-1.747518777847290039e-03,8.367962436750531197e-04,6.363800726830959320e-03,5.754640325903892517e-03,1.956841675564646721e-03,-8.092914940789341927e-04,6.343179848045110703e-03
2.277183532714843750e-02,-2.426859550178050995e-02,-6.148180738091468811e-02,4.320659935474395752e-01,-3.198954463005065918e-01,1.055012792348861694e-01,1.125473529100418091e-01,-1.119969785213470459e-01,4.362148940563201904e-01,-2.757770121097564697e-01,7.177336374297738075e-04,5.975787993520498276e-03,-1.716268481686711311e-03,8.281563059426844120e-04,6.388246081769466400e-03,5.749347619712352753e-03,1.990898279473185539e-03,-8.221726748161017895e-04,6.167339626699686050e-03
2.387732081115245819e-02,-2.501055784523487091e-02,-6.056525185704231262e-02,4.347184300422668457e-01,-3.235353231430053711e-01,1.065962910652160645e-01,1.120098605751991272e-01,-1.106338426470756531e-01,4.374849200248718262e-01,-2.781341373920440674e-01,8.446447318419814110e-04,5.983553826808929443e-03,-1.681095920503139496e-03,8.221068419516086578e-04,6.408913992345333099e-03,5.747817922383546829e-03,2.028777496889233589e-03,-8.328143740072846413e-04,6.107641849666833878e-03
2.522358857095241547e-02,-2.629986219108104706e-02,-5.989067628979682922e-02,4.363173842430114746e-01,-3.264503777027130127e-01,1.079841852188110352e-01,1.108593866229057312e-01,-1.104089096188545227e-01,4.394591450691223145e-01,-2.802764475345611572e-01,1.033796695992350578e-03,5.991940386593341827e-03,-1.645981566980481148e-03,8.147815824486315250e-04,6.447178777307271957e-03,5.753792356699705124e-03,2.067776396870613098e-03,-8.416446507908403873e-04,6.100352853536605835e-03
2.657388523221015930e-02,-2.795198932290077209e-02,-5.905365571379661560e-02,4.368124008178710938e-01,-3.287209570407867432e-01,1.093927919864654541e-01,1.093094795942306519e-01,-1.107517629861831665e-01,4.418314993381500244e-01,-2.822183966636657715e-01,1.085032359696924686e-03,5.998670589178800583e-03,-1.611980376765131950e-03,8.096613455563783646e-04,6.484606303274631500e-03,5.755805410444736481e-03,2.104278421029448509e-03,-8.504588622599840164e-04,6.093147210776805878e-03
2.793507277965545654e-02,-2.982310578227043152e-02,-5.772682279348373413e-02,4.357517361640930176e-01,-3.301810622215270996e-01,1.121661886572837830e-01,1.073490753769874573e-01,-1.117546409368515015e-01,4.447752833366394043e-01,-2.836787998676300049e-01,1.087985932826995850e-03,6.009995006024837494e-03,-1.575815142132341862e-03,8.029450546018779278e-04,6.551988888531923294e-03,5.765495356172323227e-03,2.143902471289038658e-03,-8.552130893804132938e-04,6.149443332105875015e-03
2.902790345251560211e-02,-3.201783075928688049e-02,-5.572247877717018127e-02,4.326865077018737793e-01,-3.305086791515350342e-01,1.134701445698738098e-01,1.051650047302246094e-01,-1.137973368167877197e-01,4.492626190185546875e-01,-2.846041023731231689e-01,9.827220346778631210e-04,6.019148975610733032e-03,-1.544891856610774994e-03,7.971892482601106167e-04,6.622125860303640366e-03,5.773871671408414841e-03,2.178610768169164658e-03,-8.608808857388794422e-04,6.185767706483602524e-03
2.927528321743011475e-02,-3.452935814857482910e-02,-5.293850973248481750e-02,4.277922809123992920e-01,-3.298099935054779053e-01,1.145234704017639160e-01,1.025750413537025452e-01,-1.154989600181579590e-01,4.530430436134338379e-01,-2.849996984004974365e-01,2.648464287631213665e-04,6.032207980751991272e-03,-1.517456024885177612e-03,7.910140557214617729e-04,6.693551316857337952e-03,5.783398635685443878e-03,2.211822429671883583e-03,-8.600677247159183025e-04,6.249012891203165054e-03
3.002364002168178558e-02,-3.721967339515686035e-02,-4.917447641491889954e-02,4.212015569210052490e-01,-3.283261060714721680e-01,1.172740384936332703e-01,9.963954240083694458e-02,-1.180232688784599304e-01,4.578392803668975830e-01,-2.847740054130554199e-01,3.098151937592774630e-04,6.039042957127094269e-03,-1.482835621573030949e-03,7.858052849769592285e-04,6.742808036506175995e-03,5.789912305772304535e-03,2.248353790491819382e-03,-8.660947205498814583e-04,6.276984699070453644e-03
2.948202937841415405e-02,-4.004362970590591431e-02,-4.516072943806648254e-02,4.139160811901092529e-01,-3.264188468456268311e-01,1.175114139914512634e-01,9.661275148391723633e-02,-1.211257204413414001e-01,4.621080458164215088e-01,-2.838585376739501953e-01,-7.368912920355796814e-04,6.043873261660337448e-03,-1.461750944145023823e-03,7.821183535270392895e-04,6.767176557332277298e-03,5.799263715744018555e-03,2.276965184137225151e-03,-8.646596688777208328e-04,6.265536416321992874e-03
2.965959161520004272e-02,-4.311977699398994446e-02,-4.021156951785087585e-02,4.055429399013519287e-01,-3.241008520126342773e-01,1.178372129797935486e-01,9.326839447021484375e-02,-1.248854994773864746e-01,4.659214913845062256e-01,-2.844348549842834473e-01,-7.023616344667971134e-04,6.050583440810441971e-03,-1.431538257747888565e-03,7.773401448503136635e-04,6.822692230343818665e-03,5.805194843560457230e-03,2.309785457327961922e-03,-8.700719918124377728e-04,6.290466058999300003e-03
2.978508919477462769e-02,-4.630030319094657898e-02,-3.445777297019958496e-02,3.962571620941162109e-01,-3.215563297271728516e-01,1.178877875208854675e-01,8.982285857200622559e-02,-1.297430396080017090e-01,4.710502028465270996e-01,-2.882048487663269043e-01,-7.249437039718031883e-04,6.052767857909202576e-03,-1.402546884492039680e-03,7.738923304714262486e-04,6.858349312096834183e-03,5.807449575513601303e-03,2.343025756999850273e-03,-8.732646820135414600e-04,6.316468585282564163e-03
2.991310134530067444e-02,-4.982108995318412781e-02,-2.777110226452350616e-02,3.857935369014739990e-01,-3.184175491333007812e-01,1.183856278657913208e-01,8.572629094123840332e-02,-1.357410401105880737e-01,4.778209030628204346e-01,-2.927797436714172363e-01,-6.616867030970752239e-04,6.061059888452291489e-03,-1.370842102915048599e-03,7.687932229600846767e-04,6.931822281330823898e-03,5.811058916151523590e-03,2.377152908593416214e-03,-8.775944006629288197e-04,6.344296038150787354e-03
2.947661094367504120e-02,-5.374956876039505005e-02,-2.032885141670703888e-02,3.741171658039093018e-01,-3.146624863147735596e-01,1.188561841845512390e-01,8.063348382711410522e-02,-1.425516903400421143e-01,4.850453734397888184e-01,-2.973535954952239990e-01,-9.690134320408105850e-04,6.066067144274711609e-03,-1.346096629276871681e-03,7.641612319275736809e-04,7.000549696385860443e-03,5.812590941786766052e-03,2.407210879027843475e-03,-8.788470877334475517e-04,6.375790107995271683e-03
2.889969758689403534e-02,-5.779349803924560547e-02,-1.233307644724845886e-02,3.614577353000640869e-01,-3.104304075241088867e-01,1.190242916345596313e-01,7.503735274076461792e-02,-1.502265036106109619e-01,4.918586015701293945e-01,-3.020486831665039062e-01,-1.082546426914632320e-03,6.066317204385995865e-03,-1.320226350799202919e-03,7.598866359330713749e-04,7.050974294543266296e-03,5.815742071717977524e-03,2.437472343444824219e-03,-8.837940986268222332e-04,6.409055087715387344e-03
2.869964577257633209e-02,-6.170295178890228271e-02,-3.761430969461798668e-03,3.479456901550292969e-01,-3.058519661426544189e-01,1.198620200157165527e-01,6.940886378288269043e-02,-1.584872007369995117e-01,4.976631700992584229e-01,-3.050453662872314453e-01,-7.751516532152891159e-04,6.067526992410421371e-03,-1.289293169975280762e-03,7.550670416094362736e-04,7.076938636600971222e-03,5.818401928991079330e-03,2.470140578225255013e-03,-8.930536569096148014e-04,6.436812691390514374e-03
2.843920513987541199e-02,-6.537414342164993286e-02,4.838689230382442474e-03,3.344864547252655029e-01,-3.012197911739349365e-01,1.199191883206367493e-01,6.401703506708145142e-02,-1.665789037942886353e-01,5.001403093338012695e-01,-3.060865104198455811e-01,-5.751410499215126038e-04,6.067272741347551346e-03,-1.261658500880002975e-03,7.511641597375273705e-04,7.062536664307117462e-03,5.818836390972137451e-03,2.500601578503847122e-03,-9.036563569679856300e-04,6.448131520301103592e-03
2.841955609619617462e-02,-6.861342489719390869e-02,1.256196387112140656e-02,3.225315511226654053e-01,-2.975582778453826904e-01,1.200058683753013611e-01,5.912676081061363220e-02,-1.749807000160217285e-01,5.001068711280822754e-01,-3.052271008491516113e-01,-2.157493727281689644e-04,6.061223335564136505e-03,-1.236126408912241459e-03,7.480974891223013401e-04,6.911646574735641479e-03,5.813844501972198486e-03,2.527080243453383446e-03,-9.150260593742132187e-04,6.416289601475000381e-03
2.786842547357082367e-02,-7.120370864868164062e-02,1.875497587025165558e-02,3.136916458606719971e-01,-2.953537702560424805e-01,1.198255196213722229e-01,5.513628572225570679e-02,-1.829055398702621460e-01,4.973536431789398193e-01,-3.010392189025878906e-01,-3.546161169651895761e-04,6.049435585737228394e-03,-1.215662225149571896e-03,7.441987399943172932e-04,6.766062229871749878e-03,5.811862647533416748e-03,2.547196578234434128e-03,-9.224494569934904575e-04,6.405029911547899246e-03
2.787144109606742859e-02,-7.325195521116256714e-02,2.419982478022575378e-02,3.072260916233062744e-01,-2.946186661720275879e-01,1.211393922567367554e-01,5.184209346771240234e-02,-1.892873346805572510e-01,4.907181560993194580e-01,-2.957696020603179932e-01,9.325928112957626581e-05,6.056291051208972931e-03,-1.189075992442667484e-03,7.391604012809693813e-04,6.695478223264217377e-03,5.807352717965841293e-03,2.573427045717835426e-03,-9.345195139758288860e-04,6.402064114809036255e-03
2.689379826188087463e-02,-7.506506890058517456e-02,2.857326716184616089e-02,3.035269379615783691e-01,-2.952907383441925049e-01,1.214230582118034363e-01,4.907727614045143127e-02,-1.943927258253097534e-01,4.825754761695861816e-01,-2.899773120880126953e-01,-4.284725291654467583e-04,6.052499637007713318e-03,-1.169217517599463463e-03,7.331841625273227692e-04,6.643742788583040237e-03,5.807043053209781647e-03,2.592476550489664078e-03,-9.415773092769086361e-04,6.366885267198085785e-03
2.657220512628555298e-02,-7.657692581415176392e-02,3.260555118322372437e-02,3.018315136432647705e-01,-2.972694933414459229e-01,1.216637119650840759e-01,4.742097854614257812e-02,-1.988894492387771606e-01,4.785765707492828369e-01,-2.675473690032958984e-01,-1.498327183071523905e-04,6.056141573935747147e-03,-1.134489779360592365e-03,7.275465759448707104e-04,6.583544425666332245e-03,5.807092878967523575e-03,2.620088402181863785e-03,-9.513688273727893829e-04,6.391221191734075546e-03
2.640551514923572540e-02,-7.786303013563156128e-02,3.627416491508483887e-02,3.022448718547821045e-01,-3.005507886409759521e-01,1.216980889439582825e-01,4.659175127744674683e-02,-2.013448476791381836e-01,4.735425412654876709e-01,-2.423149645328521729e-01,1.073732782970182598e-04,6.083094980567693710e-03,-1.091398880816996098e-03,7.203223067335784435e-04,6.620256695896387100e-03,5.806633271276950836e-03,2.655090764164924622e-03,-9.601610363461077213e-04,6.429910659790039062e-03
2.642910741269588470e-02,-7.878941297531127930e-02,4.005944356322288513e-02,3.037500381469726562e-01,-3.044684529304504395e-01,1.220397651195526123e-01,4.621158540248870850e-02,-2.024050205945968628e-01,4.760467708110809326e-01,-2.323221117258071899e-01,3.987332165706902742e-04,6.109077949076890945e-03,-1.076291198842227459e-03,7.201647968031466007e-04,6.647136062383651733e-03,5.813974421471357346e-03,2.667419845238327980e-03,-9.627154795452952385e-04,6.606110837310552597e-03
2.601481601595878601e-02,-7.814262062311172485e-02,4.408725723624229431e-02,3.043282330036163330e-01,-3.065249025821685791e-01,1.212820634245872498e-01,4.734574258327484131e-02,-2.014530897140502930e-01,4.831184148788452148e-01,-2.390552610158920288e-01,1.864122459664940834e-04,6.096437573432922363e-03,-1.126944785937666893e-03,7.288374472409486771e-04,6.638849619776010513e-03,5.821417085826396942e-03,2.628506859764456749e-03,-9.535214630886912346e-04,6.716130301356315613e-03
2.524680458009243011e-02,-7.627018541097640991e-02,4.492814093828201294e-02,3.082397580146789551e-01,-3.076735138893127441e-01,1.205588877201080322e-01,4.940015822649002075e-02,-1.997979581356048584e-01,4.857711195945739746e-01,-2.430971860885620117e-01,1.400714972987771034e-04,6.092238705605268478e-03,-1.172153628431260586e-03,7.340543088503181934e-04,6.628064904361963272e-03,5.829703994095325470e-03,2.592010656371712685e-03,-9.440621943213045597e-04,6.739535368978977203e-03
2.411859668791294098e-02,-7.346494495868682861e-02,4.456852376461029053e-02,3.136016428470611572e-01,-3.072996735572814941e-01,1.202222332358360291e-01,5.198627337813377380e-02,-1.966614276170730591e-01,4.839397370815277100e-01,-2.446184903383255005e-01,3.697641950566321611e-04,6.093070376664400101e-03,-1.210450427606701851e-03,7.389608654193580151e-04,6.657611113041639328e-03,5.840084515511989594e-03,2.560548484325408936e-03,-9.374498622491955757e-04,6.797107402235269547e-03
2.316395007073879242e-02,-6.958880275487899780e-02,4.270411282777786255e-02,3.233818411827087402e-01,-3.062009513378143311e-01,1.200614124536514282e-01,5.497616156935691833e-02,-1.916305571794509888e-01,4.779592156410217285e-01,-2.439498007297515869e-01,5.455344798974692822e-04,6.093176081776618958e-03,-1.248596818186342716e-03,7.442327332682907581e-04,6.687127519398927689e-03,5.848675966262817383e-03,2.529110759496688843e-03,-9.306463180109858513e-04,6.853371392935514450e-03
2.026396431028842926e-02,-6.546471267938613892e-02,3.939336910843849182e-02,3.372066915035247803e-01,-3.055062890052795410e-01,1.194946020841598511e-01,5.797060951590538025e-02,-1.848605126142501831e-01,4.684696793556213379e-01,-2.414989471435546875e-01,2.852432080544531345e-04,6.093318574130535126e-03,-1.289478619582951069e-03,7.498748018406331539e-04,6.718344055116176605e-03,5.848824046552181244e-03,2.492529107257723808e-03,-9.213254670612514019e-04,6.887308321893215179e-03
1.616914756596088409e-02,-6.190495565533638000e-02,3.491574153304100037e-02,3.529585301876068115e-01,-3.058270812034606934e-01,1.186944395303726196e-01,6.056093797087669373e-02,-1.769234538078308105e-01,4.567466974258422852e-01,-2.379308640956878662e-01,-8.204978075809776783e-05,6.089832633733749390e-03,-1.326527446508407593e-03,7.565492414869368076e-04,6.739452946931123734e-03,5.841853562742471695e-03,2.457069931551814079e-03,-9.134418796747922897e-04,6.898644845932722092e-03
1.499024778604507446e-02,-5.851629376411437988e-02,2.963597699999809265e-02,3.680523037910461426e-01,-3.084827959537506104e-01,1.182925477623939514e-01,6.298165768384933472e-02,-1.684119701385498047e-01,4.440659582614898682e-01,-2.338406145572662354e-01,-1.644385156396310776e-05,6.081150844693183899e-03,-1.357088214717805386e-03,7.632990018464624882e-04,6.738461554050445557e-03,5.836018826812505722e-03,2.432192210108041763e-03,-9.094896377064287663e-04,6.904589477926492691e-03
1.502922736108303070e-02,-5.520692095160484314e-02,2.293905243277549744e-02,3.830328285694122314e-01,-3.122033774852752686e-01,1.176206097006797791e-01,6.551291048526763916e-02,-1.598967462778091431e-01,4.312638938426971436e-01,-2.296568006277084351e-01,-1.701880973996594548e-04,6.066417321562767029e-03,-1.391114550642669201e-03,7.710744393989443779e-04,6.711317226290702820e-03,5.824617575854063034e-03,2.403095131739974022e-03,-9.051850647665560246e-04,6.898602470755577087e-03
1.506954804062843323e-02,-5.234365165233612061e-02,1.594960503280162811e-02,3.953962326049804688e-01,-3.183832168579101562e-01,1.176422014832496643e-01,6.803182512521743774e-02,-1.521782875061035156e-01,4.194704890251159668e-01,-2.258114963769912720e-01,2.922352869063615799e-04,6.053599063307046890e-03,-1.416162471286952496e-03,7.764789625070989132e-04,6.659214384853839874e-03,5.815055686980485916e-03,2.382638398557901382e-03,-9.053060784935951233e-04,6.844750605523586273e-03
1.695898547768592834e-02,-4.978990927338600159e-02,8.146206848323345184e-03,4.061360061168670654e-01,-3.253390789031982422e-01,1.177830472588539124e-01,7.061743736267089844e-02,-1.457362771034240723e-01,4.099902808666229248e-01,-2.230664491653442383e-01,5.543356528505682945e-04,6.037389393895864487e-03,-1.437025028280913830e-03,7.844995125196874142e-04,6.592134945094585419e-03,5.798803176730871201e-03,2.364489715546369553e-03,-9.034570539370179176e-04,6.791373714804649353e-03
2.000168152153491974e-02,-4.699978232383728027e-02,2.962129365187138319e-04,4.146770536899566650e-01,-3.283963203430175781e-01,1.177989989519119263e-01,7.363216578960418701e-02,-1.406418681144714355e-01,4.034657180309295654e-01,-2.218103557825088501e-01,5.815746844746172428e-04,6.014648824930191040e-03,-1.459286548197269440e-03,7.927452679723501205e-04,6.506430916488170624e-03,5.785320419818162918e-03,2.344278618693351746e-03,-9.016671101562678814e-04,6.765908095985651016e-03
2.128528058528900146e-02,-4.414139688014984131e-02,-6.616274360567331314e-03,4.205895662307739258e-01,-3.320072293281555176e-01,1.175405681133270264e-01,7.697971910238265991e-02,-1.371476799249649048e-01,4.005619287490844727e-01,-2.224026322364807129e-01,3.648032434284687042e-04,5.993058439344167709e-03,-1.483254367485642433e-03,8.013405022211372852e-04,6.433479487895965576e-03,5.766163580119609833e-03,2.321398817002773285e-03,-8.983303559944033623e-04,6.703739054501056671e-03
2.098592184484004974e-02,-4.167024791240692139e-02,-1.205259747803211212e-02,4.230050444602966309e-01,-3.328323066234588623e-01,1.178062707185745239e-01,8.039999008178710938e-02,-1.352931857109069824e-01,4.011563658714294434e-01,-2.246999442577362061e-01,6.309525924734771252e-04,5.979621782898902893e-03,-1.504512503743171692e-03,8.083765278570353985e-04,6.386261433362960815e-03,5.754261277616024017e-03,2.302145352587103844e-03,-8.945929585024714470e-04,6.646664347499608994e-03
1.897986233234405518e-02,-3.984168171882629395e-02,-1.707049645483493805e-02,4.247966110706329346e-01,-3.322188258171081543e-01,1.181114092469215393e-01,8.386792987585067749e-02,-1.347553133964538574e-01,4.046873450279235840e-01,-2.284745573997497559e-01,7.107435958459973335e-04,5.965647287666797638e-03,-1.528116757981479168e-03,8.165640174411237240e-04,6.364400032907724380e-03,5.741361994296312332e-03,2.280935179442167282e-03,-8.905190043151378632e-04,6.615026853978633881e-03
1.609681360423564911e-02,-3.874481469392776489e-02,-2.147222310304641724e-02,4.254041612148284912e-01,-3.306867778301239014e-01,1.179074421525001526e-01,8.741450309753417969e-02,-1.343539804220199585e-01,4.096439182758331299e-01,-2.331360727548599243e-01,3.067845827899873257e-04,5.952524952590465546e-03,-1.558626769110560417e-03,8.271423284895718098e-04,6.388486362993717194e-03,5.731425713747739792e-03,2.252036007121205330e-03,-8.848110446706414223e-04,6.629960611462593079e-03
1.596471481025218964e-02,-3.818786516785621643e-02,-2.499560452997684479e-02,4.230948984622955322e-01,-3.275746107101440430e-01,1.179710403084754944e-01,9.109988808631896973e-02,-1.338415145874023438e-01,4.153537452220916748e-01,-2.382735759019851685e-01,2.453582710586488247e-04,5.940671078860759735e-03,-1.586968428455293179e-03,8.374476456083357334e-04,6.404414307326078415e-03,5.724016111344099045e-03,2.228398574516177177e-03,-8.810542640276253223e-04,6.649975664913654327e-03
1.383617054671049118e-02,-3.812138736248016357e-02,-2.817106246948242188e-02,4.204270243644714355e-01,-3.253987729549407959e-01,1.170726045966148376e-01,9.498099237680435181e-02,-1.331583261489868164e-01,4.214249551296234131e-01,-2.437440156936645508e-01,-5.897305672988295555e-04,5.927508696913719177e-03,-1.620615948922932148e-03,8.483923156745731831e-04,6.412518210709095001e-03,5.721925292164087296e-03,2.195222536101937294e-03,-8.729270775802433491e-04,6.666823755949735641e-03
1.295262202620506287e-02,-3.822056576609611511e-02,-3.105599246919155121e-02,4.176473319530487061e-01,-3.212623596191406250e-01,1.167275533080101013e-01,9.911552071571350098e-02,-1.325254440307617188e-01,4.279013574123382568e-01,-2.493967115879058838e-01,-6.490630912594497204e-04,5.915189161896705627e-03,-1.649891608394682407e-03,8.595213876105844975e-04,6.419785320758819580e-03,5.718343891203403473e-03,2.170237712562084198e-03,-8.660765015520155430e-04,6.679296027868986130e-03
1.229782495647668839e-02,-3.872758150100708008e-02,-3.426034748554229736e-02,4.150412082672119141e-01,-3.145235776901245117e-01,1.156974136829376221e-01,1.033149659633636475e-01,-1.318521797657012939e-01,4.345895648002624512e-01,-2.552412152290344238e-01,-1.237845979630947113e-03,5.900718271732330322e-03,-1.678300555795431137e-03,8.729858091101050377e-04,6.432094611227512360e-03,5.722250789403915405e-03,2.137366682291030884e-03,-8.584012975916266441e-04,6.672259420156478882e-03
1.099488232284784317e-02,-3.960813581943511963e-02,-3.660459443926811218e-02,4.118361473083496094e-01,-3.131521046161651611e-01,1.148374229669570923e-01,1.074291989207267761e-01,-1.310006380081176758e-01,4.409908354282379150e-01,-2.609270215034484863e-01,-1.383970025926828384e-03,5.894126836210489273e-03,-1.709689386188983917e-03,8.830660954117774963e-04,6.445593200623989105e-03,5.722357891499996185e-03,2.111599314957857132e-03,-8.497120579704642296e-04,6.682720035314559937e-03
8.792931213974952698e-03,-3.918636962771415710e-02,-3.642709925770759583e-02,4.085353612899780273e-01,-3.186815679073333740e-01,1.145237013697624207e-01,1.114326789975166321e-01,-1.301174759864807129e-01,4.468357264995574951e-01,-2.662248313426971436e-01,-1.139676547609269619e-03,5.888781044632196426e-03,-1.730014104396104813e-03,8.925133151933550835e-04,6.446898449212312698e-03,5.719297565519809723e-03,2.102509839460253716e-03,-8.462340338155627251e-04,6.682903505861759186e-03
9.323747828602790833e-03,-3.680568560957908630e-02,-3.547652065753936768e-02,4.147998690605163574e-01,-3.250163793563842773e-01,1.149894297122955322e-01,1.145486906170845032e-01,-1.276933550834655762e-01,4.498309791088104248e-01,-2.701180577278137207e-01,-4.757591232191771269e-04,5.931324325501918793e-03,-1.710406620986759663e-03,8.869760786183178425e-04,6.764761637896299362e-03,5.730884615331888199e-03,2.129472792148590088e-03,-8.571583894081413746e-04,6.729060783982276917e-03
1.017473638057708740e-02,-3.613126650452613831e-02,-3.330120816826820374e-02,4.180836677551269531e-01,-3.290871381759643555e-01,1.156510040163993835e-01,1.156488284468650818e-01,-1.246868148446083069e-01,4.508331418037414551e-01,-2.729133665561676025e-01,-9.445771138416603208e-05,5.950171500444412231e-03,-1.681411522440612316e-03,8.771930006332695484e-04,6.800291594117879868e-03,5.726934410631656647e-03,2.163099125027656555e-03,-8.727831882424652576e-04,6.626071874052286148e-03
1.078665070235729218e-02,-3.652850538492202759e-02,-3.168756514787673950e-02,4.197731614112854004e-01,-3.319918513298034668e-01,1.162041053175926208e-01,1.155329644680023193e-01,-1.226521804928779602e-01,4.514495134353637695e-01,-2.752305269241333008e-01,-7.398094749078154564e-05,5.957297980785369873e-03,-1.661425107158720493e-03,8.717808523215353489e-04,6.796373054385185242e-03,5.733447615057229996e-03,2.190097700804471970e-03,-8.776193717494606972e-04,6.558360997587442398e-03
1.219367794692516327e-02,-3.758623078465461731e-02,-3.048204258084297180e-02,4.199746251106262207e-01,-3.339422345161437988e-01,1.177141219377517700e-01,1.146041452884674072e-01,-1.217138692736625671e-01,4.517683386802673340e-01,-2.770248651504516602e-01,6.223128875717520714e-04,5.974155850708484650e-03,-1.628205180168151855e-03,8.644331828691065311e-04,6.805174984037876129e-03,5.738539621233940125e-03,2.225975971668958664e-03,-8.882104884833097458e-04,6.491448264569044113e-03
1.363189797848463058e-02,-3.930823504924774170e-02,-2.968217991292476654e-02,4.191095232963562012e-01,-3.351056277751922607e-01,1.193340271711349487e-01,1.129068881273269653e-01,-1.215639188885688782e-01,4.519568979740142822e-01,-2.785186767578125000e-01,1.006510574370622635e-03,5.986408330500125885e-03,-1.598614500835537910e-03,8.586547919549047947e-04,6.818154826760292053e-03,5.745030008256435394e-03,2.259814878925681114e-03,-8.966414607129991055e-04,6.443726364523172379e-03
1.459720451384782791e-02,-4.136356711387634277e-02,-2.882510237395763397e-02,4.173375368118286133e-01,-3.356969952583312988e-01,1.205193027853965759e-01,1.108401715755462646e-01,-1.215141043066978455e-01,4.518644213676452637e-01,-2.798850238323211670e-01,8.465451537631452084e-04,5.994530394673347473e-03,-1.579283154569566250e-03,8.532199426554143429e-04,6.819145753979682922e-03,5.752144381403923035e-03,2.285700058564543724e-03,-8.981360588222742081e-04,6.418778561055660248e-03
1.556951925158500671e-02,-4.372204467654228210e-02,-2.788969874382019043e-02,4.153305590152740479e-01,-3.361801207065582275e-01,1.217182949185371399e-01,1.084709838032722473e-01,-1.216911301016807556e-01,4.522241950035095215e-01,-2.814842164516448975e-01,8.297192980535328388e-04,5.999656859785318375e-03,-1.559047028422355652e-03,8.490683976560831070e-04,6.814173422753810883e-03,5.754772573709487915e-03,2.310944255441427231e-03,-9.009495843201875687e-04,6.372723262757062912e-03
1.659589819610118866e-02,-4.622825235128402710e-02,-2.651803754270076752e-02,4.125102162361145020e-01,-3.363383114337921143e-01,1.230174526572227478e-01,1.059461086988449097e-01,-1.217941790819168091e-01,4.525151848793029785e-01,-2.830854058265686035e-01,8.553330553695559502e-04,6.006378214806318283e-03,-1.533159054815769196e-03,8.432673057541251183e-04,6.844637915492057800e-03,5.763096269220113754e-03,2.341618761420249939e-03,-9.062934550456702709e-04,6.400504149496555328e-03
1.744969002902507782e-02,-4.872442409396171570e-02,-2.495979331433773041e-02,4.089876115322113037e-01,-3.360588848590850830e-01,1.241128221154212952e-01,1.034148260951042175e-01,-1.218208298087120056e-01,4.524196684360504150e-01,-2.844637036323547363e-01,7.678989204578101635e-04,6.010021083056926727e-03,-1.512226299382746220e-03,8.387959096580743790e-04,6.863985676318407059e-03,5.768024362623691559e-03,2.368761459365487099e-03,-9.094481356441974640e-04,6.420355755835771561e-03
1.806393265724182129e-02,-5.133777856826782227e-02,-2.312241308391094208e-02,4.049011468887329102e-01,-3.354839980602264404e-01,1.249574944376945496e-01,1.007733196020126343e-01,-1.218848899006843567e-01,4.525333344936370850e-01,-2.859201133251190186e-01,6.131278933025896549e-04,6.014904007315635681e-03,-1.488006324507296085e-03,8.334006415680050850e-04,6.902242079377174377e-03,5.770482122898101807e-03,2.398425247520208359e-03,-9.133137064054608345e-04,6.430765613913536072e-03
1.879044249653816223e-02,-5.422678217291831970e-02,-2.083557657897472382e-02,4.002140164375305176e-01,-3.347650766372680664e-01,1.266196072101593018e-01,9.774804115295410156e-02,-1.219744533300399780e-01,4.530606865882873535e-01,-2.876002490520477295e-01,6.379971746355295181e-04,6.020468659698963165e-03,-1.462403917685151100e-03,8.278554887510836124e-04,6.933554541319608688e-03,5.775220692157745361e-03,2.428492531180381775e-03,-9.176026796922087669e-04,6.419511977583169937e-03
1.913463324308395386e-02,-5.727391317486763000e-02,-1.828414388000965118e-02,3.951252996921539307e-01,-3.337583541870117188e-01,1.286462098360061646e-01,9.444987028837203979e-02,-1.231722533702850342e-01,4.561059772968292236e-01,-2.894446253776550293e-01,3.914415428880602121e-04,6.027699913829565048e-03,-1.439102576114237309e-03,8.220642921514809132e-04,6.985822692513465881e-03,5.781608633697032928e-03,2.458225935697555542e-03,-9.178390027955174446e-04,6.452530156821012497e-03
1.952104642987251282e-02,-6.037134304642677307e-02,-1.510565448552370071e-02,3.888964951038360596e-01,-3.322339057922363281e-01,1.297956407070159912e-01,9.123864769935607910e-02,-1.265710294246673584e-01,4.632233381271362305e-01,-2.911145091056823730e-01,3.814694064203649759e-04,6.032198667526245117e-03,-1.410941826179623604e-03,8.166175684891641140e-04,7.042980752885341644e-03,5.787586793303489685e-03,2.490545855835080147e-03,-9.236622718162834644e-04,6.484769750386476517e-03
1.944948174059391022e-02,-6.353331357240676880e-02,-1.113479211926460266e-02,3.812492191791534424e-01,-3.299577236175537109e-01,1.304156929254531860e-01,8.775684237480163574e-02,-1.306799352169036865e-01,4.712387025356292725e-01,-2.921225130558013916e-01,6.080422826926223934e-05,6.039311643689870834e-03,-1.388115575537085533e-03,8.107468602247536182e-04,7.112700026482343674e-03,5.793734919279813766e-03,2.520104404538869858e-03,-9.251348674297332764e-04,6.537159439176321030e-03
1.945092529058456421e-02,-6.680352240800857544e-02,-6.393300369381904602e-03,3.724154829978942871e-01,-3.271694183349609375e-01,1.318285912275314331e-01,8.354076743125915527e-02,-1.357953995466232300e-01,4.803005158901214600e-01,-2.923405170440673828e-01,4.439802069100551307e-05,6.042257882654666901e-03,-1.361823175102472305e-03,8.056793594732880592e-04,7.186220493167638779e-03,5.796874407678842545e-03,2.551044570282101631e-03,-9.301023674197494984e-04,6.576613523066043854e-03
1.944270730018615723e-02,-7.038190215826034546e-02,-6.854031234979629517e-04,3.621737062931060791e-01,-3.237171471118927002e-01,1.325522065162658691e-01,7.816933840513229370e-02,-1.411991268396377563e-01,4.871811270713806152e-01,-2.926868498325347900e-01,6.504208431579172611e-05,6.045168731361627579e-03,-1.335817156359553337e-03,8.006006246432662010e-04,7.260819897055625916e-03,5.799626931548118591e-03,2.581069478765130043e-03,-9.372989879921078682e-04,6.599868182092905045e-03
1.909039355814456940e-02,-7.410424202680587769e-02,5.863633472472429276e-03,3.507035672664642334e-01,-3.197534382343292236e-01,1.324113607406616211e-01,7.212127000093460083e-02,-1.475227624177932739e-01,4.934528768062591553e-01,-2.928274273872375488e-01,-1.471531722927466035e-04,6.047194357961416245e-03,-1.311825355514883995e-03,7.960249204188585281e-04,7.332853507250547409e-03,5.802537314593791962e-03,2.611071802675724030e-03,-9.413119405508041382e-04,6.648901849985122681e-03
1.908901520073413849e-02,-7.774000614881515503e-02,1.352454442530870438e-02,3.380160629749298096e-01,-3.153422772884368896e-01,1.317106932401657104e-01,6.614805757999420166e-02,-1.549520939588546753e-01,5.003539919853210449e-01,-2.947919666767120361e-01,7.559789082733914256e-05,6.048886571079492569e-03,-1.284412341192364693e-03,7.924599922262132168e-04,7.382457610219717026e-03,5.804234649986028671e-03,2.642792183905839920e-03,-9.506195783615112305e-04,6.688026711344718933e-03
1.954306662082672119e-02,-8.109764754772186279e-02,2.175526879727840424e-02,3.252930939197540283e-01,-3.111287057399749756e-01,1.308407336473464966e-01,6.045395508408546448e-02,-1.623709052801132202e-01,5.050849914550781250e-01,-2.961938381195068359e-01,5.789094720967113972e-04,6.052536889910697937e-03,-1.257932861335575581e-03,7.898081676103174686e-04,7.336007431149482727e-03,5.801499821245670319e-03,2.671125810593366623e-03,-9.621211211197078228e-04,6.697715260088443756e-03
1.993517577648162842e-02,-8.408813178539276123e-02,2.899217046797275543e-02,3.151225745677947998e-01,-3.082767426967620850e-01,1.299410015344619751e-01,5.497870221734046936e-02,-1.697021275758743286e-01,5.077864527702331543e-01,-2.951565682888031006e-01,8.149186032824218273e-04,6.046809721738100052e-03,-1.235529780387878418e-03,7.878475007601082325e-04,7.166477385908365250e-03,5.793435499072074890e-03,2.692885464057326317e-03,-9.695470798760652542e-04,6.646988913416862488e-03
1.936114206910133362e-02,-8.674985170364379883e-02,3.428782522678375244e-02,3.090201318264007568e-01,-3.075161576271057129e-01,1.287058591842651367e-01,4.936273396015167236e-02,-1.760766357183456421e-01,5.070805549621582031e-01,-2.930954396724700928e-01,1.341538882115855813e-04,6.035104393959045410e-03,-1.220216974616050720e-03,7.849846733734011650e-04,6.967790424823760986e-03,5.787089467048645020e-03,2.706990344449877739e-03,-9.754415368661284447e-04,6.584497634321451187e-03
1.922342367470264435e-02,-8.901709318161010742e-02,3.903520107269287109e-02,3.050212860107421875e-01,-3.080359399318695068e-01,1.287868767976760864e-01,4.388787969946861267e-02,-1.816999465227127075e-01,5.042635798454284668e-01,-2.887597680091857910e-01,9.062999015441164374e-05,6.031740456819534302e-03,-1.198577345348894596e-03,7.790193194523453712e-04,6.926833651959896088e-03,5.788761191070079803e-03,2.728650346398353577e-03,-9.852104121819138527e-04,6.601747125387191772e-03
1.820453256368637085e-02,-9.074704349040985107e-02,4.343467205762863159e-02,3.026632070541381836e-01,-3.095069229602813721e-01,1.276117861270904541e-01,3.912284597754478455e-02,-1.865976601839065552e-01,4.998593330383300781e-01,-2.830095589160919189e-01,-6.655456381849944592e-04,6.026624236255884171e-03,-1.181042636744678020e-03,7.733959355391561985e-04,6.854111328721046448e-03,5.795031785964965820e-03,2.745815319940447807e-03,-9.914508555084466934e-04,6.605767644941806793e-03
1.809807866811752319e-02,-9.197384119033813477e-02,4.840544983744621277e-02,3.005505800247192383e-01,-3.112790286540985107e-01,1.276248842477798462e-01,3.518500551581382751e-02,-1.919472217559814453e-01,4.977849423885345459e-01,-2.734409868717193604e-01,-3.785153967328369617e-04,6.047978065907955170e-03,-1.152683631516993046e-03,7.657797541469335556e-04,6.856175139546394348e-03,5.802208092063665390e-03,2.773136366158723831e-03,-1.002878881990909576e-03,6.642532069236040115e-03
1.779076643288135529e-02,-9.274709969758987427e-02,5.350077897310256958e-02,2.992729246616363525e-01,-3.136745691299438477e-01,1.275564730167388916e-01,3.277410939335823059e-02,-1.956039965152740479e-01,4.993540644645690918e-01,-2.615262866020202637e-01,-3.838122938759624958e-04,6.061103194952011108e-03,-1.129104522988200188e-03,7.613059715367853642e-04,6.826154422014951706e-03,5.816812161356210709e-03,2.794354455545544624e-03,-1.010502106510102749e-03,6.701870821416378021e-03
1.735373958945274353e-02,-9.263262152671813965e-02,5.909590423107147217e-02,2.968902587890625000e-01,-3.152974843978881836e-01,1.268647164106369019e-01,3.346516937017440796e-02,-1.951541453599929810e-01,5.075153708457946777e-01,-2.683677971363067627e-01,-3.892106760758906603e-04,6.046031136065721512e-03,-1.163834705948829651e-03,7.689190097153186798e-04,6.815449800342321396e-03,5.818956531584262848e-03,2.765566110610961914e-03,-1.007806975394487381e-03,6.740642245858907700e-03
1.640650071203708649e-02,-9.190027415752410889e-02,6.151919066905975342e-02,2.982838451862335205e-01,-3.165838122367858887e-01,1.257786154747009277e-01,3.461705520749092102e-02,-1.944171339273452759e-01,5.128316283226013184e-01,-2.737644314765930176e-01,-7.057054899632930756e-04,6.039853673428297043e-03,-1.209901762194931507e-03,7.746540359221398830e-04,6.831534672528505325e-03,5.820161197334527969e-03,2.724675228819251060e-03,-9.989975951611995697e-04,6.786225829273462296e-03
1.407283823937177658e-02,-9.072393923997879028e-02,6.150012463331222534e-02,3.026058673858642578e-01,-3.167557418346405029e-01,1.248567029833793640e-01,3.593279048800468445e-02,-1.927906125783920288e-01,5.144311785697937012e-01,-2.769845128059387207e-01,-6.818962283432483673e-04,6.040073465555906296e-03,-1.254928763955831528e-03,7.775860722176730633e-04,6.845881696790456772e-03,5.827682558447122574e-03,2.687125699594616890e-03,-9.916799608618021011e-04,6.821726914495229721e-03
1.091944333165884018e-02,-8.872603625059127808e-02,5.911940708756446838e-02,3.117696940898895264e-01,-3.158451914787292480e-01,1.240541636943817139e-01,3.735852614045143127e-02,-1.896234005689620972e-01,5.118683576583862305e-01,-2.779055535793304443e-01,-5.972412764094769955e-04,6.043590605258941650e-03,-1.298071350902318954e-03,7.807079236954450607e-04,6.878837011754512787e-03,5.837177392095327377e-03,2.649670932441949844e-03,-9.835836244747042656e-04,6.872420664876699448e-03
8.137306198477745056e-03,-8.565864711999893188e-02,5.441600084304809570e-02,3.259172439575195312e-01,-3.146489262580871582e-01,1.233289539813995361e-01,3.885019570589065552e-02,-1.845868527889251709e-01,5.049956440925598145e-01,-2.765569984912872314e-01,-4.538325592875480652e-04,6.046975962817668915e-03,-1.341031282208859921e-03,7.836164440959692001e-04,6.908769719302654266e-03,5.847018212080001831e-03,2.613746561110019684e-03,-9.764471324160695076e-04,6.917065475136041641e-03
4.511028993874788284e-03,-8.208041638135910034e-02,4.841958358883857727e-02,3.412483930587768555e-01,-3.150057494640350342e-01,1.224164813756942749e-01,4.022780060768127441e-02,-1.776836812496185303e-01,4.940518438816070557e-01,-2.731075882911682129e-01,-5.252542905509471893e-04,6.050121970474720001e-03,-1.384860137477517128e-03,7.867344538681209087e-04,6.940018385648727417e-03,5.853242706507444382e-03,2.576250815764069557e-03,-9.686867124401032925e-04,6.953847128897905350e-03
1.864311168901622295e-03,-7.839099317789077759e-02,4.051939025521278381e-02,3.581547439098358154e-01,-3.171918988227844238e-01,1.214961856603622437e-01,4.147080704569816589e-02,-1.692217290401458740e-01,4.797140061855316162e-01,-2.678840756416320801e-01,-5.800106446258723736e-04,6.048162933439016342e-03,-1.424702233634889126e-03,7.911322172731161118e-04,6.955197546631097794e-03,5.855062045156955719e-03,2.541830064728856087e-03,-9.625196689739823341e-04,6.979119032621383667e-03
1.359599875286221504e-03,-7.468816637992858887e-02,3.069505468010902405e-02,3.770029544830322266e-01,-3.216401338577270508e-01,1.207593679428100586e-01,4.267773404717445374e-02,-1.597624719142913818e-01,4.633862078189849854e-01,-2.616392374038696289e-01,-4.612530465237796307e-04,6.041911896318197250e-03,-1.460021012462675571e-03,7.955210166983306408e-04,6.954398006200790405e-03,5.852549802511930466e-03,2.512518316507339478e-03,-9.583227219991385937e-04,6.988513283431529999e-03
2.420394448563456535e-03,-7.070921361446380615e-02,2.014608122408390045e-02,3.949807882308959961e-01,-3.284439742565155029e-01,1.203729361295700073e-01,4.402324557304382324e-02,-1.500395685434341431e-01,4.466342926025390625e-01,-2.551353573799133301e-01,-1.599556126166135073e-04,6.029554177075624466e-03,-1.488919020630419254e-03,8.001504465937614441e-04,6.909863092005252838e-03,5.847334396094083786e-03,2.490061335265636444e-03,-9.593368158675730228e-04,6.976122502237558365e-03
4.995020572096109390e-03,-6.601688265800476074e-02,8.974123746156692505e-03,4.128642976284027100e-01,-3.346710205078125000e-01,1.201468184590339661e-01,4.584873840212821960e-02,-1.403200328350067139e-01,4.303435981273651123e-01,-2.488803714513778687e-01,3.279289012425579131e-05,6.014432292431592941e-03,-1.516632153652608395e-03,8.058196399360895157e-04,6.857933476567268372e-03,5.841560661792755127e-03,2.467573154717683792e-03,-9.591805865056812763e-04,6.979573518037796021e-03
7.602964527904987335e-03,-6.078923866152763367e-02,-2.038684906437993050e-03,4.292074143886566162e-01,-3.429453670978546143e-01,1.199131458997726440e-01,4.827205836772918701e-02,-1.310217976570129395e-01,4.153862595558166504e-01,-2.433382123708724976e-01,7.077564077917486429e-05,5.995314102619886398e-03,-1.544177415780723095e-03,8.122102008201181889e-04,6.776114460080862045e-03,5.830910988152027130e-03,2.443801844492554665e-03,-9.586269734427332878e-04,6.958575453609228134e-03
9.308535605669021606e-03,-5.528905615210533142e-02,-1.305454690009355545e-02,4.433997571468353271e-01,-3.489345610141754150e-01,1.196320578455924988e-01,5.125861987471580505e-02,-1.230150759220123291e-01,4.029445350170135498e-01,-2.390290945768356323e-01,3.322391785332001746e-05,5.971014034003019333e-03,-1.570523134432733059e-03,8.193321409635245800e-04,6.600318942219018936e-03,5.815194919705390930e-03,2.419112715870141983e-03,-9.575658477842807770e-04,6.908573210239410400e-03
9.462214075028896332e-03,-4.996754974126815796e-02,-2.326470054686069489e-02,4.535288512706756592e-01,-3.537475168704986572e-01,1.196103841066360474e-01,5.455211177468299866e-02,-1.171991750597953796e-01,3.945587277412414551e-01,-2.366624772548675537e-01,1.704570313449949026e-04,5.950926337391138077e-03,-1.589077175594866276e-03,8.257459849119186401e-04,6.407327950000762939e-03,5.796619690954685211e-03,2.399751450866460800e-03,-9.545765933580696583e-04,6.765279918909072876e-03
1.124321110546588898e-02,-4.505692794919013977e-02,-3.356692939996719360e-02,4.622639715671539307e-01,-3.549736440181732178e-01,1.198910921812057495e-01,5.811049416661262512e-02,-1.133133843541145325e-01,3.900797367095947266e-01,-2.362220436334609985e-01,3.991573466919362545e-04,5.934442859143018723e-03,-1.610494800843298435e-03,8.338387124240398407e-04,6.343706045299768448e-03,5.781820975244045258e-03,2.379386220127344131e-03,-9.508561925031244755e-04,6.719648838043212891e-03
1.284772064536809921e-02,-4.100720211863517761e-02,-4.286959767341613770e-02,4.679299890995025635e-01,-3.546066582202911377e-01,1.202219426631927490e-01,6.182325631380081177e-02,-1.107800155878067017e-01,3.885655701160430908e-01,-2.372791618108749390e-01,4.825045180041342974e-04,5.920302122831344604e-03,-1.635385793633759022e-03,8.413595496676862240e-04,6.309127900749444962e-03,5.769015289843082428e-03,2.356823300942778587e-03,-9.489631047472357750e-04,6.682531908154487610e-03
1.298304647207260132e-02,-3.792585805058479309e-02,-5.061227083206176758e-02,4.696747064590454102e-01,-3.537257015705108643e-01,1.204407960176467896e-01,6.564652174711227417e-02,-1.094335243105888367e-01,3.895943164825439453e-01,-2.396319061517715454e-01,4.088123969268053770e-04,5.903813987970352173e-03,-1.664711162447929382e-03,8.500151452608406544e-04,6.279035937041044235e-03,5.755555815994739532e-03,2.329854527488350868e-03,-9.454835089854896069e-04,6.653030868619680405e-03
1.366961281746625900e-02,-3.582056239247322083e-02,-5.726109445095062256e-02,4.697556495666503906e-01,-3.513905405998229980e-01,1.207463070750236511e-01,6.956305354833602905e-02,-1.088808253407478333e-01,3.928538560867309570e-01,-2.431781142950057983e-01,4.075290635228157043e-04,5.891587585210800171e-03,-1.692206016741693020e-03,8.587181218899786472e-04,6.287019234150648117e-03,5.744188092648983002e-03,2.305569360032677650e-03,-9.422183502465486526e-04,6.651359144598245621e-03
1.324731111526489258e-02,-3.468633443117141724e-02,-6.180576235055923462e-02,4.673505127429962158e-01,-3.484363853931427002e-01,1.210143938660621643e-01,7.350678741931915283e-02,-1.085371896624565125e-01,3.978328704833984375e-01,-2.477491945028305054e-01,4.057491896674036980e-04,5.879851523786783218e-03,-1.721467240713536739e-03,8.675878052599728107e-04,6.306485738605260849e-03,5.732704885303974152e-03,2.278949366882443428e-03,-9.379053954035043716e-04,6.658728700131177902e-03
1.328101288527250290e-02,-3.425285220146179199e-02,-6.495151668787002563e-02,4.632515609264373779e-01,-3.447017073631286621e-01,1.212119683623313904e-01,7.758294790983200073e-02,-1.081949248909950256e-01,4.040544927120208740e-01,-2.531045377254486084e-01,3.417798143345862627e-04,5.866959225386381149e-03,-1.751295290887355804e-03,8.774260058999061584e-04,6.326870061457157135e-03,5.723750684410333633e-03,2.252747537568211555e-03,-9.343447163701057434e-04,6.675933953374624252e-03
1.302435342222452164e-02,-3.430138155817985535e-02,-6.730128824710845947e-02,4.581597149372100830e-01,-3.385289013385772705e-01,1.211917027831077576e-01,8.185506612062454224e-02,-1.075996458530426025e-01,4.104989767074584961e-01,-2.586832642555236816e-01,1.954943436430767179e-04,5.855707451701164246e-03,-1.786441076546907425e-03,8.880528621375560760e-04,6.342584267258644104e-03,5.720353219658136368e-03,2.221571980044245720e-03,-9.275250486098229885e-04,6.699334364384412766e-03
1.214028429239988327e-02,-3.457842022180557251e-02,-6.962052732706069946e-02,4.527072906494140625e-01,-3.296031355857849121e-01,1.207087114453315735e-01,8.635651320219039917e-02,-1.069912090897560120e-01,4.168273806571960449e-01,-2.642382085323333740e-01,-2.718241303227841854e-04,5.841561127454042435e-03,-1.819057855755090714e-03,9.001846774481236935e-04,6.351330317556858063e-03,5.720980465412139893e-03,2.188273472711443901e-03,-9.204516536556184292e-04,6.707279011607170105e-03
1.171103864908218384e-02,-3.462577611207962036e-02,-7.162976264953613281e-02,4.463945925235748291e-01,-3.202949762344360352e-01,1.203759610652923584e-01,9.128373861312866211e-02,-1.062661111354827881e-01,4.227108359336853027e-01,-2.695249319076538086e-01,-3.958418092224746943e-04,5.829688161611557007e-03,-1.852212357334792614e-03,9.102745098061859608e-04,6.353456061333417892e-03,5.721813067793846130e-03,2.160288160666823387e-03,-9.139818139374256134e-04,6.730265449732542038e-03
1.019952353090047836e-02,-3.432868793606758118e-02,-7.324320822954177856e-02,4.395311772823333740e-01,-3.147179782390594482e-01,1.200641617178916931e-01,9.664156287908554077e-02,-1.053531318902969360e-01,4.277361631393432617e-01,-2.743160426616668701e-01,-4.178911040071398020e-04,5.820235703140497208e-03,-1.885096891783177853e-03,9.189042611978948116e-04,6.350706797093153000e-03,5.723409354686737061e-03,2.133232541382312775e-03,-9.079595911316573620e-04,6.747800856828689575e-03
9.501457214355468750e-03,-3.405387699604034424e-02,-7.476129382848739624e-02,4.329905509948730469e-01,-3.108592629432678223e-01,1.199289560317993164e-01,1.021734625101089478e-01,-1.041437909007072449e-01,4.318776428699493408e-01,-2.786215245723724365e-01,-2.721897035371512175e-04,5.814976990222930908e-03,-1.913308049552142620e-03,9.275563643313944340e-04,6.360843777656555176e-03,5.724070593714714050e-03,2.109673572704195976e-03,-9.027853375300765038e-04,6.758113391697406769e-03
1.067235693335533142e-02,-3.404677659273147583e-02,-7.629204541444778442e-02,4.270771443843841553e-01,-3.055087029933929443e-01,1.197695657610893250e-01,1.077200844883918762e-01,-1.026067733764648438e-01,4.355257153511047363e-01,-2.827159762382507324e-01,-2.134508831659331918e-04,5.809317808598279953e-03,-1.939547015354037285e-03,9.373629582114517689e-04,6.363357417285442352e-03,5.723684560507535934e-03,2.088020555675029755e-03,-8.988134795799851418e-04,6.763048004359006882e-03
1.023432426154613495e-02,-3.147224709391593933e-02,-7.737930864095687866e-02,4.310637116432189941e-01,-3.001632690429687500e-01,1.194845661520957947e-01,1.130328103899955750e-01,-1.001240089535713196e-01,4.378435313701629639e-01,-2.862667441368103027e-01,-2.371545997448265553e-04,5.821745377033948898e-03,-1.940733403898775578e-03,9.422106086276471615e-04,6.665154825896024704e-03,5.736945662647485733e-03,2.088809851557016373e-03,-8.993690134957432747e-04,6.821859627962112427e-03
1.088181138038635254e-02,-2.890134416520595551e-02,-7.569026947021484375e-02,4.365867078304290771e-01,-3.054934144020080566e-01,1.198946088552474976e-01,1.160845756530761719e-01,-9.563767164945602417e-02,4.367360174655914307e-01,-2.881470620632171631e-01,8.085244917310774326e-05,5.856759846210479736e-03,-1.915537985041737556e-03,9.360876283608376980e-04,6.801386829465627670e-03,5.728995427489280701e-03,2.116255927830934525e-03,-9.152046404778957367e-04,6.737816147506237030e-03
1.220626104623079300e-02,-2.845186553895473480e-02,-7.407662272453308105e-02,4.397773742675781250e-01,-3.093926310539245605e-01,1.211006790399551392e-01,1.168724671006202698e-01,-9.241063892841339111e-02,4.359157085418701172e-01,-2.898203730583190918e-01,6.999575416557490826e-04,5.872718989849090576e-03,-1.886646379716694355e-03,9.301528334617614746e-04,6.818389054387807846e-03,5.719511304050683975e-03,2.145523438230156898e-03,-9.288383298553526402e-04,6.499251816421747208e-03
1.404514163732528687e-02,-2.897275984287261963e-02,-7.336588948965072632e-02,4.421365261077880859e-01,-3.125799298286437988e-01,1.229708790779113770e-01,1.165361180901527405e-01,-9.079238027334213257e-02,4.356963634490966797e-01,-2.914185523986816406e-01,1.458648941479623318e-03,5.888773594051599503e-03,-1.855121576227247715e-03,9.271141025237739086e-04,6.812428589910268784e-03,5.716994404792785645e-03,2.178569557145237923e-03,-9.407069883309304714e-04,6.452988833189010620e-03
1.485521253198385239e-02,-3.016667999327182770e-02,-7.275376468896865845e-02,4.432666003704071045e-01,-3.148697614669799805e-01,1.238676756620407104e-01,1.154725849628448486e-01,-8.933939784765243530e-02,4.350224137306213379e-01,-2.927744686603546143e-01,1.067974488250911236e-03,5.894010886549949646e-03,-1.829348737373948097e-03,9.238745551556348801e-04,6.856472697108983994e-03,5.716712214052677155e-03,2.211623359471559525e-03,-9.464375907555222511e-04,6.432413123548030853e-03
1.619439572095870972e-02,-3.195796906948089600e-02,-7.195270806550979614e-02,4.432677626609802246e-01,-3.165431320667266846e-01,1.255836188793182373e-01,1.137212216854095459e-01,-8.834449946880340576e-02,4.344051480293273926e-01,-2.939761579036712646e-01,1.268009422346949577e-03,5.902466829866170883e-03,-1.793897827155888081e-03,9.173088474199175835e-04,6.874951068311929703e-03,5.719393957406282425e-03,2.248896984383463860e-03,-9.565931395627558231e-04,6.410561501979827881e-03
1.791529357433319092e-02,-3.403561934828758240e-02,-7.121735066175460815e-02,4.425595402717590332e-01,-3.177875578403472900e-01,1.274696290493011475e-01,1.116639450192451477e-01,-8.817678689956665039e-02,4.345129430294036865e-01,-2.951364219188690186e-01,1.581700751557946205e-03,5.912944674491882324e-03,-1.757062040269374847e-03,9.115068241953849792e-04,6.885582115501165390e-03,5.721962545067071915e-03,2.287581330165266991e-03,-9.681520168669521809e-04,6.403935607522726059e-03
1.926659420132637024e-02,-3.604933992028236389e-02,-7.030484825372695923e-02,4.410126507282257080e-01,-3.185239136219024658e-01,1.290182769298553467e-01,1.096418946981430054e-01,-8.818556368350982666e-02,4.346200525760650635e-01,-2.960429489612579346e-01,1.446584123186767101e-03,5.918303970247507095e-03,-1.727506634779274464e-03,9.050655062310397625e-04,6.885692011564970016e-03,5.729469005018472672e-03,2.322579268366098404e-03,-9.727423894219100475e-04,6.413348484784364700e-03
2.018308080732822418e-02,-3.802876174449920654e-02,-6.884828954935073853e-02,4.382093250751495361e-01,-3.186052441596984863e-01,1.301175504922866821e-01,1.076455637812614441e-01,-8.826225996017456055e-02,4.348287284374237061e-01,-2.966013550758361816e-01,1.113584381528198719e-03,5.925661418586969376e-03,-1.699941931292414665e-03,8.995266980491578579e-04,6.934181321412324905e-03,5.734325852245092392e-03,2.355946227908134460e-03,-9.752769838087260723e-04,6.451643072068691254e-03
2.130261622369289398e-02,-3.990906476974487305e-02,-6.678226590156555176e-02,4.343195557594299316e-01,-3.181382417678833008e-01,1.321301311254501343e-01,1.056535542011260986e-01,-8.855456858873367310e-02,4.353837668895721436e-01,-2.968082726001739502e-01,1.107172458432614803e-03,5.930403247475624084e-03,-1.669042976573109627e-03,8.940032566897571087e-04,6.951122544705867767e-03,5.741463042795658112e-03,2.390674781054258347e-03,-9.801198029890656471e-04,6.491051986813545227e-03
2.202244475483894348e-02,-4.181845858693122864e-02,-6.414319574832916260e-02,4.293467104434967041e-01,-3.171812593936920166e-01,1.338662952184677124e-01,1.035835444927215576e-01,-8.888802677392959595e-02,4.360204935073852539e-01,-2.967568933963775635e-01,8.534671505913138390e-04,5.936221219599246979e-03,-1.643297844566404819e-03,8.890838362276554108e-04,6.987036671489477158e-03,5.744321271777153015e-03,2.421237295493483543e-03,-9.818398393690586090e-04,6.504899356514215469e-03
2.217166312038898468e-02,-4.416109248995780945e-02,-6.092144921422004700e-02,4.228456914424896240e-01,-3.152908980846405029e-01,1.351476609706878662e-01,1.008386537432670593e-01,-9.033180773258209229e-02,4.385238587856292725e-01,-2.963468432426452637e-01,4.027078684885054827e-04,5.946007557213306427e-03,-1.616869936697185040e-03,8.838541107252240181e-04,7.037487346678972244e-03,5.746740382164716721e-03,2.454093890264630318e-03,-9.820322738960385323e-04,6.510897073894739151e-03
2.262738905847072601e-02,-4.709295928478240967e-02,-5.665136128664016724e-02,4.141018986701965332e-01,-3.122707009315490723e-01,1.362154036760330200e-01,9.690210223197937012e-02,-9.385118633508682251e-02,4.439814984798431396e-01,-2.951066493988037109e-01,4.644108994398266077e-04,5.952829495072364807e-03,-1.582495402544736862e-03,8.786482503637671471e-04,7.094210945069789886e-03,5.749784875661134720e-03,2.492931671440601349e-03,-9.897894924506545067e-04,6.524394731968641281e-03
2.350203879177570343e-02,-5.023983865976333618e-02,-5.103104561567306519e-02,4.028942883014678955e-01,-3.080626130104064941e-01,1.394454091787338257e-01,9.211153537034988403e-02,-9.861836582422256470e-02,4.503543376922607422e-01,-2.952249348163604736e-01,7.922803633846342564e-04,5.960048176348209381e-03,-1.543196034617722034e-03,8.730336558073759079e-04,7.150570396333932877e-03,5.758592858910560608e-03,2.535827225074172020e-03,-9.968960657715797424e-04,6.561667658388614655e-03
2.413439750671386719e-02,-5.347458273172378540e-02,-4.433374851942062378e-02,3.901421129703521729e-01,-3.030196726322174072e-01,1.398155987262725830e-01,8.693791180849075317e-02,-1.048516258597373962e-01,4.576379060745239258e-01,-2.958099544048309326e-01,8.503391873091459274e-04,5.963134579360485077e-03,-1.513574272394180298e-03,8.690235554240643978e-04,7.183696608990430832e-03,5.760258994996547699e-03,2.568860072642564774e-03,-1.005319529213011265e-03,6.580743007361888885e-03
2.371239289641380310e-02,-5.664872378110885620e-02,-3.733683004975318909e-02,3.771656453609466553e-01,-2.980192601680755615e-01,1.380312144756317139e-01,8.147838711738586426e-02,-1.111939027905464172e-01,4.626311063766479492e-01,-2.997882068157196045e-01,-5.977489854558371007e-05,5.961545743048191071e-03,-1.491795992478728294e-03,8.663116605021059513e-04,7.144892122596502304e-03,5.762042943388223648e-03,2.593089826405048370e-03,-1.007051789201796055e-03,6.548240780830383301e-03
2.328483015298843384e-02,-5.964654684066772461e-02,-3.045358881354331970e-02,3.647313117980957031e-01,-2.932835519313812256e-01,1.378323882818222046e-01,7.590159028768539429e-02,-1.180313006043434143e-01,4.665242135524749756e-01,-3.065049946308135986e-01,-6.081872270442545414e-04,5.958069581538438797e-03,-1.468738424591720104e-03,8.631621021777391434e-04,7.102176547050476074e-03,5.762442946434020996e-03,2.617907943204045296e-03,-1.010035164654254913e-03,6.518905982375144958e-03
2.301658317446708679e-02,-6.249181926250457764e-02,-2.334512956440448761e-02,3.529338538646697998e-01,-2.889849245548248291e-01,1.369811594486236572e-01,7.060784846544265747e-02,-1.255064308643341064e-01,4.707099795341491699e-01,-3.149934113025665283e-01,-7.249559275805950165e-04,5.952663253992795944e-03,-1.445450587198138237e-03,8.599592838436365128e-04,7.082794327288866043e-03,5.760618019849061966e-03,2.640914171934127808e-03,-1.016361871734261513e-03,6.509377155452966690e-03
2.326073311269283295e-02,-6.508832424879074097e-02,-1.606823876500129700e-02,3.422579169273376465e-01,-2.855789065361022949e-01,1.352176517248153687e-01,6.589740514755249023e-02,-1.322428137063980103e-01,4.717192947864532471e-01,-3.217619657516479492e-01,-3.108597011305391788e-04,5.954615306109189987e-03,-1.418819418177008629e-03,8.570919162593781948e-04,7.030597422271966934e-03,5.756049882620573044e-03,2.666331827640533447e-03,-1.024458673782646656e-03,6.504025310277938843e-03
2.297370880842208862e-02,-6.742557138204574585e-02,-9.768819436430931091e-03,3.342113196849822998e-01,-2.835505008697509766e-01,1.331316828727722168e-01,6.163050979375839233e-02,-1.383387148380279541e-01,4.711397886276245117e-01,-3.268437683582305908e-01,-4.656220262404531240e-04,5.944708362221717834e-03,-1.396362320519983768e-03,8.536455570720136166e-04,6.936254911124706268e-03,5.750089418143033981e-03,2.686206949874758720e-03,-1.029024249874055386e-03,6.456506904214620590e-03
2.333909459412097931e-02,-6.940949708223342896e-02,-4.351811483502388000e-03,3.289022147655487061e-01,-2.831086516380310059e-01,1.332177668809890747e-01,5.761022120714187622e-02,-1.436608880758285522e-01,4.694272875785827637e-01,-3.278270661830902100e-01,8.398079808102920651e-05,5.942165851593017578e-03,-1.369288656860589981e-03,8.497689850628376007e-04,6.847163196653127670e-03,5.742344539612531662e-03,2.710127970203757286e-03,-1.035363064147531986e-03,6.452575791627168655e-03
2.391570620238780975e-02,-7.082393020391464233e-02,-5.210484596318565309e-05,3.265611231327056885e-01,-2.843038141727447510e-01,1.348330676555633545e-01,5.424862354993820190e-02,-1.474916934967041016e-01,4.672490656375885010e-01,-3.185280859470367432e-01,6.523046176880598068e-04,5.952286534011363983e-03,-1.341210678219795227e-03,8.462899131700396538e-04,6.718139164149761200e-03,5.737130995839834213e-03,2.733576809987425804e-03,-1.041338429786264896e-03,6.457135081291198730e-03
2.413448505103588104e-02,-7.170421630144119263e-02,2.744121942669153214e-03,3.272212445735931396e-01,-2.870433032512664795e-01,1.354629099369049072e-01,5.195482447743415833e-02,-1.498446911573410034e-01,4.648420214653015137e-01,-3.009429574012756348e-01,7.523960084654390812e-04,5.952822510153055191e-03,-1.305021927691996098e-03,8.418027427978813648e-04,6.559924222528934479e-03,5.735332146286964417e-03,2.760759787634015083e-03,-1.048963516950607300e-03,6.420141085982322693e-03
2.473793551325798035e-02,-7.218667119741439819e-02,4.164284095168113708e-03,3.303984999656677246e-01,-2.910821735858917236e-01,1.371195763349533081e-01,5.025598406791687012e-02,-1.513231694698333740e-01,4.609769880771636963e-01,-2.797098755836486816e-01,1.095317304134368896e-03,5.976903717964887619e-03,-1.258888281881809235e-03,8.354046149179339409e-04,6.441724486649036407e-03,5.732621531933546066e-03,2.795390551909804344e-03,-1.055510481819510460e-03,6.397371180355548859e-03
2.526931278407573700e-02,-7.250987738370895386e-02,4.665120504796504974e-03,3.352964818477630615e-01,-2.959590852260589600e-01,1.376962214708328247e-01,4.921611770987510681e-02,-1.523157656192779541e-01,4.584500491619110107e-01,-2.601762115955352783e-01,1.217445125803351402e-03,6.013281643390655518e-03,-1.221218379214406013e-03,8.309978293254971504e-04,6.447353400290012360e-03,5.734162405133247375e-03,2.825911855325102806e-03,-1.061702729202806950e-03,6.390338763594627380e-03
2.543648146092891693e-02,-7.147509604692459106e-02,7.333609275519847870e-03,3.363705575466156006e-01,-2.977545559406280518e-01,1.373782604932785034e-01,5.056645348668098450e-02,-1.520655602216720581e-01,4.646977186203002930e-01,-2.657189965248107910e-01,7.274728850461542606e-04,6.009215954691171646e-03,-1.287569757550954819e-03,8.418393554165959358e-04,6.577344611287117004e-03,5.760371685028076172e-03,2.779834205284714699e-03,-1.051630359143018723e-03,6.845502182841300964e-03
2.486607991158962250e-02,-6.892690807580947876e-02,7.466361857950687408e-03,3.401732146739959717e-01,-2.983404397964477539e-01,1.367931962013244629e-01,5.291789397597312927e-02,-1.506357491016387939e-01,4.662692844867706299e-01,-2.685561776161193848e-01,2.566826005931943655e-04,6.004052236676216125e-03,-1.346969278529286385e-03,8.470031898468732834e-04,6.568846758455038071e-03,5.766923073679208755e-03,2.739726332947611809e-03,-1.042292919009923935e-03,6.887792609632015228e-03
2.494381368160247803e-02,-6.581108272075653076e-02,5.598796997219324112e-03,3.467966914176940918e-01,-2.980259656906127930e-01,1.369828730821609497e-01,5.572860687971115112e-02,-1.481552273035049438e-01,4.642438292503356934e-01,-2.692999541759490967e-01,4.456568858586251736e-04,6.003242451697587967e-03,-1.391041674651205540e-03,8.506838348694145679e-04,6.592882331460714340e-03,5.776328966021537781e-03,2.709832042455673218e-03,-1.039592432789504528e-03,6.925843190401792526e-03
2.682967483997344971e-02,-6.245366111397743225e-02,7.938882336020469666e-04,3.582451939582824707e-01,-2.968669235706329346e-01,1.366985440254211426e-01,5.877978727221488953e-02,-1.440102756023406982e-01,4.585156738758087158e-01,-2.681510150432586670e-01,3.484070475678890944e-05,5.998974200338125229e-03,-1.438475796021521091e-03,8.581572910770773888e-04,6.627699360251426697e-03,5.778472870588302612e-03,2.671923255547881126e-03,-1.033307984471321106e-03,6.974364630877971649e-03
3.016503900289535522e-02,-5.916705727577209473e-02,-5.267192143946886063e-03,3.707658648490905762e-01,-2.941291034221649170e-01,1.356303393840789795e-01,6.175336614251136780e-02,-1.380229890346527100e-01,4.494629502296447754e-01,-2.654527723789215088e-01,-8.847100543789565563e-04,5.992589052766561508e-03,-1.481866231188178062e-03,8.673557313159108162e-04,6.665469612926244736e-03,5.784879438579082489e-03,2.630036324262619019e-03,-1.026211422868072987e-03,6.999308709055185318e-03
3.773489594459533691e-02,-5.657681450247764587e-02,-1.313334982842206955e-02,3.858518004417419434e-01,-2.920975387096405029e-01,1.340070366859436035e-01,6.435444951057434082e-02,-1.303535103797912598e-01,4.377596974372863770e-01,-2.615622580051422119e-01,-1.974396873265504837e-03,5.985692609101533890e-03,-1.524433726444840431e-03,8.773437584750354290e-04,6.702892482280731201e-03,5.802678409963846207e-03,2.578178653493523598e-03,-1.019041636027395725e-03,7.009274791926145554e-03
4.659314826130867004e-02,-5.510605126619338989e-02,-2.170632407069206238e-02,4.013361334800720215e-01,-2.900113463401794434e-01,1.318102329969406128e-01,6.627392768859863281e-02,-1.211734116077423096e-01,4.237075448036193848e-01,-2.566320002079010010e-01,-3.165532834827899933e-03,5.980239249765872955e-03,-1.571147702634334564e-03,8.867647848092019558e-04,6.743924692273139954e-03,5.823775194585323334e-03,2.491359831765294075e-03,-1.010235399007797241e-03,6.999084260314702988e-03
5.655686557292938232e-02,-5.429835245013237000e-02,-3.085360862314701080e-02,4.180784821510314941e-01,-2.878580689430236816e-01,1.300958096981048584e-01,6.765447556972503662e-02,-1.107118278741836548e-01,4.074997007846832275e-01,-2.506210505962371826e-01,-3.436340950429439545e-03,5.973707418888807297e-03,-1.619006507098674774e-03,8.954477962106466293e-04,6.772409658879041672e-03,5.835363175719976425e-03,2.403930528089404106e-03,-1.002622884698212147e-03,7.004919461905956268e-03
6.624279916286468506e-02,-5.362388119101524353e-02,-4.068394750356674194e-02,4.359387159347534180e-01,-2.877832651138305664e-01,1.282632499933242798e-01,6.868825852870941162e-02,-9.947308152914047241e-02,3.900465071201324463e-01,-2.440375089645385742e-01,-3.558970522135496140e-03,5.961062386631965637e-03,-1.661320333369076252e-03,9.053794201463460922e-04,6.782143376767635345e-03,5.844635423272848129e-03,2.348766662180423737e-03,-9.970201645046472549e-04,6.966387853026390076e-03
7.763054221868515015e-02,-5.284815654158592224e-02,-5.172187834978103638e-02,4.553821682929992676e-01,-2.904841601848602295e-01,1.265925765037536621e-01,6.937000900506973267e-02,-8.810587972402572632e-02,3.725781440734863281e-01,-2.374639958143234253e-01,-3.387657692655920982e-03,5.948348436504602432e-03,-1.690666656941175461e-03,9.152528946287930012e-04,6.776669528335332870e-03,5.840767640620470047e-03,2.308936556801199913e-03,-9.930895175784826279e-04,6.912704557180404663e-03
8.972333371639251709e-02,-5.162079259753227234e-02,-6.372594088315963745e-02,4.756830036640167236e-01,-2.939783036708831787e-01,1.249874681234359741e-01,6.982856243848800659e-02,-7.659998536109924316e-02,3.550965487957000732e-01,-2.309146821498870850e-01,-3.149140160530805588e-03,5.936869420111179352e-03,-1.720819622278213501e-03,9.261700906790792942e-04,6.764460355043411255e-03,5.840788595378398895e-03,2.259073313325643539e-03,-9.865001775324344635e-04,6.871774327009916306e-03
1.033589988946914673e-01,-5.000858381390571594e-02,-7.666371017694473267e-02,4.964349269866943359e-01,-2.999139130115509033e-01,1.241460442543029785e-01,6.993434578180313110e-02,-6.561838090419769287e-02,3.385693132877349854e-01,-2.247797995805740356e-01,-2.257974818348884583e-03,5.929154809564352036e-03,-1.743908505886793137e-03,9.363815770484507084e-04,6.726752035319805145e-03,5.825717467814683914e-03,2.193320775404572487e-03,-9.739177767187356949e-04,6.777969188988208771e-03
1.177758574485778809e-01,-4.775565490126609802e-02,-9.095301479101181030e-02,5.168877840042114258e-01,-3.051489591598510742e-01,1.233296170830726624e-01,6.985878944396972656e-02,-5.523587763309478760e-02,3.229553997516632080e-01,-2.190704345703125000e-01,-1.552818925119936466e-03,5.926457233726978302e-03,-1.769134891219437122e-03,9.498575818724930286e-04,6.671136245131492615e-03,5.815767683088779449e-03,2.098097233101725578e-03,-9.581801714375615120e-04,6.719417404383420944e-03
1.292499601840972900e-01,-4.472751915454864502e-02,-1.066423431038856506e-01,5.378913283348083496e-01,-3.138256072998046875e-01,1.220541447401046753e-01,6.961783766746520996e-02,-4.589007422327995300e-02,3.087868690490722656e-01,-2.140502929687500000e-01,-1.425264286808669567e-03,5.912170279771089554e-03,-1.796658150851726532e-03,9.593009599484503269e-04,6.609818898141384125e-03,5.798925645649433136e-03,1.875711139291524887e-03,-9.443843155167996883e-04,6.610787007957696915e-03
1.380367726087570190e-01,-4.103397205471992493e-02,-1.239392459392547607e-01,5.598168373107910156e-01,-3.215000927448272705e-01,1.208374127745628357e-01,6.907702982425689697e-02,-3.778562322258949280e-02,2.961640059947967529e-01,-2.096745371818542480e-01,-1.323731732554733753e-03,5.901135038584470749e-03,-1.826393301598727703e-03,9.674768662080168724e-04,6.553877610713243484e-03,5.785694345831871033e-03,1.495917327702045441e-03,-9.340627002529799938e-04,6.503723096102476120e-03
1.453465521335601807e-01,-3.698412701487541199e-02,-1.424652636051177979e-01,5.808346867561340332e-01,-3.259176015853881836e-01,1.199499219655990601e-01,6.804206967353820801e-02,-3.108077123761177063e-02,2.853412926197052002e-01,-2.060702890157699585e-01,-1.051101717166602612e-03,5.895763635635375977e-03,-1.851675217039883137e-03,9.745982824824750423e-04,6.505195517092943192e-03,5.771274212747812271e-03,1.008186140097677708e-03,-9.275246993638575077e-04,6.371191702783107758e-03
1.490479856729507446e-01,-3.265991806983947754e-02,-1.621787399053573608e-01,6.007466912269592285e-01,-3.306764364242553711e-01,1.187168210744857788e-01,6.649224460124969482e-02,-2.558659575879573822e-02,2.758326232433319092e-01,-2.030163109302520752e-01,-1.186962355859577656e-03,5.884885322302579880e-03,-1.889287843368947506e-03,9.802044369280338287e-04,6.456223782151937485e-03,5.768212024122476578e-03,3.821188001893460751e-04,-9.189944248646497726e-04,6.264473311603069305e-03
1.533119976520538330e-01,-2.774951793253421783e-02,-1.832562834024429321e-01,6.182335615158081055e-01,-3.334977328777313232e-01,1.181592419743537903e-01,6.472608447074890137e-02,-2.174265868961811066e-02,2.682039439678192139e-01,-2.007161229848861694e-01,-7.690436905249953270e-04,5.881508812308311462e-03,-1.914660795591771603e-03,9.842945728451013565e-04,6.355487275868654251e-03,5.761270876973867416e-03,-2.125193714164197445e-04,-9.152867714874446392e-04,6.168640218675136566e-03
1.599898934364318848e-01,-2.271076478064060211e-02,-2.061391025781631470e-01,6.345473527908325195e-01,-3.376847803592681885e-01,1.175690889358520508e-01,6.287255883216857910e-02,-1.940383948385715485e-02,2.627025842666625977e-01,-1.994138360023498535e-01,-6.026347400620579720e-04,5.884140729904174805e-03,-1.941245282068848610e-03,9.893854148685932159e-04,6.297282874584197998e-03,5.763221066445112228e-03,-7.167522562667727470e-04,-9.104271885007619858e-04,6.101907696574926376e-03
1.664992868900299072e-01,-1.824077963829040527e-02,-2.297371774911880493e-01,6.491295695304870605e-01,-3.408544361591339111e-01,1.168195679783821106e-01,6.071084737777709961e-02,-1.862769201397895813e-02,2.599597573280334473e-01,-1.994805485010147095e-01,-6.304379785433411598e-04,5.875583272427320480e-03,-1.972227822989225388e-03,9.919380536302924156e-04,6.258861161768436432e-03,5.756331607699394226e-03,-1.199789345264434814e-03,-9.028202621266245842e-04,6.027854047715663910e-03
1.723019480705261230e-01,-1.460118405520915985e-02,-2.528896927833557129e-01,6.597079634666442871e-01,-3.439223766326904297e-01,1.155025660991668701e-01,5.826183781027793884e-02,-1.858103647828102112e-02,2.590080499649047852e-01,-2.005853503942489624e-01,-1.129583688452839851e-03,5.866888444870710373e-03,-2.013337099924683571e-03,9.925235062837600708e-04,6.258143577724695206e-03,5.791823379695415497e-03,-1.672801561653614044e-03,-8.939571562223136425e-04,6.002712063491344452e-03
1.801258325576782227e-01,-1.232875417917966843e-02,-2.750771641731262207e-01,6.662319898605346680e-01,-3.465984165668487549e-01,1.142433285713195801e-01,5.563521757721900940e-02,-1.864499598741531372e-02,2.591481804847717285e-01,-2.024061530828475952e-01,-1.348511665128171444e-03,5.861928686499595642e-03,-2.053312724456191063e-03,9.948508813977241516e-04,6.272385828197002411e-03,5.898377392441034317e-03,-2.102775499224662781e-03,-8.846717537380754948e-04,6.023635622113943100e-03
1.864797919988632202e-01,-1.133844349533319473e-02,-2.949887216091156006e-01,6.679337620735168457e-01,-3.477858006954193115e-01,1.125594824552536011e-01,5.283344164490699768e-02,-1.884150877594947815e-02,2.604526877403259277e-01,-2.049997001886367798e-01,-1.776197343133389950e-03,5.852421745657920837e-03,-2.098399214446544647e-03,9.959399467334151268e-04,6.280690897256135941e-03,6.021372508257627487e-03,-2.457729307934641838e-03,-8.749580010771751404e-04,6.035590078681707382e-03
1.930780857801437378e-01,-1.155257597565650940e-02,-3.120687603950500488e-01,6.649134755134582520e-01,-3.478708863258361816e-01,1.115079000592231750e-01,5.006575956940650940e-02,-1.891258172690868378e-02,2.622300684452056885e-01,-2.079460173845291138e-01,-1.499834586866199970e-03,5.857218056917190552e-03,-2.135686809197068214e-03,1.001844415441155434e-03,6.273451726883649826e-03,6.107565015554428101e-03,-2.647894434630870819e-03,-8.675369899719953537e-04,6.084439810365438461e-03
1.959803700447082520e-01,-1.256644073873758316e-02,-3.256011903285980225e-01,6.573293209075927734e-01,-3.473148643970489502e-01,1.099278330802917480e-01,4.733661189675331116e-02,-1.891063340008258820e-02,2.644705176353454590e-01,-2.112917155027389526e-01,-1.717260689474642277e-03,5.847800523042678833e-03,-2.185936318710446358e-03,1.005681348033249378e-03,6.279365159571170807e-03,6.153227295726537704e-03,-2.732748165726661682e-03,-8.582792361266911030e-04,6.095679476857185364e-03
1.983167529106140137e-01,-1.516629196703433990e-02,-3.364432156085968018e-01,6.480278968811035156e-01,-3.456768691539764404e-01,1.082319244742393494e-01,4.462379962205886841e-02,-1.897515729069709778e-02,2.674755156040191650e-01,-2.151795774698257446e-01,-1.830089604482054710e-03,5.837643519043922424e-03,-2.238500630483031273e-03,1.007833168841898441e-03,6.280764471739530563e-03,6.272507365792989731e-03,-2.783844713121652603e-03,-8.505635196343064308e-04,6.113131064921617508e-03
2.012139707803726196e-01,-1.966587640345096588e-02,-3.442319035530090332e-01,6.367626190185546875e-01,-3.413309156894683838e-01,1.069179624319076538e-01,4.183229058980941772e-02,-1.943267881870269775e-02,2.717772722244262695e-01,-2.198173999786376953e-01,-1.551468623802065849e-03,5.842084996402263641e-03,-2.271354198455810547e-03,1.013442873954772949e-03,6.269528996199369431e-03,6.307994481176137924e-03,-2.817904343828558922e-03,-8.461932884529232979e-04,6.116090342402458191e-03
2.012422531843185425e-01,-2.556054852902889252e-02,-3.486680090427398682e-01,6.241942048072814941e-01,-3.343813419342041016e-01,1.053432002663612366e-01,3.893287852406501770e-02,-2.053471840918064117e-02,2.777593731880187988e-01,-2.254328727722167969e-01,-1.545330975204706192e-03,5.834663286805152893e-03,-2.308228285983204842e-03,1.014810986816883087e-03,6.248309742659330368e-03,6.318056955933570862e-03,-2.859086031094193459e-03,-8.401070954278111458e-04,6.086376495659351349e-03
1.999113857746124268e-01,-3.249764814972877502e-02,-3.500811159610748291e-01,6.110931634902954102e-01,-3.257301747798919678e-01,1.037901863455772400e-01,3.626599162817001343e-02,-2.186308056116104126e-02,2.848376035690307617e-01,-2.317636609077453613e-01,-1.482332358136773109e-03,5.828008521348237991e-03,-2.356265671551227570e-03,1.015364541672170162e-03,6.215694826096296310e-03,6.337616592645645142e-03,-2.888840856030583382e-03,-8.339713094756007195e-04,6.101741921156644821e-03
2.002314329147338867e-01,-4.042371734976768494e-02,-3.498384356498718262e-01,5.983029007911682129e-01,-3.137753605842590332e-01,1.027145460247993469e-01,3.407539054751396179e-02,-2.415931224822998047e-02,2.939470112323760986e-01,-2.391404062509536743e-01,-1.027030055411159992e-03,5.825971718877553940e-03,-2.387637039646506310e-03,1.020631869323551655e-03,6.134376861155033112e-03,6.340791936963796616e-03,-2.906447276473045349e-03,-8.287162636406719685e-04,6.086721085011959076e-03
1.991608142852783203e-01,-4.820429533720016479e-02,-3.476536870002746582e-01,5.845713019371032715e-01,-3.016568422317504883e-01,1.011171191930770874e-01,3.257171064615249634e-02,-2.728586643934249878e-02,3.049762547016143799e-01,-2.476397752761840820e-01,-1.088861492462456226e-03,5.806231871247291565e-03,-2.432128181681036949e-03,1.021295436657965183e-03,6.066831294447183609e-03,6.359210237860679626e-03,-2.928327303379774094e-03,-8.198799332603812218e-04,6.094129290431737900e-03
1.986201852560043335e-01,-5.548368021845817566e-02,-3.435923159122467041e-01,5.705140829086303711e-01,-2.890225350856781006e-01,9.925503283739089966e-02,3.200354427099227905e-02,-3.077258914709091187e-02,3.176892995834350586e-01,-2.572146654129028320e-01,-1.270847162231802940e-03,5.780203733593225479e-03,-2.478745067492127419e-03,1.019820803776383400e-03,6.002041511237621307e-03,6.386254448443651199e-03,-2.947048284113407135e-03,-8.113828953355550766e-04,6.127838511019945145e-03
1.991022825241088867e-01,-6.206784024834632874e-02,-3.373498916625976562e-01,5.550184249877929688e-01,-2.747356891632080078e-01,9.768283367156982422e-02,3.212677687406539917e-02,-3.488887101411819458e-02,3.325278759002685547e-01,-2.680119276046752930e-01,-1.086090458557009697e-03,5.770988762378692627e-03,-2.507229335606098175e-03,1.018982264213263988e-03,5.950056482106447220e-03,6.393713410943746567e-03,-2.963263541460037231e-03,-8.060393156483769417e-04,6.109206471592187881e-03
2.007363438606262207e-01,-6.799085438251495361e-02,-3.289885520935058594e-01,5.387053489685058594e-01,-2.598880827426910400e-01,9.659015387296676636e-02,3.261209651827812195e-02,-3.895846754312515259e-02,3.485810458660125732e-01,-2.796464562416076660e-01,-5.502722924575209618e-04,5.778531078249216080e-03,-2.532033249735832214e-03,1.021691248752176762e-03,5.931704305112361908e-03,6.395807024091482162e-03,-2.980530960485339165e-03,-8.012556354515254498e-04,6.127138622105121613e-03
2.007140666246414185e-01,-7.249350100755691528e-02,-3.188022971153259277e-01,5.212855339050292969e-01,-2.438029199838638306e-01,9.538796544075012207e-02,3.335027769207954407e-02,-4.322174564003944397e-02,3.662039637565612793e-01,-2.923058569431304932e-01,-2.789380960166454315e-04,5.774307064712047577e-03,-2.553525846451520920e-03,1.021078671328723431e-03,5.880182143300771713e-03,6.386692635715007782e-03,-2.995034912601113319e-03,-7.966257981024682522e-04,6.091834977269172668e-03
2.005517184734344482e-01,-7.524354755878448486e-02,-3.081453442573547363e-01,5.044225454330444336e-01,-2.259251475334167480e-01,9.404738247394561768e-02,3.425483405590057373e-02,-4.778895154595375061e-02,3.857091367244720459e-01,-3.062081933021545410e-01,-2.640828315634280443e-04,5.767070222645998001e-03,-2.559666754677891731e-03,1.019845949485898018e-03,5.865001119673252106e-03,6.375044584274291992e-03,-2.989158965647220612e-03,-7.922202930785715580e-04,6.076380610466003418e-03
2.020123898983001709e-01,-7.458925247192382812e-02,-3.007279932498931885e-01,4.950417876243591309e-01,-1.803382188081741333e-01,9.248338639736175537e-02,3.454478085041046143e-02,-5.029837787151336670e-02,4.035200774669647217e-01,-3.196251988410949707e-01,-3.976873413193970919e-04,5.780868697911500931e-03,-2.564441179856657982e-03,1.020871219225227833e-03,6.193124223500490189e-03,6.387592758983373642e-03,-2.888118382543325424e-03,-7.958523347042500973e-04,6.126438267529010773e-03
2.028351724147796631e-01,-7.566976547241210938e-02,-2.982211709022521973e-01,5.007837414741516113e-01,-1.672654449939727783e-01,9.201785176992416382e-02,3.286612033843994141e-02,-5.044800788164138794e-02,4.173219203948974609e-01,-3.316515386104583740e-01,6.378147372743114829e-05,5.795786157250404358e-03,-2.484650118276476860e-03,1.015376066789031029e-03,7.587017957121133804e-03,6.324569229036569595e-03,-2.631040988489985466e-03,-8.263725321739912033e-04,6.677296012639999390e-03
2.038503289222717285e-01,-7.922229915857315063e-02,-2.957555055618286133e-01,5.105081200599670410e-01,-1.765083223581314087e-01,9.290570020675659180e-02,2.755594067275524139e-02,-5.058702826499938965e-02,4.273573458194732666e-01,-3.432884812355041504e-01,1.623709336854517460e-03,5.842773243784904480e-03,-2.423408674076199532e-03,1.014315406791865826e-03,8.092725649476051331e-03,6.330197211354970932e-03,-1.979077234864234924e-03,-8.436282514594495296e-04,6.764640100300312042e-03
2.042348682880401611e-01,-8.313362300395965576e-02,-2.908621430397033691e-01,5.124738216400146484e-01,-1.813789159059524536e-01,9.439985454082489014e-02,2.150892093777656555e-02,-5.226787179708480835e-02,4.389038980007171631e-01,-3.517725169658660889e-01,2.152741188183426857e-03,5.840672180056571960e-03,-2.373273950070142746e-03,1.015788526274263859e-03,8.127189241349697113e-03,6.335161626338958740e-03,-1.595739624463021755e-03,-8.541473071090877056e-04,6.831528153270483017e-03
2.047674506902694702e-01,-8.633540570735931396e-02,-2.844710350036621094e-01,5.086106657981872559e-01,-1.828713417053222656e-01,9.810531884431838989e-02,1.657843217253684998e-02,-5.523592606186866760e-02,4.531303346157073975e-01,-3.572058379650115967e-01,2.600893378257751465e-03,5.834911018610000610e-03,-2.323916880413889885e-03,1.018047914840281010e-03,8.139380253851413727e-03,6.340431980788707733e-03,-1.541232457384467125e-03,-8.653849363327026367e-04,6.892364006489515305e-03
2.049270719289779663e-01,-8.866492658853530884e-02,-2.768085598945617676e-01,5.001425147056579590e-01,-1.816609203815460205e-01,1.013139039278030396e-01,1.274434663355350494e-02,-5.816929042339324951e-02,4.678914844989776611e-01,-3.597458004951477051e-01,2.539639128372073174e-03,5.830276291817426682e-03,-2.286249538883566856e-03,1.019814051687717438e-03,8.150561712682247162e-03,6.341368425637483597e-03,-1.502180472016334534e-03,-8.758813492022454739e-04,6.952205207198858261e-03
2.050594687461853027e-01,-9.020540118217468262e-02,-2.683250010013580322e-01,4.884489476680755615e-01,-1.785139739513397217e-01,1.062967851758003235e-01,9.498798288404941559e-03,-6.032753735780715942e-02,4.829242825508117676e-01,-3.607637286186218262e-01,2.412532223388552666e-03,5.822739098221063614e-03,-2.249668352305889130e-03,1.019377377815544605e-03,8.142237551510334015e-03,6.338352337479591370e-03,-1.462951069697737694e-03,-8.868919685482978821e-04,6.995407864451408386e-03
2.052207738161087036e-01,-9.127841144800186157e-02,-2.592225968837738037e-01,4.746280014514923096e-01,-1.741078495979309082e-01,1.130762398242950439e-01,6.079089827835559845e-03,-6.075167655944824219e-02,4.961470663547515869e-01,-3.605956733226776123e-01,2.301615430042147636e-03,5.817775148898363113e-03,-2.215469721704721451e-03,1.017608447000384331e-03,8.128144778311252594e-03,6.330149713903665543e-03,-1.424341229721903801e-03,-9.008890483528375626e-04,7.020717486739158630e-03
2.051224261522293091e-01,-9.211834520101547241e-02,-2.503057122230529785e-01,4.602532386779785156e-01,-1.692102551460266113e-01,1.181300729513168335e-01,2.272967714816331863e-03,-6.079598888754844666e-02,5.090402960777282715e-01,-3.602509796619415283e-01,2.024285262450575829e-03,5.799592472612857819e-03,-2.191535430029034615e-03,1.016490627080202103e-03,8.058581501245498657e-03,6.314849480986595154e-03,-1.393273589201271534e-03,-9.133582934737205505e-04,7.016296498477458954e-03
2.044138461351394653e-01,-9.291683882474899292e-02,-2.424380034208297729e-01,4.463520944118499756e-01,-1.642252355813980103e-01,1.213465705513954163e-01,-2.148620784282684326e-03,-6.065548211336135864e-02,5.193651914596557617e-01,-3.585957884788513184e-01,1.363354735076427460e-03,5.780865438282489777e-03,-2.169928047806024551e-03,1.012853230349719524e-03,7.954533211886882782e-03,6.301320623606443405e-03,-1.362961600534617901e-03,-9.232252486981451511e-04,6.972303614020347595e-03
2.031674832105636597e-01,-9.373211860656738281e-02,-2.355633080005645752e-01,4.331351220607757568e-01,-1.592960357666015625e-01,1.239729225635528564e-01,-7.127844262868165970e-03,-5.996672436594963074e-02,5.263545513153076172e-01,-3.583889603614807129e-01,4.879680636804550886e-04,5.764680914580821991e-03,-2.148321596905589104e-03,1.008317340165376663e-03,7.875167764723300934e-03,6.287963595241308212e-03,-1.332246698439121246e-03,-9.324658312834799290e-04,6.936002522706985474e-03
2.031764388084411621e-01,-9.444562345743179321e-02,-2.293057441711425781e-01,4.205915927886962891e-01,-1.546593159437179565e-01,1.299470961093902588e-01,-1.221036445349454880e-02,-5.834391340613365173e-02,5.292420387268066406e-01,-3.587805628776550293e-01,9.857864351943135262e-04,5.756127648055553436e-03,-2.113868715241551399e-03,1.004568650387227535e-03,7.810518611222505569e-03,6.273837294429540634e-03,-1.291576656512916088e-03,-9.488644427619874477e-04,6.920478306710720062e-03
2.027595341205596924e-01,-9.513093531131744385e-02,-2.232656031847000122e-01,4.083949029445648193e-01,-1.500864624977111816e-01,1.328561753034591675e-01,-1.707527413964271545e-02,-5.660916119813919067e-02,5.299679636955261230e-01,-3.595345914363861084e-01,9.635128080844879150e-04,5.751939490437507629e-03,-2.085332758724689484e-03,9.997178567573428154e-04,7.784352637827396393e-03,6.261202506721019745e-03,-1.252125483006238937e-03,-9.642012300901114941e-04,6.922531407326459885e-03
2.024932652711868286e-01,-9.591617435216903687e-02,-2.171609699726104736e-01,3.963073492050170898e-01,-1.455380022525787354e-01,1.353413462638854980e-01,-2.177571691572666168e-02,-5.379156023263931274e-02,5.267347693443298340e-01,-3.574269413948059082e-01,1.002563745714724064e-03,5.750322714447975159e-03,-2.053227042779326439e-03,9.947965154424309731e-04,7.755376398563385010e-03,6.246700882911682129e-03,-1.207857858389616013e-03,-9.809721959754824638e-04,6.906447932124137878e-03
2.014235109090805054e-01,-9.691872447729110718e-02,-2.108826041221618652e-01,3.841440379619598389e-01,-1.408675312995910645e-01,1.358754336833953857e-01,-2.621464245021343231e-02,-5.033100023865699768e-02,5.214760303497314453e-01,-3.558858335018157959e-01,2.895398065447807312e-04,5.743002053350210190e-03,-2.027742564678192139e-03,9.889138163998723030e-04,7.744702976197004318e-03,6.235274020582437515e-03,-1.167425070889294147e-03,-9.936991846188902855e-04,6.896348670125007629e-03
2.005832940340042114e-01,-9.821851551532745361e-02,-2.043032199144363403e-01,3.719746172428131104e-01,-1.362144052982330322e-01,1.358508914709091187e-01,-3.035297617316246033e-02,-4.689721018075942993e-02,5.163118243217468262e-01,-3.576827347278594971e-01,2.466519254085142165e-05,5.737259052693843842e-03,-2.000117208808660507e-03,9.835752425715327263e-04,7.732233498245477676e-03,6.220898125320672989e-03,-1.120913773775100708e-03,-1.009382074698805809e-03,6.874203681945800781e-03
1.996455341577529907e-01,-9.969186782836914062e-02,-1.980732679367065430e-01,3.607839047908782959e-01,-1.320342719554901123e-01,1.340876370668411255e-01,-3.373239934444427490e-02,-4.377970471978187561e-02,5.112695693969726562e-01,-3.610042631626129150e-01,-1.944501418620347977e-04,5.718854721635580063e-03,-1.972933998331427574e-03,9.775923099368810654e-04,7.669846527278423309e-03,6.206392310559749603e-03,-1.079091336578130722e-03,-1.025490229949355125e-03,6.845854222774505615e-03
1.988151669502258301e-01,-1.013068482279777527e-01,-1.925238817930221558e-01,3.508445024490356445e-01,-1.284032166004180908e-01,1.328291445970535278e-01,-3.613066673278808594e-02,-4.102757200598716736e-02,5.071948170661926270e-01,-3.661780655384063721e-01,-2.097772812703624368e-04,5.706219468265771866e-03,-1.938789035193622112e-03,9.717313805595040321e-04,7.619461975991725922e-03,6.188717205077409744e-03,-1.025996054522693157e-03,-1.042292220517992973e-03,6.811972241848707199e-03
1.981273144483566284e-01,-1.030364036560058594e-01,-1.878026425838470459e-01,3.425667583942413330e-01,-1.255632638931274414e-01,1.313951462507247925e-01,-3.773731738328933716e-02,-3.840426728129386902e-02,5.030394196510314941e-01,-3.686375319957733154e-01,-4.177694063400849700e-05,5.691970698535442352e-03,-1.900611212477087975e-03,9.656507754698395729e-04,7.548233494162559509e-03,6.169325206428766251e-03,-9.787186281755566597e-04,-1.061751740053296089e-03,6.787783931940793991e-03
1.972965151071548462e-01,-1.047166883945465088e-01,-1.836815029382705688e-01,3.359588384628295898e-01,-1.235489398241043091e-01,1.286701709032058716e-01,-3.846946731209754944e-02,-3.515513613820075989e-02,4.975188672542572021e-01,-3.703488409519195557e-01,-4.761749733006581664e-05,5.682130809873342514e-03,-1.856523333117365837e-03,9.571394766680896282e-04,7.510645315051078796e-03,6.155142094939947128e-03,-9.296931093558669090e-04,-1.080362009815871716e-03,6.790245883166790009e-03
1.966881453990936279e-01,-1.066038161516189575e-01,-1.796906739473342896e-01,3.304634690284729004e-01,-1.221640110015869141e-01,1.258536577224731445e-01,-3.894983977079391479e-02,-3.075779974460601807e-02,4.897502362728118896e-01,-3.709756731986999512e-01,9.931634849635884166e-05,5.689495708793401718e-03,-1.794151030480861664e-03,9.487069328315556049e-04,7.490453775972127914e-03,6.132312584668397903e-03,-8.641870808787643909e-04,-1.096046995371580124e-03,6.768391467630863190e-03
1.974482834339141846e-01,-1.091646030545234680e-01,-1.758548468351364136e-01,3.258544504642486572e-01,-1.213724911212921143e-01,1.251224577426910400e-01,-4.003155604004859924e-02,-2.566020004451274872e-02,4.798351824283599854e-01,-3.713683784008026123e-01,1.387933618389070034e-03,5.724286194890737534e-03,-1.692922436632215977e-03,9.433826198801398277e-04,7.452960591763257980e-03,6.040014326572418213e-03,-7.863380014896392822e-04,-1.095722778700292110e-03,6.703119724988937378e-03
1.970692127943038940e-01,-1.124175563454627991e-01,-1.726034730672836304e-01,3.223354220390319824e-01,-1.209759190678596497e-01,1.221825480461120605e-01,-4.184726253151893616e-02,-1.960114203393459320e-02,4.663226604461669922e-01,-3.705337643623352051e-01,1.306120888330042362e-03,5.734032951295375824e-03,-1.592160901054739952e-03,9.350694599561393261e-04,7.412279490381479263e-03,5.998509004712104797e-03,-7.122039678506553173e-04,-1.105019473470747471e-03,6.649262737482786179e-03
1.971272379159927368e-01,-1.158771514892578125e-01,-1.700668781995773315e-01,3.204000592231750488e-01,-1.213864386081695557e-01,1.200590953230857849e-01,-4.378553479909896851e-02,-1.358075905591249466e-02,4.522227048873901367e-01,-3.665705025196075439e-01,1.602222211658954620e-03,5.734529346227645874e-03,-1.439034240320324898e-03,9.283857652917504311e-04,7.353784982115030289e-03,5.975279957056045532e-03,-6.495984271168708801e-04,-1.120546716265380383e-03,6.644287612289190292e-03
1.973430514335632324e-01,-1.196380108594894409e-01,-1.680957376956939697e-01,3.198080062866210938e-01,-1.224635392427444458e-01,1.167651489377021790e-01,-4.612103849649429321e-02,-7.476998493075370789e-03,4.359028339385986328e-01,-3.618564009666442871e-01,1.837679883465170860e-03,5.755561869591474533e-03,-1.261617755517363548e-03,9.213762823492288589e-04,7.312757894396781921e-03,5.949831567704677582e-03,-5.843725521117448807e-04,-1.133326557464897633e-03,6.614906247705221176e-03
1.975910067558288574e-01,-1.237788870930671692e-01,-1.665155887603759766e-01,3.201267123222351074e-01,-1.239597424864768982e-01,1.130863949656486511e-01,-4.885798320174217224e-02,-1.750612282194197178e-03,4.194413423538208008e-01,-3.576178252696990967e-01,1.917441957630217075e-03,5.766964983195066452e-03,-1.067538629285991192e-03,9.132033446803689003e-04,7.279423996806144714e-03,5.930407904088497162e-03,-5.152570665813982487e-04,-1.146300695836544037e-03,6.601842120289802551e-03
1.976958662271499634e-01,-1.278010457754135132e-01,-1.655963361263275146e-01,3.218573629856109619e-01,-1.260909736156463623e-01,1.116949990391731262e-01,-5.099552124738693237e-02,4.238207824528217316e-03,4.036029577255249023e-01,-3.527110219001770020e-01,1.771989976987242699e-03,5.754043348133563995e-03,-8.294386789202690125e-04,9.046017657965421677e-04,7.222407963126897812e-03,5.918589886277914047e-03,-4.609429743140935898e-04,-1.163737266324460506e-03,6.610774900764226913e-03
1.974253803491592407e-01,-1.316933184862136841e-01,-1.654471158981323242e-01,3.252678513526916504e-01,-1.290034949779510498e-01,1.112272590398788452e-01,-5.256819352507591248e-02,1.067590620368719101e-02,3.869616091251373291e-01,-3.467332720756530762e-01,1.332399318926036358e-03,5.735571496188640594e-03,-6.401359569281339645e-04,8.963287109509110451e-04,7.177617400884628296e-03,5.904808640480041504e-03,-4.182676202617585659e-04,-1.182254985906183720e-03,6.599536165595054626e-03
1.976105570793151855e-01,-1.357794404029846191e-01,-1.656358242034912109e-01,3.297784626483917236e-01,-1.324984580278396606e-01,1.121510416269302368e-01,-5.418150499463081360e-02,1.715666055679321289e-02,3.699141442775726318e-01,-3.425976634025573730e-01,1.355505897663533688e-03,5.732915829867124557e-03,-5.008099251426756382e-04,8.871058817021548748e-04,7.152582053095102310e-03,5.886943545192480087e-03,-3.618874470703303814e-04,-1.202514977194368839e-03,6.584786344319581985e-03
1.980711519718170166e-01,-1.402277946472167969e-01,-1.661578863859176636e-01,3.355941176414489746e-01,-1.367019265890121460e-01,1.122485622763633728e-01,-5.637130513787269592e-02,2.333448082208633423e-02,3.524288833141326904e-01,-3.374996483325958252e-01,1.505385967902839184e-03,5.741896107792854309e-03,-4.073285381309688091e-04,8.788424311205744743e-04,7.112930994480848312e-03,5.863778758794069290e-03,-3.109717799816280603e-04,-1.220692996867001057e-03,6.556124426424503326e-03
1.984646171331405640e-01,-1.449915617704391479e-01,-1.677542924880981445e-01,3.436141610145568848e-01,-1.419551819562911987e-01,1.121955364942550659e-01,-5.915266647934913635e-02,2.921187877655029297e-02,3.342221379280090332e-01,-3.308908045291900635e-01,1.467570546083152294e-03,5.731303244829177856e-03,-3.533199487719684839e-04,8.705760119482874870e-04,7.021541241556406021e-03,5.845443345606327057e-03,-2.704865182749927044e-04,-1.238004653714597225e-03,6.489253602921962738e-03
1.976818889379501343e-01,-1.498816758394241333e-01,-1.704711616039276123e-01,3.537414073944091797e-01,-1.481016278266906738e-01,1.115465238690376282e-01,-6.217154860496520996e-02,3.487439453601837158e-02,3.159309923648834229e-01,-3.267631530761718750e-01,3.515195567160844803e-04,5.713798571377992630e-03,-3.377450630068778992e-04,8.598886197432875633e-04,6.942652631551027298e-03,5.834585987031459808e-03,-2.434866473777219653e-04,-1.252773799933493137e-03,6.452007684856653214e-03
1.970852762460708618e-01,-1.547421663999557495e-01,-1.738507598638534546e-01,3.653946816921234131e-01,-1.549902260303497314e-01,1.123133227229118347e-01,-6.528278440237045288e-02,4.018877819180488586e-02,2.975110113620758057e-01,-3.210493028163909912e-01,-2.934939984697848558e-04,5.698611959815025330e-03,-3.252427268307656050e-04,8.492998895235359669e-04,6.884497590363025665e-03,5.824599880725145340e-03,-2.163798199035227299e-04,-1.269512344151735306e-03,6.431185640394687653e-03
1.973960995674133301e-01,-1.596283912658691406e-01,-1.776388436555862427e-01,3.781245648860931396e-01,-1.624705195426940918e-01,1.148540303111076355e-01,-6.870339810848236084e-02,4.454596340656280518e-02,2.797009944915771484e-01,-3.146435022354125977e-01,2.461979238432832062e-05,5.692013073712587357e-03,-3.066653443966060877e-04,8.395586046390235424e-04,6.836336571723222733e-03,5.810311064124107361e-03,-1.793892006389796734e-04,-1.289830310270190239e-03,6.412088405340909958e-03
1.972090899944305420e-01,-1.642547249794006348e-01,-1.819997578859329224e-01,3.921889066696166992e-01,-1.705406457185745239e-01,1.156749576330184937e-01,-7.262246310710906982e-02,4.770818725228309631e-02,2.677433788776397705e-01,-2.905447781085968018e-01,-1.990622840821743011e-04,5.679828114807605743e-03,-3.021398733835667372e-04,8.314628503285348415e-04,6.791657768189907074e-03,5.805426277220249176e-03,-1.583156554261222482e-04,-1.305890851654112339e-03,6.438523065298795700e-03
1.965081691741943359e-01,-1.666946560144424438e-01,-1.837234646081924438e-01,4.039845764636993408e-01,-1.821363866329193115e-01,1.148295029997825623e-01,-7.545479387044906616e-02,5.020600184798240662e-02,2.699618935585021973e-01,-2.826563715934753418e-01,-9.487023926340043545e-04,5.822059232741594315e-03,-9.871973888948559761e-04,8.360529318451881409e-04,7.907941937446594238e-03,6.216772831976413727e-03,-5.178295541554689407e-04,-1.284269848838448524e-03,8.406011387705802917e-03
1.939326971769332886e-01,-1.647852957248687744e-01,-1.839857697486877441e-01,4.141483306884765625e-01,-2.013052105903625488e-01,1.138847619295120239e-01,-7.564722746610641479e-02,5.714391171932220459e-02,2.666614353656768799e-01,-2.833639681339263916e-01,-9.717123466543853283e-04,6.033380981534719467e-03,-2.358077559620141983e-03,7.906290702521800995e-04,7.812535390257835388e-03,7.541144732385873795e-03,-8.401144295930862427e-04,-1.279550488106906414e-03,8.551750332117080688e-03
1.878919601440429688e-01,-1.601957976818084717e-01,-1.872206628322601318e-01,4.273309707641601562e-01,-2.203829288482666016e-01,1.135806962847709656e-01,-7.503697276115417480e-02,6.469697505235671997e-02,2.590327560901641846e-01,-2.814449071884155273e-01,-7.012288551777601242e-04,6.084251217544078827e-03,-3.363151801750063896e-03,7.420720648951828480e-04,7.597647607326507568e-03,7.960923947393894196e-03,-9.385172743350267410e-04,-1.281670411117374897e-03,8.559641428291797638e-03
1.788260936737060547e-01,-1.537286639213562012e-01,-1.948251873254776001e-01,4.445299804210662842e-01,-2.335522025823593140e-01,1.131067201495170593e-01,-7.421007752418518066e-02,7.120861858129501343e-02,2.495900392532348633e-01,-2.781664431095123291e-01,-7.339881267398595810e-04,6.078101694583892822e-03,-3.918136470019817352e-03,6.768830353394150734e-04,7.356352638453245163e-03,7.966223172843456268e-03,-1.005087862722575665e-03,-1.281217904761433601e-03,8.366237394511699677e-03
1.656069904565811157e-01,-1.456675380468368530e-01,-2.059762030839920044e-01,4.646335542201995850e-01,-2.412532418966293335e-01,1.123911291360855103e-01,-7.345028221607208252e-02,7.672939449548721313e-02,2.387015521526336670e-01,-2.738244235515594482e-01,-9.038312127813696861e-04,6.075883749872446060e-03,-4.136707633733749390e-03,6.272584432736039162e-04,7.201172877103090286e-03,7.970799691975116730e-03,-1.119912602007389069e-03,-1.278580864891409874e-03,8.202318102121353149e-03
1.539961695671081543e-01,-1.369519829750061035e-01,-2.202822417020797729e-01,4.882833063602447510e-01,-2.470618039369583130e-01,1.126096099615097046e-01,-7.292158156633377075e-02,8.040465414524078369e-02,2.287910431623458862e-01,-2.696180939674377441e-01,-3.096859145443886518e-04,6.089295260608196259e-03,-4.172657150775194168e-03,6.282374379225075245e-04,7.021789439022541046e-03,7.959070615470409393e-03,-1.172123360447585583e-03,-1.280643045902252197e-03,7.928190752863883972e-03
1.446740925312042236e-01,-1.277349740266799927e-01,-2.366917729377746582e-01,5.131631493568420410e-01,-2.513307034969329834e-01,1.131379231810569763e-01,-7.254087179899215698e-02,8.249747008085250854e-02,2.207302302122116089e-01,-2.662492096424102783e-01,2.941401617135852575e-04,6.102927029132843018e-03,-4.201162140816450119e-03,6.261597736738622189e-04,6.878680083900690079e-03,7.951065897941589355e-03,-1.198983751237392426e-03,-1.281219301745295525e-03,7.781991735100746155e-03
1.328257471323013306e-01,-1.175411045551300049e-01,-2.545644044876098633e-01,5.379140973091125488e-01,-2.552947700023651123e-01,1.128990054130554199e-01,-7.232396304607391357e-02,8.322171866893768311e-02,2.148006111383438110e-01,-2.640292346477508545e-01,3.835019742837175727e-05,6.094945594668388367e-03,-4.250352736562490463e-03,6.179060437716543674e-04,6.761488039046525955e-03,7.939820177853107452e-03,-1.281774835661053658e-03,-1.277192961424589157e-03,7.599974982440471649e-03
1.252575516700744629e-01,-1.074721142649650574e-01,-2.733345925807952881e-01,5.619157552719116211e-01,-2.615843415260314941e-01,1.129870116710662842e-01,-7.218988984823226929e-02,8.336111158132553101e-02,2.104000449180603027e-01,-2.627022266387939453e-01,4.286391049390658736e-05,6.108114961534738541e-03,-4.285220522433519363e-03,6.106746150180697441e-04,6.699490826576948166e-03,7.939266040921211243e-03,-1.368733472190797329e-03,-1.274848356842994690e-03,7.512591779232025146e-03
1.205830946564674377e-01,-9.744132310152053833e-02,-2.928922176361083984e-01,5.841271877288818359e-01,-2.682461142539978027e-01,1.125970184803009033e-01,-7.201839238405227661e-02,8.297022432088851929e-02,2.077606171369552612e-01,-2.624979019165039062e-01,-3.655769105535000563e-04,6.096771918237209320e-03,-4.332200158387422562e-03,5.978770204819738865e-04,6.625358946621417999e-03,7.942680269479751587e-03,-1.479744445532560349e-03,-1.271066023036837578e-03,7.411794736981391907e-03
1.190862879157066345e-01,-8.764493465423583984e-02,-3.124381899833679199e-01,6.038310527801513672e-01,-2.766417562961578369e-01,1.125224307179450989e-01,-7.184807956218719482e-02,8.216958492994308472e-02,2.070444524288177490e-01,-2.634936273097991943e-01,-4.239761619828641415e-04,6.099511869251728058e-03,-4.373206757009029388e-03,5.868271109648048878e-04,6.591426674276590347e-03,7.939531467854976654e-03,-1.573987421579658985e-03,-1.267635729163885117e-03,7.345903664827346802e-03
1.193576604127883911e-01,-7.878808677196502686e-02,-3.313902616500854492e-01,6.188604235649108887e-01,-2.830102741718292236e-01,1.116236448287963867e-01,-7.176098227500915527e-02,8.169978111982345581e-02,2.071327120065689087e-01,-2.652734220027923584e-01,-1.218581921420991421e-03,6.092024501413106918e-03,-4.419408272951841354e-03,5.714850267395377159e-04,6.573547609150409698e-03,7.959239184856414795e-03,-1.687901793047785759e-03,-1.262726495042443275e-03,7.259555160999298096e-03
1.202042251825332642e-01,-7.095012068748474121e-02,-3.493784964084625244e-01,6.304214596748352051e-01,-2.893466353416442871e-01,1.110063865780830383e-01,-7.183384150266647339e-02,8.114414662122726440e-02,2.081850767135620117e-01,-2.677241265773773193e-01,-1.484660780988633633e-03,6.087131332606077194e-03,-4.486227408051490784e-03,5.612822133116424084e-04,6.575172767043113708e-03,7.965417578816413879e-03,-1.871826243586838245e-03,-1.255097566172480583e-03,7.197911851108074188e-03
1.210531219840049744e-01,-6.443441659212112427e-02,-3.655822277069091797e-01,6.371086835861206055e-01,-2.913501560688018799e-01,1.106724143028259277e-01,-7.219876348972320557e-02,8.020259439945220947e-02,2.105610370635986328e-01,-2.709963619709014893e-01,-1.493384595960378647e-03,6.090405397117137909e-03,-4.518747795373201370e-03,5.576048279181122780e-04,6.547286640852689743e-03,7.963245734572410583e-03,-2.025512279942631721e-03,-1.250685425475239754e-03,7.100289687514305115e-03
1.231207400560379028e-01,-6.035786494612693787e-02,-3.805041313171386719e-01,6.407364606857299805e-01,-2.929507791996002197e-01,1.095641925930976868e-01,-7.287460565567016602e-02,7.989510148763656616e-02,2.126403152942657471e-01,-2.744459509849548340e-01,-2.107097767293453217e-03,6.087024696171283722e-03,-4.559246823191642761e-03,5.506157176569104195e-04,6.564395502209663391e-03,7.997926324605941772e-03,-2.256406005471944809e-03,-1.244390383362770081e-03,7.031918969005346298e-03
1.281812489032745361e-01,-5.883019044995307922e-02,-3.937241435050964355e-01,6.419499516487121582e-01,-2.944427728652954102e-01,1.089140623807907104e-01,-7.376592606306076050e-02,7.965373247861862183e-02,2.152519822120666504e-01,-2.783389687538146973e-01,-2.096421783789992332e-03,6.092474330216646194e-03,-4.591368138790130615e-03,5.464112036861479282e-04,6.562081165611743927e-03,8.013065904378890991e-03,-2.468563849106431007e-03,-1.239804434590041637e-03,6.998398341238498688e-03
1.313959807157516479e-01,-5.847106501460075378e-02,-4.038342237472534180e-01,6.400704383850097656e-01,-2.964164316654205322e-01,1.081221103668212891e-01,-7.483330368995666504e-02,7.962373644113540649e-02,2.184156030416488647e-01,-2.827666401863098145e-01,-2.146856859326362610e-03,6.092519499361515045e-03,-4.624032881110906601e-03,5.419448716565966606e-04,6.557768210768699646e-03,8.022219873964786530e-03,-2.635726239532232285e-03,-1.233928836882114410e-03,6.960178259760141373e-03
1.330549418926239014e-01,-5.940287560224533081e-02,-4.109509885311126709e-01,6.363277435302734375e-01,-2.968117296695709229e-01,1.070819720625877380e-01,-7.611306011676788330e-02,7.957794517278671265e-02,2.226851433515548706e-01,-2.880365550518035889e-01,-2.315727761015295982e-03,6.086945999413728714e-03,-4.656315781176090240e-03,5.378451896831393242e-04,6.559131667017936707e-03,8.039831183850765228e-03,-2.779302652925252914e-03,-1.227757544256746769e-03,6.906977854669094086e-03
1.356354057788848877e-01,-6.217901408672332764e-02,-4.148697853088378906e-01,6.314586400985717773e-01,-2.944949269294738770e-01,1.066886559128761292e-01,-7.763776183128356934e-02,7.992804050445556641e-02,2.273486107587814331e-01,-2.937499284744262695e-01,-1.827349886298179626e-03,6.102053914219141006e-03,-4.684886895120143890e-03,5.388056742958724499e-04,6.554849911481142044e-03,8.046870119869709015e-03,-2.870579017326235771e-03,-1.223250059410929680e-03,6.884828675538301468e-03
1.354575753211975098e-01,-6.568923592567443848e-02,-4.159906506538391113e-01,6.260191202163696289e-01,-2.905093729496002197e-01,1.056344136595726013e-01,-7.928074896335601807e-02,8.000415563583374023e-02,2.333056032657623291e-01,-3.003873825073242188e-01,-2.006248338147997856e-03,6.094199139624834061e-03,-4.715187940746545792e-03,5.351786385290324688e-04,6.527067162096500397e-03,8.058003149926662445e-03,-2.917120931670069695e-03,-1.217110548168420792e-03,6.834721192717552185e-03
1.354659050703048706e-01,-6.993780285120010376e-02,-4.143133163452148438e-01,6.180967688560485840e-01,-2.823295891284942627e-01,1.045507490634918213e-01,-8.073183894157409668e-02,7.994300872087478638e-02,2.402637749910354614e-01,-3.077757358551025391e-01,-2.057722536846995354e-03,6.087692454457283020e-03,-4.747111815959215164e-03,5.333950975909829140e-04,6.499002687633037567e-03,8.081919513642787933e-03,-2.947487169876694679e-03,-1.209343201480805874e-03,6.818200461566448212e-03
1.354635357856750488e-01,-7.459448277950286865e-02,-4.101010859012603760e-01,6.086882352828979492e-01,-2.722387015819549561e-01,1.037039086222648621e-01,-8.192142844200134277e-02,7.959345728158950806e-02,2.485745996236801147e-01,-3.160619437694549561e-01,-1.828326028771698475e-03,6.088681053370237350e-03,-4.773208405822515488e-03,5.328240804374217987e-04,6.461669690907001495e-03,8.085635490715503693e-03,-2.972292713820934296e-03,-1.203231397084891796e-03,6.797492504119873047e-03
1.353385150432586670e-01,-7.933168858289718628e-02,-4.031241536140441895e-01,5.974171161651611328e-01,-2.606246769428253174e-01,1.029009595513343811e-01,-8.289727568626403809e-02,7.886272668838500977e-02,2.588870823383331299e-01,-3.256541490554809570e-01,-1.655038329772651196e-03,6.087178364396095276e-03,-4.794422071427106857e-03,5.314154550433158875e-04,6.413917522877454758e-03,8.082456886768341064e-03,-2.992269815877079964e-03,-1.198119018226861954e-03,6.750027183443307877e-03
1.359999775886535645e-01,-8.404330909252166748e-02,-3.934880495071411133e-01,5.841229557991027832e-01,-2.473331540822982788e-01,1.023017093539237976e-01,-8.370550721883773804e-02,7.781353592872619629e-02,2.713403403759002686e-01,-3.366470932960510254e-01,-1.367681310512125492e-03,6.090621463954448700e-03,-4.814438521862030029e-03,5.300086922943592072e-04,6.372349802404642105e-03,8.079342544078826904e-03,-3.012958215549588203e-03,-1.193540636450052261e-03,6.710647605359554291e-03
1.361541450023651123e-01,-8.814911544322967529e-02,-3.817947208881378174e-01,5.708541870117187500e-01,-2.333485931158065796e-01,1.018152758479118347e-01,-8.441030979156494141e-02,7.660306245088577271e-02,2.858287990093231201e-01,-3.490418493747711182e-01,-1.105878152884542942e-03,6.091539748013019562e-03,-4.834285471588373184e-03,5.275318399071693420e-04,6.331920623779296875e-03,8.068196475505828857e-03,-3.034383524209260941e-03,-1.188401831313967705e-03,6.664708256721496582e-03
1.353716850280761719e-01,-9.096700698137283325e-02,-3.674870729446411133e-01,5.548331141471862793e-01,-2.177310585975646973e-01,1.012744829058647156e-01,-8.503449708223342896e-02,7.562017440795898438e-02,3.017364740371704102e-01,-3.625616729259490967e-01,-1.037193578667938709e-03,6.092265248298645020e-03,-4.854410886764526367e-03,5.268105887807905674e-04,6.296352483332157135e-03,8.062653243541717529e-03,-3.054112195968627930e-03,-1.181864994578063488e-03,6.604708731174468994e-03
1.367360055446624756e-01,-9.193234145641326904e-02,-3.583544790744781494e-01,5.446435213088989258e-01,-1.717459708452224731e-01,1.008221134543418884e-01,-8.607470989227294922e-02,7.476963847875595093e-02,3.186526298522949219e-01,-3.767881691455841064e-01,-9.430709760636091232e-04,6.090457085520029068e-03,-4.823738709092140198e-03,5.194219411350786686e-04,6.333178840577602386e-03,8.025717921555042267e-03,-2.975699957460165024e-03,-1.183677348308265209e-03,6.510107312351465225e-03
1.369225382804870605e-01,-9.530095010995864868e-02,-3.594653606414794922e-01,5.625541806221008301e-01,-1.827101707458496094e-01,9.953512996435165405e-02,-8.999663591384887695e-02,7.480623573064804077e-02,3.314184844493865967e-01,-3.901755809783935547e-01,-5.931720952503383160e-04,6.075196899473667145e-03,-4.725215490907430649e-03,5.181830492801964283e-04,8.184587582945823669e-03,7.921401411294937134e-03,-2.537953900173306465e-03,-1.213034265674650669e-03,7.116785738617181778e-03
1.379467993974685669e-01,-1.002520546317100525e-01,-3.566969037055969238e-01,5.724144577980041504e-01,-1.926833689212799072e-01,1.007047519087791443e-01,-9.588351100683212280e-02,7.325871288776397705e-02,3.431569039821624756e-01,-4.031093418598175049e-01,2.952033537440001965e-04,6.082433741539716721e-03,-4.663440864533185959e-03,5.215790588408708572e-04,8.223404176533222198e-03,7.908796891570091248e-03,-2.138399519026279449e-03,-1.216579694300889969e-03,7.137371227145195007e-03
1.394211649894714355e-01,-1.053716167807579041e-01,-3.518716096878051758e-01,5.757331848144531250e-01,-1.991047561168670654e-01,1.050069332122802734e-01,-1.019541174173355103e-01,6.954867392778396606e-02,3.582999706268310547e-01,-4.157987534999847412e-01,1.237239572219550610e-03,6.080129183828830719e-03,-4.605886992067098618e-03,5.255805444903671741e-04,8.205763995647430420e-03,7.898775860667228699e-03,-2.055449644103646278e-03,-1.220530830323696136e-03,7.147319149225950241e-03
1.404745727777481079e-01,-1.101270243525505066e-01,-3.453700840473175049e-01,5.740355849266052246e-01,-2.026189416646957397e-01,1.105526685714721680e-01,-1.078800410032272339e-01,6.463405489921569824e-02,3.767587542533874512e-01,-4.257368147373199463e-01,1.413581660017371178e-03,6.077648140490055084e-03,-4.556831903755664825e-03,5.286194500513374805e-04,8.199900388717651367e-03,7.892834022641181946e-03,-2.016165759414434433e-03,-1.221641665324568748e-03,7.168490905314683914e-03
1.414221078157424927e-01,-1.142263635993003845e-01,-3.371610343456268311e-01,5.682469010353088379e-01,-2.038757801055908203e-01,1.167591884732246399e-01,-1.139093339443206787e-01,5.948718637228012085e-02,3.974311053752899170e-01,-4.342523217201232910e-01,1.389235607348382473e-03,6.073500495404005051e-03,-4.514076747000217438e-03,5.315669695846736431e-04,8.201226592063903809e-03,7.889456115663051605e-03,-1.982093788683414459e-03,-1.222117105498909950e-03,7.193357218056917191e-03
1.425612419843673706e-01,-1.174060925841331482e-01,-3.273306787014007568e-01,5.590134859085083008e-01,-2.032701820135116577e-01,1.231843233108520508e-01,-1.202258244156837463e-01,5.409556999802589417e-02,4.203518033027648926e-01,-4.390603005886077881e-01,1.460243482142686844e-03,6.068761460483074188e-03,-4.472580738365650177e-03,5.340280476957559586e-04,8.205934427678585052e-03,7.887075655162334442e-03,-1.947760116308927536e-03,-1.222323509864509106e-03,7.225994486361742020e-03
1.436847448348999023e-01,-1.194681301712989807e-01,-3.161481022834777832e-01,5.469973683357238770e-01,-2.011265456676483154e-01,1.287455260753631592e-01,-1.267520040273666382e-01,4.786619171500205994e-02,4.463535845279693604e-01,-4.410771727561950684e-01,1.429597148671746254e-03,6.063998211175203323e-03,-4.432735964655876160e-03,5.334766465239226818e-04,8.200787007808685303e-03,7.884710095822811127e-03,-1.912474166601896286e-03,-1.224251813255250454e-03,7.264192681759595871e-03
1.449233442544937134e-01,-1.204223856329917908e-01,-3.040789067745208740e-01,5.328826308250427246e-01,-1.977753341197967529e-01,1.343163996934890747e-01,-1.334338188171386719e-01,4.175333306193351746e-02,4.719638824462890625e-01,-4.419160783290863037e-01,1.469314331188797951e-03,6.054069846868515015e-03,-4.392998293042182922e-03,5.318754119798541069e-04,8.177218958735466003e-03,7.881973870098590851e-03,-1.878671231679618359e-03,-1.229767687618732452e-03,7.295584306120872498e-03
1.456559151411056519e-01,-1.204683855175971985e-01,-2.914347946643829346e-01,5.168035626411437988e-01,-1.931926608085632324e-01,1.380480825901031494e-01,-1.403462588787078857e-01,3.476308286190032959e-02,4.980506002902984619e-01,-4.448073208332061768e-01,1.148921553976833820e-03,6.047971080988645554e-03,-4.357758443802595139e-03,5.261920741759240627e-04,8.146712556481361389e-03,7.880950346589088440e-03,-1.845551771111786366e-03,-1.234772498719394207e-03,7.321204990148544312e-03
1.458467841148376465e-01,-1.198819875717163086e-01,-2.781116962432861328e-01,4.985627532005310059e-01,-1.872481405735015869e-01,1.413060575723648071e-01,-1.471777558326721191e-01,2.719805389642715454e-02,5.244030356407165527e-01,-4.471243619918823242e-01,6.738756783306598663e-04,6.043896544724702835e-03,-4.321502521634101868e-03,5.157074774615466595e-04,8.117519319057464600e-03,7.878129370510578156e-03,-1.811022171750664711e-03,-1.242379192262887955e-03,7.335178088396787643e-03
1.459475457668304443e-01,-1.187387779355049133e-01,-2.642174065113067627e-01,4.786194860935211182e-01,-1.802779883146286011e-01,1.436966806650161743e-01,-1.538290232419967651e-01,1.909120567142963409e-02,5.491178631782531738e-01,-4.477526247501373291e-01,5.030990578234195709e-04,6.031769327819347382e-03,-4.284306894987821579e-03,5.070741171948611736e-04,8.066494949162006378e-03,7.871463894844055176e-03,-1.777034020051360130e-03,-1.254166360013186932e-03,7.340246345847845078e-03
1.467084735631942749e-01,-1.169887781143188477e-01,-2.501570880413055420e-01,4.576718211174011230e-01,-1.726778447628021240e-01,1.461034417152404785e-01,-1.600036323070526123e-01,9.839383885264396667e-03,5.726334452629089355e-01,-4.467965066432952881e-01,9.971624240279197693e-04,6.017487030476331711e-03,-4.228351172059774399e-03,4.996960051357746124e-04,7.999874651432037354e-03,7.862560451030731201e-03,-1.738719525747001171e-03,-1.271547516807913780e-03,7.338883820921182632e-03
1.472120881080627441e-01,-1.146385669708251953e-01,-2.361953854560852051e-01,4.361919462680816650e-01,-1.646083742380142212e-01,1.461936682462692261e-01,-1.656757146120071411e-01,-1.466576650273054838e-04,5.926755666732788086e-01,-4.458602368831634521e-01,1.110747572965919971e-03,5.998467095196247101e-03,-4.174266010522842407e-03,4.934465978294610977e-04,7.907894439995288849e-03,7.851962000131607056e-03,-1.701156375929713249e-03,-1.288466271944344044e-03,7.337022107094526291e-03
1.480380147695541382e-01,-1.116435825824737549e-01,-2.229445874691009521e-01,4.153733253479003906e-01,-1.567114740610122681e-01,1.451456397771835327e-01,-1.707383543252944946e-01,-1.095013134181499481e-02,6.094099283218383789e-01,-4.428531825542449951e-01,1.422573579475283623e-03,5.975461099296808243e-03,-4.072891548275947571e-03,4.900799831375479698e-04,7.760676089674234390e-03,7.834249176084995270e-03,-1.662872848100960255e-03,-1.307088532485067844e-03,7.316167932003736496e-03
1.487302035093307495e-01,-1.079410612583160400e-01,-2.105740755796432495e-01,3.954412043094635010e-01,-1.490806043148040771e-01,1.429261565208435059e-01,-1.745914369821548462e-01,-2.219133079051971436e-02,6.224034428596496582e-01,-4.386388957500457764e-01,1.471284544095396996e-03,5.951547063887119293e-03,-3.890016814693808556e-03,4.849207180086523294e-04,7.633961737155914307e-03,7.819176651537418365e-03,-1.622964162379503250e-03,-1.325466437265276909e-03,7.312979083508253098e-03
1.494510173797607422e-01,-1.034361422061920166e-01,-1.989463716745376587e-01,3.762847781181335449e-01,-1.416638940572738647e-01,1.408788561820983887e-01,-1.766072660684585571e-01,-3.256774693727493286e-02,6.296691894531250000e-01,-4.356402456760406494e-01,1.495662843808531761e-03,5.929016973823308945e-03,-3.629391314461827278e-03,4.799113376066088676e-04,7.512818556278944016e-03,7.802825886756181717e-03,-1.582105411216616631e-03,-1.345066353678703308e-03,7.315533235669136047e-03
1.508405059576034546e-01,-9.838581085205078125e-02,-1.878264993429183960e-01,3.577307164669036865e-01,-1.344895809888839722e-01,1.393851339817047119e-01,-1.770273149013519287e-01,-4.273935407400131226e-02,6.334524154663085938e-01,-4.320282638072967529e-01,2.017155755311250687e-03,5.924867466092109680e-03,-3.236425342038273811e-03,4.744171455968171358e-04,7.429889403283596039e-03,7.782826665788888931e-03,-1.534546725451946259e-03,-1.365724485367536545e-03,7.306032348424196243e-03
1.514637917280197144e-01,-9.332688897848129272e-02,-1.766450256109237671e-01,3.391939699649810791e-01,-1.272259056568145752e-01,1.356423944234848022e-01,-1.767270267009735107e-01,-5.145677551627159119e-02,6.318802237510681152e-01,-4.281999170780181885e-01,1.664421171881258488e-03,5.915163084864616394e-03,-2.814997220411896706e-03,4.669975314754992723e-04,7.401625160127878189e-03,7.761355955153703690e-03,-1.490050461143255234e-03,-1.387355034239590168e-03,7.291374728083610535e-03
1.523419618606567383e-01,-8.828514814376831055e-02,-1.657333523035049438e-01,3.213311731815338135e-01,-1.202849522233009338e-01,1.324028521776199341e-01,-1.756570637226104736e-01,-5.850245058536529541e-02,6.261160373687744141e-01,-4.234890043735504150e-01,1.610681181773543358e-03,5.904276389628648758e-03,-2.367217792198061943e-03,4.609827592503279448e-04,7.322326768189668655e-03,7.734161335974931717e-03,-1.440172898583114147e-03,-1.408615265972912312e-03,7.262853439897298813e-03
1.527445167303085327e-01,-8.335573971271514893e-02,-1.551822572946548462e-01,3.039955198764801025e-01,-1.135172471404075623e-01,1.275538355112075806e-01,-1.736128032207489014e-01,-6.472574174404144287e-02,6.183806657791137695e-01,-4.176715910434722900e-01,1.136344275437295437e-03,5.887166131287813187e-03,-1.886552548967301846e-03,4.544328257907181978e-04,7.280707824975252151e-03,7.712958846241235733e-03,-1.388700911775231361e-03,-1.432727905921638012e-03,7.240240927785634995e-03
1.526137292385101318e-01,-7.879927009344100952e-02,-1.447777748107910156e-01,2.867523133754730225e-01,-1.066843122243881226e-01,1.213847696781158447e-01,-1.707743704319000244e-01,-6.958942860364913940e-02,6.085710525512695312e-01,-4.102807343006134033e-01,3.392684739083051682e-04,5.870006978511810303e-03,-1.450178562663495541e-03,4.477586771827191114e-04,7.254158612340688705e-03,7.692506071180105209e-03,-1.331027946434915066e-03,-1.454809098504483700e-03,7.182736881077289581e-03
1.532763838768005371e-01,-7.474271953105926514e-02,-1.348342597484588623e-01,2.701977193355560303e-01,-1.001949682831764221e-01,1.172177419066429138e-01,-1.672886162996292114e-01,-7.275216281414031982e-02,5.969173312187194824e-01,-4.035449922084808350e-01,4.497367772273719311e-04,5.871485918760299683e-03,-1.021931995637714863e-03,4.426006926223635674e-04,7.202305831015110016e-03,7.643172517418861389e-03,-1.262563047930598259e-03,-1.464461558498442173e-03,7.103564683347940445e-03
1.535534709692001343e-01,-7.126291841268539429e-02,-1.251432001590728760e-01,2.540136277675628662e-01,-9.383153915405273438e-02,1.109315231442451477e-01,-1.631029695272445679e-01,-7.465690374374389648e-02,5.829527974128723145e-01,-3.957616388797760010e-01,2.045289584202691913e-04,5.882451310753822327e-03,-6.278137443587183952e-04,4.364595515653491020e-04,7.177603431046009064e-03,7.621169090270996094e-03,-1.192638766951858997e-03,-1.477277022786438465e-03,7.060674950480461121e-03
1.546306312084197998e-01,-6.820413470268249512e-02,-1.159102916717529297e-01,2.384944111108779907e-01,-8.779870718717575073e-02,1.058576256036758423e-01,-1.579352319240570068e-01,-7.530044019222259521e-02,5.682644844055175781e-01,-3.876110315322875977e-01,7.114760228432714939e-04,5.919323768466711044e-03,-1.701742876321077347e-04,4.306906776037067175e-04,7.119424641132354736e-03,7.560668513178825378e-03,-1.109765376895666122e-03,-1.478341175243258476e-03,7.008709479123353958e-03
1.550614237785339355e-01,-6.590397655963897705e-02,-1.076787263154983521e-01,2.243522554636001587e-01,-8.230011165142059326e-02,9.813763201236724854e-02,-1.524496376514434814e-01,-7.528579235076904297e-02,5.522183775901794434e-01,-3.789119124412536621e-01,5.268384702503681183e-04,5.944600794464349747e-03,2.371387527091428638e-04,4.234098305460065603e-04,7.083528209477663040e-03,7.519578095525503159e-03,-1.021016738377511501e-03,-1.476072357036173344e-03,6.843958981335163116e-03
1.554195731878280640e-01,-6.450589001178741455e-02,-1.006835773587226868e-01,2.120091766119003296e-01,-7.759237289428710938e-02,9.211210906505584717e-02,-1.471821516752243042e-01,-7.335028052330017090e-02,5.346010327339172363e-01,-3.722637891769409180e-01,3.367321623954921961e-04,5.952696781605482101e-03,5.942893913015723228e-04,4.143368569202721119e-04,7.049101870507001877e-03,7.467028219252824783e-03,-8.916406659409403801e-04,-1.467537484131753445e-03,6.677760742604732513e-03
1.555196642875671387e-01,-6.394009292125701904e-02,-9.567376971244812012e-02,2.028705626726150513e-01,-7.433957606554031372e-02,8.732990920543670654e-02,-1.422625780105590820e-01,-6.933419406414031982e-02,5.144202709197998047e-01,-3.654790222644805908e-01,4.744505713460966945e-05,5.942933727055788040e-03,8.751521818339824677e-04,4.058741033077239990e-04,6.990218069404363632e-03,7.424199953675270081e-03,-7.787651848047971725e-04,-1.457722391933202744e-03,6.489775143563747406e-03
1.558750420808792114e-01,-6.403784453868865967e-02,-9.270402044057846069e-02,1.971802413463592529e-01,-7.274278253316879272e-02,8.396149426698684692e-02,-1.372909247875213623e-01,-6.391939520835876465e-02,4.928389787673950195e-01,-3.563154339790344238e-01,8.120635902741923928e-05,5.952795967459678650e-03,1.138285268098115921e-03,3.983119968324899673e-04,6.935695651918649673e-03,7.366008125245571136e-03,-6.731784669682383537e-04,-1.443401561118662357e-03,6.411884445697069168e-03
1.553767919540405273e-01,-6.480384618043899536e-02,-9.133075177669525146e-02,1.945870071649551392e-01,-7.258683443069458008e-02,7.931900769472122192e-02,-1.324147284030914307e-01,-5.634159594774246216e-02,4.680450558662414551e-01,-3.463372886180877686e-01,-6.337285740301012993e-04,5.948386620730161667e-03,1.292752684094011784e-03,3.898931609001010656e-04,6.925559602677822113e-03,7.346529513597488403e-03,-5.627003265544772148e-04,-1.437314320355653763e-03,6.348750088363885880e-03
1.553287357091903687e-01,-6.640888005495071411e-02,-9.119336307048797607e-02,1.947551518678665161e-01,-7.387748360633850098e-02,7.627324759960174561e-02,-1.280014365911483765e-01,-4.664063826203346252e-02,4.408168494701385498e-01,-3.373049497604370117e-01,-7.183804409578442574e-04,5.958267021924257278e-03,1.363339601084589958e-03,3.815411182586103678e-04,6.918685976415872574e-03,7.289096713066101074e-03,-3.891088417731225491e-04,-1.420740736648440361e-03,6.249106023460626602e-03
1.560930609703063965e-01,-6.910338252782821655e-02,-9.136898070573806763e-02,1.964008510112762451e-01,-7.604943960905075073e-02,7.485257834196090698e-02,-1.242949515581130981e-01,-3.589291498064994812e-02,4.132338464260101318e-01,-3.268050551414489746e-01,-1.370610552839934826e-04,6.039205007255077362e-03,1.457779319025576115e-03,3.729496675077825785e-04,6.921679712831974030e-03,7.061337586492300034e-03,-4.561288733384571970e-05,-1.387163298204541206e-03,6.176065653562545776e-03
1.563990265130996704e-01,-7.298519462347030640e-02,-9.227670729160308838e-02,2.004140168428421021e-01,-7.946579158306121826e-02,7.262133061885833740e-02,-1.215663924813270569e-01,-2.410604245960712433e-02,3.843983113765716553e-01,-3.161303400993347168e-01,-1.463334774598479271e-04,6.082797423005104065e-03,1.526853535324335098e-03,3.636340843513607979e-04,6.926295347511768341e-03,6.744063459336757660e-03,3.993927675765007734e-04,-1.346077304333448410e-03,6.017636973410844803e-03
1.559001207351684570e-01,-7.786408066749572754e-02,-9.518094360828399658e-02,2.085752040147781372e-01,-8.489544689655303955e-02,7.009273022413253784e-02,-1.196936070919036865e-01,-1.224602200090885162e-02,3.559787869453430176e-01,-3.039044737815856934e-01,-7.541553932242095470e-04,6.061096675693988800e-03,1.569931511767208576e-03,3.543988568708300591e-04,6.841826718300580978e-03,6.631795316934585571e-03,7.768240757286548615e-04,-1.271970453672111034e-03,5.659381393343210220e-03
1.556018441915512085e-01,-8.363140374422073364e-02,-9.983878582715988159e-02,2.202294766902923584e-01,-9.205118566751480103e-02,6.925614178180694580e-02,-1.186789125204086304e-01,-7.661369745619595051e-04,3.279651999473571777e-01,-2.905744910240173340e-01,-8.933346834965050220e-04,6.047555711120367050e-03,1.621282775886356831e-03,3.446925838943570852e-04,6.786427460610866547e-03,6.608776748180389404e-03,1.015809364616870880e-03,-1.224703504703938961e-03,5.507708992809057236e-03
1.550761610269546509e-01,-9.007219970226287842e-02,-1.061575561761856079e-01,2.351940572261810303e-01,-1.008065342903137207e-01,6.790114194154739380e-02,-1.184552535414695740e-01,9.621809236705303192e-03,3.002217113971710205e-01,-2.773088812828063965e-01,-1.076438114978373051e-03,6.036189850419759750e-03,1.673119724728167057e-03,3.344946308061480522e-04,6.703794468194246292e-03,6.592439953237771988e-03,1.113964011892676353e-03,-1.208640635013580322e-03,5.429850891232490540e-03
1.544554680585861206e-01,-9.688442200422286987e-02,-1.138574108481407166e-01,2.530640363693237305e-01,-1.109791770577430725e-01,6.720039248466491699e-02,-1.187090650200843811e-01,1.852044463157653809e-02,2.745669186115264893e-01,-2.654396295547485352e-01,-1.200210535898804665e-03,6.020113825798034668e-03,1.729148672893643379e-03,3.246722044423222542e-04,6.630474701523780823e-03,6.579452194273471832e-03,1.173248048871755600e-03,-1.201344071887433529e-03,5.379313603043556213e-03
1.536109298467636108e-01,-1.037492454051971436e-01,-1.227477788925170898e-01,2.735470831394195557e-01,-1.223060861229896545e-01,6.717958301305770874e-02,-1.199496090412139893e-01,2.561954036355018616e-02,2.533013820648193359e-01,-2.591246366500854492e-01,-1.342453644610941410e-03,5.983656737953424454e-03,1.717997249215841293e-03,3.223025996703654528e-04,6.636870559304952621e-03,6.571678444743156433e-03,1.148211071267724037e-03,-1.197099569253623486e-03,5.472641438245773315e-03
1.476591378450393677e-01,-1.062538474798202515e-01,-1.243265047669410706e-01,2.903437912464141846e-01,-1.491959244012832642e-01,6.431134790182113647e-02,-1.237825006246566772e-01,3.228270262479782104e-02,2.535270750522613525e-01,-2.609125077724456787e-01,-4.045929759740829468e-03,6.262126378715038300e-03,-1.014215871691703796e-03,2.982253790833055973e-04,9.340140037238597870e-03,8.173502050340175629e-03,-4.259316774550825357e-04,-1.156727317720651627e-03,9.638541378080844879e-03
1.407797485589981079e-01,-1.043145880103111267e-01,-1.274985074996948242e-01,3.110059797763824463e-01,-1.750110536813735962e-01,6.326535344123840332e-02,-1.251537948846817017e-01,4.584088921546936035e-02,2.387774437665939331e-01,-2.566311359405517578e-01,-3.092101309448480606e-03,6.264108233153820038e-03,-3.472381271421909332e-03,2.502322604414075613e-04,8.708288893103599548e-03,9.558591991662979126e-03,-1.263109967112541199e-03,-1.154525903984904289e-03,9.710461832582950592e-03
1.276728361845016479e-01,-9.980629384517669678e-02,-1.346898525953292847e-01,3.345368504524230957e-01,-1.939896345138549805e-01,6.281666457653045654e-02,-1.254326850175857544e-01,5.800174921751022339e-02,2.219658344984054565e-01,-2.507520020008087158e-01,-2.151759807020425797e-03,6.249083671718835831e-03,-5.008752923458814621e-03,1.488417037762701511e-04,7.523025851696729660e-03,9.578600525856018066e-03,-1.526950509287416935e-03,-1.152119250036776066e-03,9.495626203715801239e-03
1.187344193458557129e-01,-9.438925981521606445e-02,-1.467749923467636108e-01,3.616649508476257324e-01,-2.065619975328445435e-01,6.307985633611679077e-02,-1.250192970037460327e-01,6.774994730949401855e-02,2.058896571397781372e-01,-2.447052001953125000e-01,-8.343812078237533569e-04,6.243342533707618713e-03,-5.684318020939826965e-03,2.882633089029695839e-05,6.453346926718950272e-03,9.556296281516551971e-03,-1.551666297018527985e-03,-1.154206111095845699e-03,9.126783348619937897e-03
1.124941855669021606e-01,-8.807151764631271362e-02,-1.625712364912033081e-01,3.900164961814880371e-01,-2.166274935007095337e-01,6.340562552213668823e-02,-1.240438446402549744e-01,7.466655224561691284e-02,1.924169063568115234e-01,-2.396409958600997925e-01,2.198967849835753441e-04,6.230404134839773178e-03,-5.776641424745321274e-03,-1.442186203348683193e-05,5.696690641343593597e-03,9.539265185594558716e-03,-1.576226903125643730e-03,-1.154568977653980255e-03,8.698889054358005524e-03
1.089559644460678101e-01,-8.099091798067092896e-02,-1.813083291053771973e-01,4.202125966548919678e-01,-2.283522337675094604e-01,6.375578045845031738e-02,-1.224802881479263306e-01,8.007261157035827637e-02,1.806654185056686401e-01,-2.353441566228866577e-01,9.472675155848264694e-04,6.225069053471088409e-03,-5.804661195725202560e-03,-1.054670065059326589e-05,5.523413885384798050e-03,9.528208523988723755e-03,-1.604440156370401382e-03,-1.154280616901814938e-03,8.553260006010532379e-03
1.067128032445907593e-01,-7.318679988384246826e-02,-2.022962719202041626e-01,4.523041248321533203e-01,-2.402639985084533691e-01,6.407961994409561157e-02,-1.204304844141006470e-01,8.437316119670867920e-02,1.708741188049316406e-01,-2.320792526006698608e-01,1.331537496298551559e-03,6.220280658453702927e-03,-5.835445597767829895e-03,-1.078521654562791809e-05,5.461981520056724548e-03,9.519008919596672058e-03,-1.635383814573287964e-03,-1.152428216300904751e-03,8.414563722908496857e-03
1.043040901422500610e-01,-6.509962677955627441e-02,-2.250173985958099365e-01,4.858606457710266113e-01,-2.522237896919250488e-01,6.430069357156753540e-02,-1.181822568178176880e-01,8.735647797584533691e-02,1.638566851615905762e-01,-2.303016334772109985e-01,1.355788088403642178e-03,6.215837318450212479e-03,-5.868912208825349808e-03,-1.384085226163733751e-05,5.435583181679248810e-03,9.504680521786212921e-03,-1.668982440605759621e-03,-1.149134477600455284e-03,8.252740837633609772e-03
1.014709249138832092e-01,-5.688613653182983398e-02,-2.491929531097412109e-01,5.199932456016540527e-01,-2.638035714626312256e-01,6.405873596668243408e-02,-1.156941428780555725e-01,8.899001032114028931e-02,1.600609123706817627e-01,-2.303102463483810425e-01,8.502539130859076977e-04,6.207233294844627380e-03,-5.910909269005060196e-03,-2.084853440464939922e-05,5.394419655203819275e-03,9.493467397987842560e-03,-1.704977825284004211e-03,-1.143862609751522541e-03,8.131821639835834503e-03
1.000000685453414917e-01,-4.931855574250221252e-02,-2.745212018489837646e-01,5.524821877479553223e-01,-2.703407108783721924e-01,6.382910907268524170e-02,-1.131719276309013367e-01,8.911249041557312012e-02,1.597360968589782715e-01,-2.321989983320236206e-01,4.193612548988312483e-04,6.201436277478933334e-03,-5.952618084847927094e-03,-3.035088593605905771e-05,5.404244177043437958e-03,9.481681510806083679e-03,-1.750278635881841183e-03,-1.138549298048019409e-03,7.939917966723442078e-03
9.833114594221115112e-02,-4.256494343280792236e-02,-3.001303374767303467e-01,5.827596187591552734e-01,-2.797360420227050781e-01,6.368614733219146729e-02,-1.108718141913414001e-01,8.857346326112747192e-02,1.615864336490631104e-01,-2.353650778532028198e-01,1.144032794400118291e-04,6.198272574692964554e-03,-5.997178144752979279e-03,-3.994861253886483610e-05,5.455760750919580460e-03,9.472504258155822754e-03,-1.808193512260913849e-03,-1.132964622229337692e-03,7.807618472725152969e-03
9.656446427106857300e-02,-3.683368489146232605e-02,-3.261993229389190674e-01,6.105548739433288574e-01,-2.888067066669464111e-01,6.312510371208190918e-02,-1.088115274906158447e-01,8.780235052108764648e-02,1.647469699382781982e-01,-2.394297569990158081e-01,-5.298533360473811626e-04,6.192890461534261703e-03,-6.042708177119493484e-03,-4.904504385194741189e-05,5.502213258296251297e-03,9.462107904255390167e-03,-1.895199762657284737e-03,-1.127016614191234112e-03,7.685753051191568375e-03
9.657243639230728149e-02,-3.256592154502868652e-02,-3.525993824005126953e-01,6.346579790115356445e-01,-2.963548600673675537e-01,6.205597892403602600e-02,-1.068677008152008057e-01,8.685102313756942749e-02,1.689921766519546509e-01,-2.442717999219894409e-01,-1.443985267542302608e-03,6.183953024446964264e-03,-6.084433291107416153e-03,-6.044860492693260312e-05,5.535000935196876526e-03,9.461343288421630859e-03,-2.010067692026495934e-03,-1.121181529015302658e-03,7.582301739603281021e-03
9.915618598461151123e-02,-2.955380268394947052e-02,-3.779783546924591064e-01,6.534323096275329590e-01,-3.013608753681182861e-01,6.178148463368415833e-02,-1.049211174249649048e-01,8.555177599191665649e-02,1.744692176580429077e-01,-2.498573362827301025e-01,-1.415232312865555286e-03,6.183564197272062302e-03,-6.112871225923299789e-03,-6.530900282086804509e-05,5.565911531448364258e-03,9.455639868974685669e-03,-2.065027598291635513e-03,-1.117435866035521030e-03,7.522482424974441528e-03
1.019598767161369324e-01,-2.805471979081630707e-02,-4.020348787307739258e-01,6.674399971961975098e-01,-3.056268692016601562e-01,6.131302937865257263e-02,-1.031097024679183960e-01,8.443550020456314087e-02,1.802771687507629395e-01,-2.558317780494689941e-01,-1.592281623743474483e-03,6.184095051139593124e-03,-6.141938269138336182e-03,-6.990101974224671721e-05,5.604819860309362411e-03,9.448766708374023438e-03,-2.117383293807506561e-03,-1.112704630941152573e-03,7.437080144882202148e-03
1.041390001773834229e-01,-2.844428271055221558e-02,-4.247146546840667725e-01,6.767818331718444824e-01,-3.064217865467071533e-01,5.969308689236640930e-02,-1.014544293284416199e-01,8.369772136211395264e-02,1.861320883035659790e-01,-2.621429562568664551e-01,-2.645145868882536888e-03,6.173687987029552460e-03,-6.176228169351816177e-03,-7.944030221551656723e-05,5.643543321639299393e-03,9.461499750614166260e-03,-2.215728163719177246e-03,-1.106850337237119675e-03,7.350442931056022644e-03
1.083629056811332703e-01,-3.030194714665412903e-02,-4.449563324451446533e-01,6.815406680107116699e-01,-3.059535622596740723e-01,5.892228335142135620e-02,-9.966218471527099609e-02,8.283989131450653076e-02,1.929065585136413574e-01,-2.690733671188354492e-01,-2.596014412119984627e-03,6.174636539071798325e-03,-6.199318915605545044e-03,-8.287027594633400440e-05,5.666189827024936676e-03,9.463762864470481873e-03,-2.264806767925620079e-03,-1.103088026866316795e-03,7.326962891966104507e-03
1.133162751793861389e-01,-3.323283046483993530e-02,-4.626207351684570312e-01,6.835803389549255371e-01,-3.038701415061950684e-01,5.863830447196960449e-02,-9.766785055398941040e-02,8.247269690036773682e-02,1.995884776115417480e-01,-2.761722803115844727e-01,-2.162466989830136299e-03,6.186177488416433334e-03,-6.220869254320859909e-03,-8.134780364343896508e-05,5.688952747732400894e-03,9.462543763220310211e-03,-2.294305944815278053e-03,-1.101015950553119183e-03,7.308566011488437653e-03
1.154574751853942871e-01,-3.670272231101989746e-02,-4.771207273006439209e-01,6.828345060348510742e-01,-3.006894588470458984e-01,5.796459317207336426e-02,-9.572073072195053101e-02,8.226965367794036865e-02,2.065028548240661621e-01,-2.836110293865203857e-01,-2.160930074751377106e-03,6.189286708831787109e-03,-6.244230549782514572e-03,-8.213473483920097351e-05,5.722140427678823471e-03,9.456490166485309601e-03,-2.329825423657894135e-03,-1.098368200473487377e-03,7.245093584060668945e-03
1.176169812679290771e-01,-4.163821414113044739e-02,-4.889667928218841553e-01,6.807074546813964844e-01,-2.949447333812713623e-01,5.762109532952308655e-02,-9.382054209709167480e-02,8.219984918832778931e-02,2.134546339511871338e-01,-2.912357449531555176e-01,-1.908922567963600159e-03,6.202929653227329254e-03,-6.265469826757907867e-03,-7.978382927831262350e-05,5.733312573283910751e-03,9.454183280467987061e-03,-2.358215628191828728e-03,-1.097751199267804623e-03,7.209968287497758865e-03
1.217229664325714111e-01,-4.836014285683631897e-02,-4.981532394886016846e-01,6.772569417953491211e-01,-2.864401936531066895e-01,5.785294622182846069e-02,-9.176050871610641479e-02,8.232707530260086060e-02,2.203318327665328979e-01,-2.989611923694610596e-01,-1.257729949429631233e-03,6.224661134183406830e-03,-6.283493246883153915e-03,-7.416756125167012215e-05,5.732796154916286469e-03,9.452352300286293030e-03,-2.384424442425370216e-03,-1.097637112252414227e-03,7.204465568065643311e-03
1.237646043300628662e-01,-5.615742877125740051e-02,-5.039909482002258301e-01,6.709994077682495117e-01,-2.756186723709106445e-01,5.711403116583824158e-02,-8.974862098693847656e-02,8.249197900295257568e-02,2.274343073368072510e-01,-3.070580959320068359e-01,-1.578272553160786629e-03,6.225116550922393799e-03,-6.307797040790319443e-03,-7.332514360314235091e-05,5.751411896198987961e-03,9.454473853111267090e-03,-2.414998598396778107e-03,-1.094726147130131721e-03,7.141862064599990845e-03
1.257535666227340698e-01,-6.541855633258819580e-02,-5.068926811218261719e-01,6.643642187118530273e-01,-2.658326327800750732e-01,5.577797815203666687e-02,-8.763334155082702637e-02,8.338801562786102295e-02,2.338356375694274902e-01,-3.150993883609771729e-01,-2.240018686279654503e-03,6.223465781658887863e-03,-6.335079204291105270e-03,-7.645187724847346544e-05,5.769163835793733597e-03,9.480375796556472778e-03,-2.446219092234969139e-03,-1.090233447030186653e-03,7.130172569304704666e-03
1.289056390523910522e-01,-7.522321492433547974e-02,-5.065948367118835449e-01,6.573955416679382324e-01,-2.539032399654388428e-01,5.519937351346015930e-02,-8.517678081989288330e-02,8.489509671926498413e-02,2.397187501192092896e-01,-3.230834901332855225e-01,-2.006146125495433807e-03,6.233709398657083511e-03,-6.356884259730577469e-03,-7.421085319947451353e-05,5.769183859229087830e-03,9.487366303801536560e-03,-2.476040041074156761e-03,-1.084929914213716984e-03,7.130974903702735901e-03
1.300699710845947266e-01,-8.411414176225662231e-02,-5.026710033416748047e-01,6.478984355926513672e-01,-2.429837882518768311e-01,5.524332821369171143e-02,-8.252134919166564941e-02,8.593394607305526733e-02,2.467747330665588379e-01,-3.317658305168151855e-01,-1.263229758478701115e-03,6.242163013666868210e-03,-6.371117662638425827e-03,-6.911445234436541796e-05,5.752553697675466537e-03,9.481930173933506012e-03,-2.502090297639369965e-03,-1.080128597095608711e-03,7.089208345860242844e-03
1.299661397933959961e-01,-9.287418425083160400e-02,-4.957882463932037354e-01,6.366004943847656250e-01,-2.301180660724639893e-01,5.492321401834487915e-02,-7.981704920530319214e-02,8.678306639194488525e-02,2.550660073757171631e-01,-3.413837850093841553e-01,-1.071489881724119186e-03,6.249553523957729340e-03,-6.384567357599735260e-03,-6.436451803892850876e-05,5.747012794017791748e-03,9.472413919866085052e-03,-2.524995943531394005e-03,-1.075227744877338409e-03,7.046048529446125031e-03
1.312572211027145386e-01,-1.014768630266189575e-01,-4.861530065536499023e-01,6.238352656364440918e-01,-2.187334895133972168e-01,5.501996353268623352e-02,-7.694546133279800415e-02,8.718014508485794067e-02,2.651519179344177246e-01,-3.521525859832763672e-01,-5.660187453031539917e-04,6.260827649384737015e-03,-6.393483374267816544e-03,-5.896721995668485761e-05,5.726460367441177368e-03,9.464785456657409668e-03,-2.545488066971302032e-03,-1.071230391971766949e-03,7.013596128672361374e-03
1.317937374114990234e-01,-1.088213771581649780e-01,-4.740187823772430420e-01,6.101976037025451660e-01,-2.049388140439987183e-01,5.490132421255111694e-02,-7.399274408817291260e-02,8.725244551897048950e-02,2.771882414817810059e-01,-3.642641901969909668e-01,-4.438674077391624451e-04,6.262545473873615265e-03,-6.401567254215478897e-03,-5.583053643931634724e-05,5.732601508498191833e-03,9.435167536139488220e-03,-2.565464470535516739e-03,-1.066699856892228127e-03,6.963633000850677490e-03
1.314482092857360840e-01,-1.143317520618438721e-01,-4.594381153583526611e-01,5.958470702171325684e-01,-1.878323107957839966e-01,5.488714948296546936e-02,-7.101442664861679077e-02,8.765383064746856689e-02,2.902407348155975342e-01,-3.772810697555541992e-01,-3.212369338143616915e-04,6.271766498684883118e-03,-6.412321701645851135e-03,-5.152979792910628021e-05,5.736484192311763763e-03,9.430080652236938477e-03,-2.587217371910810471e-03,-1.059999805875122547e-03,6.937472615391016006e-03
1.314321458339691162e-01,-1.182972490787506104e-01,-4.430040121078491211e-01,5.806021094322204590e-01,-1.695108264684677124e-01,5.511249601840972900e-02,-6.817425042390823364e-02,8.816462755203247070e-02,3.043421804904937744e-01,-3.911515474319458008e-01,-1.286576007260009646e-04,6.281388923525810242e-03,-6.421035155653953552e-03,-4.550688390736468136e-05,5.738061387091875076e-03,9.420886635780334473e-03,-2.608695300295948982e-03,-1.054064603522419930e-03,6.873245351016521454e-03
1.321345716714859009e-01,-1.205385029315948486e-01,-4.249427616596221924e-01,5.645547509193420410e-01,-1.538781672716140747e-01,5.623006075620651245e-02,-6.560057401657104492e-02,8.884207159280776978e-02,3.192346990108489990e-01,-4.056839346885681152e-01,7.536087068729102612e-04,6.300983950495719910e-03,-6.430238485336303711e-03,-3.670959631563164294e-05,5.740513559430837631e-03,9.418052621185779572e-03,-2.632793271914124489e-03,-1.048060483299195766e-03,6.833356339484453201e-03
1.319751441478729248e-01,-1.200023666024208069e-01,-4.158345460891723633e-01,5.620639324188232422e-01,-1.399329751729965210e-01,5.618321895599365234e-02,-6.391362845897674561e-02,9.024956077337265015e-02,3.330602943897247314e-01,-4.194793701171875000e-01,-1.290932850679382682e-04,6.235102657228708267e-03,-6.311115343123674393e-03,-3.813311923295259476e-05,6.697405595332384109e-03,9.243733249604701996e-03,-2.477969275787472725e-03,-1.071801059879362583e-03,7.123426999896764755e-03
1.336280405521392822e-01,-1.221000105142593384e-01,-4.150531589984893799e-01,5.785495042800903320e-01,-1.549237519502639771e-01,5.790727958083152771e-02,-6.804507970809936523e-02,9.196536988019943237e-02,3.422656655311584473e-01,-4.261792898178100586e-01,8.156675030477344990e-04,6.268484983593225479e-03,-6.235890090465545654e-03,-4.496893961913883686e-05,8.658103644847869873e-03,9.193163365125656128e-03,-2.105214633047580719e-03,-1.085909083485603333e-03,7.435261737555265427e-03
1.353091597557067871e-01,-1.254034936428070068e-01,-4.105231463909149170e-01,5.851498246192932129e-01,-1.644611358642578125e-01,6.415122747421264648e-02,-7.452201843261718750e-02,9.186049550771713257e-02,3.531061708927154541e-01,-4.301866590976715088e-01,1.267053768970072269e-03,6.278889719396829605e-03,-6.173602771013975143e-03,-4.217334935674443841e-05,8.656877093017101288e-03,9.143358096480369568e-03,-2.035198034718632698e-03,-1.081706141121685505e-03,7.458952255547046661e-03
1.364598125219345093e-01,-1.287556886672973633e-01,-4.028953015804290771e-01,5.853800177574157715e-01,-1.707297563552856445e-01,7.100895047187805176e-02,-8.239948749542236328e-02,9.135143458843231201e-02,3.671188354492187500e-01,-4.353906214237213135e-01,9.933908004313707352e-04,6.282369140535593033e-03,-6.123392377048730850e-03,-3.917926369467750192e-05,8.642004802823066711e-03,9.117149747908115387e-03,-2.001016866415739059e-03,-1.076423330232501030e-03,7.488803006708621979e-03
1.377253830432891846e-01,-1.315177083015441895e-01,-3.929553329944610596e-01,5.811262726783752441e-01,-1.746317148208618164e-01,7.799594104290008545e-02,-9.103956818580627441e-02,9.029749780893325806e-02,3.842053115367889404e-01,-4.410640597343444824e-01,8.016333449631929398e-04,6.278859917074441910e-03,-6.076312623918056488e-03,-3.603399090934544802e-05,8.636889047920703888e-03,9.098805487155914307e-03,-1.969906268641352654e-03,-1.073058694601058960e-03,7.514764554798603058e-03
1.389165967702865601e-01,-1.334073245525360107e-01,-3.813348114490509033e-01,5.733079910278320312e-01,-1.765718311071395874e-01,8.474264293909072876e-02,-1.001181229948997498e-01,8.859399706125259399e-02,4.038068056106567383e-01,-4.471898078918457031e-01,6.249863072298467159e-04,6.268195342272520065e-03,-6.032145582139492035e-03,-3.723523695953190327e-05,8.634717203676700592e-03,9.092488326132297516e-03,-1.938141998834908009e-03,-1.070470898412168026e-03,7.548719644546508789e-03
1.401135623455047607e-01,-1.341556906700134277e-01,-3.684926331043243408e-01,5.625701546669006348e-01,-1.768337786197662354e-01,9.085634350776672363e-02,-1.092982292175292969e-01,8.604288101196289062e-02,4.248430728912353516e-01,-4.512962400913238525e-01,5.615405389107763767e-04,6.261239293962717056e-03,-5.984700750559568405e-03,-4.017723404103890061e-05,8.609439246356487274e-03,9.082061238586902618e-03,-1.904426724649965763e-03,-1.072090584784746170e-03,7.576966658234596252e-03
1.414321064949035645e-01,-1.338953226804733276e-01,-3.548192381858825684e-01,5.493178963661193848e-01,-1.755838841199874878e-01,9.781020879745483398e-02,-1.182405203580856323e-01,8.232200890779495239e-02,4.480768144130706787e-01,-4.568050503730773926e-01,6.150515982881188393e-04,6.254740525037050247e-03,-5.929986014962196350e-03,-4.767419886775314808e-05,8.578692562878131866e-03,9.066290222108364105e-03,-1.867212587967514992e-03,-1.078773289918899536e-03,7.599219214171171188e-03
1.423078477382659912e-01,-1.329382658004760742e-01,-3.407037258148193359e-01,5.340378880500793457e-01,-1.729786396026611328e-01,1.039869263768196106e-01,-1.269919574260711670e-01,7.718906551599502563e-02,4.724829196929931641e-01,-4.633528590202331543e-01,4.342092142906039953e-04,6.241498515009880066e-03,-5.882007069885730743e-03,-5.688419696525670588e-05,8.512552827596664429e-03,9.056315757334232330e-03,-1.834384864196181297e-03,-1.086390344426035881e-03,7.606315892189741135e-03
1.438616216182708740e-01,-1.313529908657073975e-01,-3.265141546726226807e-01,5.172013640403747559e-01,-1.693490892648696899e-01,1.108482107520103455e-01,-1.354003101587295532e-01,7.010900229215621948e-02,4.978967905044555664e-01,-4.674797952175140381e-01,1.016265014186501503e-03,6.226068828254938126e-03,-5.816949065774679184e-03,-6.421758735086768866e-05,8.457575924694538116e-03,9.037452749907970428e-03,-1.798154087737202644e-03,-1.102358684875071049e-03,7.605265360325574875e-03
1.447536200284957886e-01,-1.292793601751327515e-01,-3.120949864387512207e-01,4.987340867519378662e-01,-1.645612418651580811e-01,1.137680187821388245e-01,-1.438128799200057983e-01,6.087215617299079895e-02,5.229774117469787598e-01,-4.678083658218383789e-01,8.834510808810591698e-04,6.213568150997161865e-03,-5.766320507973432541e-03,-7.239688420668244362e-05,8.410553447902202606e-03,9.027052670717239380e-03,-1.764723565429449081e-03,-1.114724669605493546e-03,7.609461434185504913e-03
1.457010656595230103e-01,-1.264625489711761475e-01,-2.972026765346527100e-01,4.788172841072082520e-01,-1.588557809591293335e-01,1.160615384578704834e-01,-1.514237672090530396e-01,5.097388103604316711e-02,5.463251471519470215e-01,-4.677738845348358154e-01,8.887725998647511005e-04,6.199349183589220047e-03,-5.708092357963323593e-03,-8.082520071184262633e-05,8.348696865141391754e-03,9.015133604407310486e-03,-1.729062292724847794e-03,-1.127217547036707401e-03,7.624341174960136414e-03
1.464754790067672729e-01,-1.229031831026077271e-01,-2.820419073104858398e-01,4.577831029891967773e-01,-1.523852646350860596e-01,1.182691827416419983e-01,-1.579599678516387939e-01,4.024741426110267639e-02,5.694327354431152344e-01,-4.690273702144622803e-01,8.115017553791403770e-04,6.181946489959955215e-03,-5.632702261209487915e-03,-8.860736852511763573e-05,8.256434462964534760e-03,9.001877158880233765e-03,-1.694366219453513622e-03,-1.139396801590919495e-03,7.624941878020763397e-03
1.473768800497055054e-01,-1.186579614877700806e-01,-2.668991386890411377e-01,4.359972178936004639e-01,-1.453217715024948120e-01,1.205928847193717957e-01,-1.634659022092819214e-01,2.886624261736869812e-02,5.907787680625915527e-01,-4.716652035713195801e-01,9.289266890846192837e-04,6.160217337310314178e-03,-5.505285691469907761e-03,-9.510009840596467257e-05,8.150059729814529419e-03,8.986409753561019897e-03,-1.658852561376988888e-03,-1.156009035184979439e-03,7.623296696692705154e-03
1.484319120645523071e-01,-1.137047484517097473e-01,-2.521831989288330078e-01,4.140246510505676270e-01,-1.379159241914749146e-01,1.235324293375015259e-01,-1.678872555494308472e-01,1.697881892323493958e-02,6.096100807189941406e-01,-4.720532298088073730e-01,1.085828291252255440e-03,6.137158721685409546e-03,-5.237371660768985748e-03,-1.014185472740791738e-04,8.009089156985282898e-03,8.969133719801902771e-03,-1.622209441848099232e-03,-1.173016964457929134e-03,7.610173430293798447e-03
1.489817202091217041e-01,-1.082221344113349915e-01,-2.385341227054595947e-01,3.931423425674438477e-01,-1.307826787233352661e-01,1.248481124639511108e-01,-1.717390269041061401e-01,4.656408447772264481e-03,6.248103380203247070e-01,-4.705804884433746338e-01,8.417249191552400589e-04,6.109733134508132935e-03,-4.915137775242328644e-03,-1.060740542015992105e-04,7.747753988951444626e-03,8.948036469519138336e-03,-1.593476743437349796e-03,-1.187372836284339428e-03,7.553026545792818069e-03
1.495737433433532715e-01,-1.023584678769111633e-01,-2.259351164102554321e-01,3.741643726825714111e-01,-1.245062202215194702e-01,1.251425594091415405e-01,-1.751848757266998291e-01,-7.056334521621465683e-03,6.345533728599548340e-01,-4.678999781608581543e-01,7.773468387313187122e-04,6.082052830606698990e-03,-4.559126682579517365e-03,-1.101715533877722919e-04,7.610499393194913864e-03,8.925523608922958374e-03,-1.562176970764994621e-03,-1.203627791255712509e-03,7.511536125093698502e-03
1.504955142736434937e-01,-9.606218338012695312e-02,-2.142710238695144653e-01,3.573795258998870850e-01,-1.193116456270217896e-01,1.238956227898597717e-01,-1.776443570852279663e-01,-1.900644414126873016e-02,6.416687369346618652e-01,-4.655075967311859131e-01,9.600417688488960266e-04,6.054276134818792343e-03,-4.104336723685264587e-03,-1.133792393375188112e-04,7.503321859985589981e-03,8.902125060558319092e-03,-1.524531980976462364e-03,-1.223151572048664093e-03,7.489792071282863617e-03
1.514494270086288452e-01,-8.943858742713928223e-02,-2.029698640108108521e-01,3.419885933399200439e-01,-1.148356273770332336e-01,1.221339628100395203e-01,-1.788166910409927368e-01,-2.948808670043945312e-02,6.441013813018798828e-01,-4.598982930183410645e-01,1.022838172502815723e-03,6.035459227859973907e-03,-3.557271324098110199e-03,-1.181128754978999496e-04,7.455436978489160538e-03,8.879709057509899139e-03,-1.482006628066301346e-03,-1.243847771547734737e-03,7.476766593754291534e-03
1.525117754936218262e-01,-8.273593336343765259e-02,-1.920491158962249756e-01,3.278379440307617188e-01,-1.109725907444953918e-01,1.204262450337409973e-01,-1.787475496530532837e-01,-3.866449743509292603e-02,6.433305144309997559e-01,-4.530589580535888672e-01,1.103967777453362942e-03,6.015119142830371857e-03,-2.955774543806910515e-03,-1.224246225319802761e-04,7.400271482765674591e-03,8.850403130054473877e-03,-1.437903847545385361e-03,-1.266239676624536514e-03,7.439360022544860840e-03
1.527827233076095581e-01,-7.631316781044006348e-02,-1.811412721872329712e-01,3.140784502029418945e-01,-1.072396636009216309e-01,1.157073974609375000e-01,-1.777678877115249634e-01,-4.693733528256416321e-02,6.393254399299621582e-01,-4.461577236652374268e-01,4.578420775942504406e-04,5.996524821966886520e-03,-2.419667318463325500e-03,-1.282959565287455916e-04,7.389165461063385010e-03,8.822590112686157227e-03,-1.395123777911067009e-03,-1.288746134378015995e-03,7.414250168949365616e-03
1.529690027236938477e-01,-7.029915601015090942e-02,-1.700033843517303467e-01,3.002388775348663330e-01,-1.034610718488693237e-01,1.091569066047668457e-01,-1.757159084081649780e-01,-5.382921919226646423e-02,6.313376426696777344e-01,-4.405017495155334473e-01,-1.119328953791409731e-05,5.975666455924510956e-03,-2.008715644478797913e-03,-1.330385275650769472e-04,7.374803069978952408e-03,8.791065774857997894e-03,-1.349766505882143974e-03,-1.312938285991549492e-03,7.376661989837884903e-03
1.539331823587417603e-01,-6.456606090068817139e-02,-1.592544764280319214e-01,2.867504954338073730e-01,-9.983114898204803467e-02,1.031096205115318298e-01,-1.721836179494857788e-01,-5.973209813237190247e-02,6.199679970741271973e-01,-4.312363862991333008e-01,3.545313084032386541e-04,5.972626153379678726e-03,-1.591438078321516514e-03,-1.371675753034651279e-04,7.298006676137447357e-03,8.744045160710811615e-03,-1.293901121243834496e-03,-1.334574073553085327e-03,7.323415949940681458e-03
1.546251326799392700e-01,-5.928572267293930054e-02,-1.492924690246582031e-01,2.739189863204956055e-01,-9.633159637451171875e-02,9.714532643556594849e-02,-1.675388514995574951e-01,-6.420914083719253540e-02,6.051442027091979980e-01,-4.212885200977325439e-01,3.595507587306201458e-04,5.976089742034673691e-03,-1.131766941398382187e-03,-1.424719084752723575e-04,7.247146219015121460e-03,8.695129305124282837e-03,-1.223572180606424809e-03,-1.346971490420401096e-03,7.228710222989320755e-03
1.556779593229293823e-01,-5.464754998683929443e-02,-1.395283937454223633e-01,2.613249421119689941e-01,-9.293512254953384399e-02,9.151645749807357788e-02,-1.623148918151855469e-01,-6.710900366306304932e-02,5.877396464347839355e-01,-4.116185605525970459e-01,6.776857771910727024e-04,6.005889270454645157e-03,-6.704410770907998085e-04,-1.475383032811805606e-04,7.227199152112007141e-03,8.620943874120712280e-03,-1.147233648225665092e-03,-1.354012638330459595e-03,7.173298858106136322e-03
1.564010530710220337e-01,-5.079920962452888489e-02,-1.297288835048675537e-01,2.487580180168151855e-01,-8.950996398925781250e-02,8.464314788579940796e-02,-1.569568663835525513e-01,-6.831320375204086304e-02,5.683565139770507812e-01,-4.009405374526977539e-01,5.882922559976577759e-04,6.026881746947765350e-03,-2.235302235931158066e-04,-1.538368378533050418e-04,7.214879617094993591e-03,8.550980128347873688e-03,-1.049633952789008617e-03,-1.355351763777434826e-03,7.091650273650884628e-03
1.565834730863571167e-01,-4.781216382980346680e-02,-1.212166994810104370e-01,2.379489988088607788e-01,-8.677536249160766602e-02,7.882106304168701172e-02,-1.518207341432571411e-01,-6.785266101360321045e-02,5.480655431747436523e-01,-3.906810879707336426e-01,7.798967999406158924e-05,6.012097466737031937e-03,1.701793080428615212e-04,-1.613992353668436408e-04,7.156049832701683044e-03,8.503703400492668152e-03,-9.277487406507134438e-04,-1.353853149339556694e-03,6.783947348594665527e-03
1.565425544977188110e-01,-4.568874463438987732e-02,-1.149323657155036926e-01,2.301707565784454346e-01,-8.533424884080886841e-02,7.365334033966064453e-02,-1.469513922929763794e-01,-6.643538177013397217e-02,5.260930061340332031e-01,-3.799815773963928223e-01,-4.022391221951693296e-04,5.983195267617702484e-03,4.559941589832305908e-04,-1.681775174802169204e-04,7.067875470966100693e-03,8.459833450615406036e-03,-8.185305050574243069e-04,-1.350222039036452770e-03,6.370533257722854614e-03
1.568475216627120972e-01,-4.430519789457321167e-02,-1.108520179986953735e-01,2.254405319690704346e-01,-8.523819595575332642e-02,7.140631973743438721e-02,-1.419168710708618164e-01,-6.313718110322952271e-02,5.011879801750183105e-01,-3.693284988403320312e-01,-4.146717255935072899e-04,5.978445056825876236e-03,7.145560812205076218e-04,-1.754573022481054068e-04,6.990212947130203247e-03,8.382964879274368286e-03,-7.019119802862405777e-04,-1.339180395007133484e-03,6.161022000014781952e-03
1.566310077905654907e-01,-4.380249977111816406e-02,-1.083857938647270203e-01,2.229107767343521118e-01,-8.605699986219406128e-02,6.836408376693725586e-02,-1.367938667535781860e-01,-5.909118056297302246e-02,4.753344953060150146e-01,-3.569836914539337158e-01,-7.975811604410409927e-04,5.975517909973859787e-03,9.021612931974232197e-04,-1.839469914557412267e-04,6.968406029045581818e-03,8.333158679306507111e-03,-5.665160715579986572e-04,-1.335456967353820801e-03,6.072652060538530350e-03
1.569837331771850586e-01,-4.418781027197837830e-02,-1.071024239063262939e-01,2.223499119281768799e-01,-8.781704306602478027e-02,6.741562485694885254e-02,-1.318325102329254150e-01,-5.351212248206138611e-02,4.482000768184661865e-01,-3.445205688476562500e-01,-5.525469896383583546e-04,5.996278487145900726e-03,1.049417769536375999e-03,-1.905212848214432597e-04,6.947601679712533951e-03,8.182739838957786560e-03,-3.619609633460640907e-04,-1.320777228102087975e-03,6.024826783686876297e-03
1.575364321470260620e-01,-4.549328610301017761e-02,-1.072061508893966675e-01,2.249819040298461914e-01,-9.122337400913238525e-02,6.647393107414245605e-02,-1.275745332241058350e-01,-4.620069637894630432e-02,4.190684556961059570e-01,-3.325785398483276367e-01,-2.420263772364705801e-04,6.037469021975994110e-03,1.151867676526308060e-03,-1.966981944860890508e-04,6.937047466635704041e-03,7.812691852450370789e-03,-8.041135879466310143e-05,-1.295493333600461483e-03,5.947430152446031570e-03
1.576341241598129272e-01,-4.775770381093025208e-02,-1.079389080405235291e-01,2.303312122821807861e-01,-9.614650160074234009e-02,6.418259441852569580e-02,-1.244680806994438171e-01,-3.711991384625434875e-02,3.888624608516693115e-01,-3.193296790122985840e-01,-4.700148128904402256e-04,6.071138195693492889e-03,1.236538751982152462e-03,-2.047724847216159105e-04,6.935647223144769669e-03,7.312463596463203430e-03,2.827437419909983873e-04,-1.266113133169710636e-03,5.869337823241949081e-03
1.573330760002136230e-01,-5.082827806472778320e-02,-1.100209951400756836e-01,2.393737584352493286e-01,-1.029887795448303223e-01,6.216347590088844299e-02,-1.224005371332168579e-01,-2.635268308222293854e-02,3.573889434337615967e-01,-3.080334365367889404e-01,-8.780827047303318977e-04,6.040189880877733231e-03,1.304008183069527149e-03,-2.123106824001297355e-04,6.887077353894710541e-03,6.955468095839023590e-03,6.213141023181378841e-04,-1.226858235895633698e-03,5.685569718480110168e-03
1.573195010423660278e-01,-5.454568937420845032e-02,-1.140261515974998474e-01,2.525499463081359863e-01,-1.119404360651969910e-01,6.177873164415359497e-02,-1.211596801877021790e-01,-1.505300402641296387e-02,3.253343999385833740e-01,-2.956676185131072998e-01,-8.185965707525610924e-04,6.020000204443931580e-03,1.377569627948105335e-03,-2.188109210692346096e-04,6.759878713637590408e-03,6.715632043778896332e-03,8.601959561929106712e-04,-1.180739840492606163e-03,5.504596047103404999e-03
1.574646085500717163e-01,-5.863424018025398254e-02,-1.200290247797966003e-01,2.696675956249237061e-01,-1.228267401456832886e-01,6.292720884084701538e-02,-1.203509643673896790e-01,-4.187876824289560318e-03,2.946099936962127686e-01,-2.836293578147888184e-01,-6.091501563787460327e-04,6.007712800055742264e-03,1.471759402193129063e-03,-2.163245517294853926e-04,6.603504531085491180e-03,6.480453070253133774e-03,9.761829860508441925e-04,-1.143103465437889099e-03,5.417473614215850830e-03
1.568158566951751709e-01,-6.294646114110946655e-02,-1.275202631950378418e-01,2.902106642723083496e-01,-1.353851109743118286e-01,6.240176036953926086e-02,-1.207393929362297058e-01,6.743127480149269104e-03,2.658617198467254639e-01,-2.628341019153594971e-01,-1.045756624080240726e-03,5.959325935691595078e-03,1.506114262156188488e-03,-2.206911449320614338e-04,6.519153248518705368e-03,6.437820848077535629e-03,9.957655565813183784e-04,-1.140063395723700523e-03,5.344270728528499603e-03
1.538645327091217041e-01,-6.522475928068161011e-02,-1.299591064453125000e-01,3.071204423904418945e-01,-1.615511775016784668e-01,5.953869223594665527e-02,-1.230803802609443665e-01,1.306672021746635437e-02,2.647072076797485352e-01,-2.537097036838531494e-01,-4.622362554073333740e-03,6.046794354915618896e-03,-5.240330938249826431e-04,-1.860312186181545258e-04,9.657930582761764526e-03,7.420332171022891998e-03,-3.809083427768200636e-04,-1.089622615836560726e-03,9.952532127499580383e-03
1.521563977003097534e-01,-6.469159573316574097e-02,-1.302558630704879761e-01,3.231213688850402832e-01,-1.971252262592315674e-01,5.526227504014968872e-02,-1.227682456374168396e-01,3.141436353325843811e-02,2.461315840482711792e-01,-2.496087104082107544e-01,-6.735020317137241364e-03,6.076300516724586487e-03,-3.381250891834497452e-03,-2.727388928178697824e-04,9.515116922557353973e-03,1.014078408479690552e-02,-1.732167671434581280e-03,-1.083522103726863861e-03,9.995028376579284668e-03
1.443082541227340698e-01,-6.251272559165954590e-02,-1.327249407768249512e-01,3.421640396118164062e-01,-2.263479232788085938e-01,5.300317332148551941e-02,-1.220506653189659119e-01,4.908826947212219238e-02,2.247354537248611450e-01,-2.432713210582733154e-01,-6.369920913130044937e-03,6.054451223462820053e-03,-5.300415214151144028e-03,-3.401342546567320824e-04,8.591857738792896271e-03,1.111929118633270264e-02,-2.450809115543961525e-03,-1.084373681806027889e-03,9.817885234951972961e-03
1.325151622295379639e-01,-5.916800349950790405e-02,-1.383444666862487793e-01,3.643511533737182617e-01,-2.483861148357391357e-01,5.161900818347930908e-02,-1.211190819740295410e-01,6.500350683927536011e-02,2.027233988046646118e-01,-2.360494285821914673e-01,-5.392310675233602524e-03,6.036184728145599365e-03,-6.206895224750041962e-03,-3.987990785390138626e-04,7.596772629767656326e-03,1.109666563570499420e-02,-2.600854262709617615e-03,-1.084045041352510452e-03,9.431437589228153229e-03
1.213187277317047119e-01,-5.498346313834190369e-02,-1.476638764142990112e-01,3.900578022003173828e-01,-2.639428973197937012e-01,5.069044604897499084e-02,-1.199377253651618958e-01,7.866495847702026367e-02,1.820257753133773804e-01,-2.290831059217453003e-01,-4.071068484336137772e-03,6.022197660058736801e-03,-6.372372154146432877e-03,-4.179816169198602438e-04,6.705529987812042236e-03,1.107663195580244064e-02,-2.624572720378637314e-03,-1.084117800928652287e-03,8.770640939474105835e-03
1.118872389197349548e-01,-4.997300729155540466e-02,-1.601610034704208374e-01,4.181374013423919678e-01,-2.744793891906738281e-01,4.997822642326354980e-02,-1.184429749846458435e-01,9.015491604804992676e-02,1.635948717594146729e-01,-2.230469733476638794e-01,-2.705194056034088135e-03,6.010034121572971344e-03,-6.390132009983062744e-03,-4.078763886354863644e-04,6.185841280966997147e-03,1.105704810470342636e-02,-2.651215530931949615e-03,-1.084377756342291832e-03,8.315721526741981506e-03
1.023386567831039429e-01,-4.345376789569854736e-02,-1.749094873666763306e-01,4.478664398193359375e-01,-2.840457856655120850e-01,4.904013872146606445e-02,-1.163073852658271790e-01,1.005455479025840759e-01,1.466268450021743774e-01,-2.177293002605438232e-01,-1.770813250914216042e-03,5.997787229716777802e-03,-6.412609945982694626e-03,-3.986711089964956045e-04,5.989295896142721176e-03,1.104770787060260773e-02,-2.681855345144867897e-03,-1.082635018974542618e-03,8.202771656215190887e-03
9.384687989950180054e-02,-3.586588427424430847e-02,-1.920271962881088257e-01,4.791080653667449951e-01,-2.924428582191467285e-01,4.791998863220214844e-02,-1.137011796236038208e-01,1.093092188239097595e-01,1.327109187841415405e-01,-2.140006870031356812e-01,-1.250375411473214626e-03,5.990846082568168640e-03,-6.428804714232683182e-03,-3.932210092898458242e-04,5.883906502276659012e-03,1.103104650974273682e-02,-2.711744513362646103e-03,-1.080916612409055233e-03,8.041077293455600739e-03
8.743193000555038452e-02,-2.792913466691970825e-02,-2.109979093074798584e-01,5.105403661727905273e-01,-3.019156455993652344e-01,4.675000905990600586e-02,-1.110395640134811401e-01,1.174657866358757019e-01,1.203918606042861938e-01,-2.112198770046234131e-01,-9.810231858864426613e-04,5.992388818413019180e-03,-6.448141764849424362e-03,-3.917482972610741854e-04,5.871038883924484253e-03,1.102158240973949432e-02,-2.749709412455558777e-03,-1.077823108062148094e-03,7.900423370301723480e-03
8.262547850608825684e-02,-1.966709084808826447e-02,-2.315972745418548584e-01,5.417419075965881348e-01,-3.140116035938262939e-01,4.544733464717864990e-02,-1.084320992231369019e-01,1.250502467155456543e-01,1.097896322607994080e-01,-2.094731479883193970e-01,-9.813639335334300995e-04,5.992960650473833084e-03,-6.469571497291326523e-03,-3.921718744095414877e-04,5.859769415110349655e-03,1.101247593760490417e-02,-2.795532578602433205e-03,-1.072870334610342979e-03,7.775861304253339767e-03
8.077165484428405762e-02,-1.196737680584192276e-02,-2.544308006763458252e-01,5.732931494712829590e-01,-3.271834254264831543e-01,4.416669532656669617e-02,-1.061273813247680664e-01,1.320669800043106079e-01,1.008107215166091919e-01,-2.087039500474929810e-01,-9.991760598495602608e-04,5.998728331178426743e-03,-6.491449661552906036e-03,-3.943642368540167809e-04,5.870253313332796097e-03,1.100315153598785400e-02,-2.856608945876359940e-03,-1.068020123057067394e-03,7.620846386998891830e-03
8.020793646574020386e-02,-4.698075354099273682e-03,-2.792799472808837891e-01,6.047780513763427734e-01,-3.362139463424682617e-01,4.303634911775588989e-02,-1.041529774665832520e-01,1.378166973590850830e-01,9.446986764669418335e-02,-2.093534618616104126e-01,-9.182611829601228237e-04,6.000964902341365814e-03,-6.512711755931377411e-03,-3.961397160310298204e-04,5.848133005201816559e-03,1.099520176649093628e-02,-2.914937445893883705e-03,-1.062982599250972271e-03,7.489410694688558578e-03
8.186823874711990356e-02,2.293965779244899750e-03,-3.054369986057281494e-01,6.349274516105651855e-01,-3.466927111148834229e-01,4.230474308133125305e-02,-1.021939516067504883e-01,1.429861485958099365e-01,8.955685049295425415e-02,-2.108337283134460449e-01,-6.074162665754556656e-04,6.010084878653287888e-03,-6.531319115310907364e-03,-3.964490024372935295e-04,5.822368897497653961e-03,1.099439803510904312e-02,-2.964250510558485985e-03,-1.059905276633799076e-03,7.402599323540925980e-03
8.549313992261886597e-02,8.513408713042736053e-03,-3.325190842151641846e-01,6.617450118064880371e-01,-3.568506538867950439e-01,4.151329025626182556e-02,-1.002984419465065002e-01,1.472450792789459229e-01,8.655228465795516968e-02,-2.134081423282623291e-01,-5.362334195524454117e-04,6.021118722856044769e-03,-6.549558602273464203e-03,-3.971095429733395576e-04,5.807319656014442444e-03,1.099042687565088272e-02,-3.015849739313125610e-03,-1.055959961377084255e-03,7.297078147530555725e-03
8.905770629644393921e-02,1.332973130047321320e-02,-3.600716590881347656e-01,6.856036186218261719e-01,-3.665383756160736084e-01,4.024840146303176880e-02,-9.878475219011306763e-02,1.504010260105133057e-01,8.590728044509887695e-02,-2.173302471637725830e-01,-8.910457836464047432e-04,6.024513393640518188e-03,-6.574070081114768982e-03,-3.995855804532766342e-04,5.821026861667633057e-03,1.098287478089332581e-02,-3.085745498538017273e-03,-1.049012178555130959e-03,7.178408559411764145e-03
9.096874296665191650e-02,1.712490431964397430e-02,-3.870201706886291504e-01,7.060490250587463379e-01,-3.757654726505279541e-01,3.850100934505462646e-02,-9.754768759012222290e-02,1.532643884420394897e-01,8.627409487962722778e-02,-2.219746708869934082e-01,-1.510077621787786484e-03,6.024019792675971985e-03,-6.605451926589012146e-03,-4.036460013594478369e-04,5.826733075082302094e-03,1.097858231514692307e-02,-3.158043138682842255e-03,-1.040544360876083374e-03,7.116507738828659058e-03
9.532698988914489746e-02,1.929295063018798828e-02,-4.140196740627288818e-01,7.243795990943908691e-01,-3.853614032268524170e-01,3.718591853976249695e-02,-9.636013209819793701e-02,1.557863056659698486e-01,8.768528699874877930e-02,-2.272866517305374146e-01,-1.570213702507317066e-03,6.037506274878978729e-03,-6.625548470765352249e-03,-4.035876190755516291e-04,5.814492702484130859e-03,1.097659952938556671e-02,-3.212255891412496567e-03,-1.034746528603136539e-03,7.067885715514421463e-03
9.920845180749893188e-02,1.993749104440212250e-02,-4.396060109138488770e-01,7.377607822418212891e-01,-3.925407826900482178e-01,3.557417914271354675e-02,-9.534624963998794556e-02,1.578455120325088501e-01,9.020839631557464600e-02,-2.333399951457977295e-01,-1.787977293133735657e-03,6.044840905815362930e-03,-6.647712551057338715e-03,-4.039031919091939926e-04,5.815016105771064758e-03,1.097161695361137390e-02,-3.274965565651655197e-03,-1.027870224788784981e-03,7.003698498010635376e-03
1.028694286942481995e-01,1.886564679443836212e-02,-4.630580544471740723e-01,7.457174062728881836e-01,-3.974122405052185059e-01,3.398607298731803894e-02,-9.456755220890045166e-02,1.588600128889083862e-01,9.480157494544982910e-02,-2.405578345060348511e-01,-1.859893789514899254e-03,6.055349018424749374e-03,-6.665725260972976685e-03,-4.019203479401767254e-04,5.806405562907457352e-03,1.096557267010211945e-02,-3.326907288283109665e-03,-1.022341311909258366e-03,6.932736840099096298e-03
1.067879870533943176e-01,1.600545644760131836e-02,-4.842535555362701416e-01,7.498874068260192871e-01,-4.004720151424407959e-01,3.223634138703346252e-02,-9.386686235666275024e-02,1.598057150840759277e-01,9.995099157094955444e-02,-2.482782751321792603e-01,-1.945890602655708790e-03,6.067430600523948669e-03,-6.684892345219850540e-03,-3.998524334747344255e-04,5.801479332149028778e-03,1.096195261925458908e-02,-3.377036890015006065e-03,-1.016584690660238266e-03,6.906827446073293686e-03
1.095354855060577393e-01,1.162140071392059326e-02,-5.026399493217468262e-01,7.515900731086730957e-01,-4.005711376667022705e-01,3.050098195672035217e-02,-9.326943755149841309e-02,1.614278256893157959e-01,1.043297424912452698e-01,-2.558445930480957031e-01,-1.914670108817517757e-03,6.082440260797739029e-03,-6.704018451273441315e-03,-3.975367289967834949e-04,5.809556227177381516e-03,1.096027716994285583e-02,-3.432976547628641129e-03,-1.011203858070075512e-03,6.879296619445085526e-03
1.096859201788902283e-01,5.736695602536201477e-03,-5.173208117485046387e-01,7.499815821647644043e-01,-3.980205655097961426e-01,2.853503450751304626e-02,-9.295812249183654785e-02,1.635643094778060913e-01,1.083095595240592957e-01,-2.634510397911071777e-01,-2.051969524472951889e-03,6.093893200159072876e-03,-6.723442580550909042e-03,-3.957503358833491802e-04,5.822833627462387085e-03,1.095483545213937759e-02,-3.492774674668908119e-03,-1.005094381980597973e-03,6.846072152256965637e-03
1.099295839667320251e-01,-2.238091081380844116e-03,-5.289328098297119141e-01,7.469651699066162109e-01,-3.923045694828033447e-01,2.682604268193244934e-02,-9.274400025606155396e-02,1.661898195743560791e-01,1.121911257505416870e-01,-2.712665796279907227e-01,-1.909622340463101864e-03,6.112204398959875107e-03,-6.737545598298311234e-03,-3.928804071620106697e-04,5.817415658384561539e-03,1.095373276621103287e-02,-3.533721202984452248e-03,-1.001276075839996338e-03,6.837521679699420929e-03
1.098847165703773499e-01,-1.164101343601942062e-02,-5.373185873031616211e-01,7.429492473602294922e-01,-3.839277625083923340e-01,2.531733922660350800e-02,-9.230940788984298706e-02,1.692656874656677246e-01,1.161653771996498108e-01,-2.794028818607330322e-01,-1.672712969593703747e-03,6.129664834588766098e-03,-6.750599946826696396e-03,-3.896369016729295254e-04,5.794725846499204636e-03,1.095471717417240143e-02,-3.566509345546364784e-03,-9.974243585020303726e-04,6.840324494987726212e-03
1.091139018535614014e-01,-2.255476079881191254e-02,-5.423533320426940918e-01,7.376098036766052246e-01,-3.759371936321258545e-01,2.383206039667129517e-02,-9.175571799278259277e-02,1.727847307920455933e-01,1.201310455799102783e-01,-2.878260016441345215e-01,-1.548497239127755165e-03,6.148876156657934189e-03,-6.763527635484933853e-03,-3.868059720844030380e-04,5.782872438430786133e-03,1.095487363636493683e-02,-3.599538933485746384e-03,-9.935464477166533470e-04,6.814528256654739380e-03
1.061471775174140930e-01,-3.462051972746849060e-02,-5.436826348304748535e-01,7.294217348098754883e-01,-3.653635084629058838e-01,2.239171229302883148e-02,-9.127197414636611938e-02,1.754564046859741211e-01,1.261340677738189697e-01,-2.974614500999450684e-01,-1.463517779484391212e-03,6.158677861094474792e-03,-6.775119807571172714e-03,-3.853539528790861368e-04,5.757595412433147430e-03,1.095242705196142197e-02,-3.632500069215893745e-03,-9.896008996292948723e-04,6.755375303328037262e-03
1.024039834737777710e-01,-4.795361310243606567e-02,-5.435915589332580566e-01,7.211870551109313965e-01,-3.532228469848632812e-01,2.009586244821548462e-02,-9.029010683298110962e-02,1.780277788639068604e-01,1.325027942657470703e-01,-3.075670003890991211e-01,-2.123235957697033882e-03,6.156591698527336121e-03,-6.796718109399080276e-03,-3.862448211293667555e-04,5.673840176314115524e-03,1.096094399690628052e-02,-3.673422150313854218e-03,-9.804109577089548111e-04,6.742671132087707520e-03
1.020707264542579651e-01,-6.251645833253860474e-02,-5.420100092887878418e-01,7.125093340873718262e-01,-3.381411433219909668e-01,1.856961473822593689e-02,-8.842755854129791260e-02,1.807989776134490967e-01,1.388158649206161499e-01,-3.178225755691528320e-01,-1.842123689129948616e-03,6.170709617435932159e-03,-6.810816936194896698e-03,-3.828415938187390566e-04,5.630997940897941589e-03,1.097071077674627304e-02,-3.704985836520791054e-03,-9.723078692331910133e-04,6.761967204511165619e-03
9.816960245370864868e-02,-7.572327554225921631e-02,-5.370602011680603027e-01,7.015227079391479492e-01,-3.225188553333282471e-01,1.625435240566730499e-02,-8.592232316732406616e-02,1.838055253028869629e-01,1.457492709159851074e-01,-3.287688791751861572e-01,-2.282428788021206856e-03,6.169770844280719757e-03,-6.827011704444885254e-03,-3.825833555310964584e-04,5.605848040431737900e-03,1.097250543534755707e-02,-3.742399159818887711e-03,-9.619212360121309757e-04,6.756789982318878174e-03
9.652516990900039673e-02,-8.877260237932205200e-02,-5.282841920852661133e-01,6.888332962989807129e-01,-3.066937923431396484e-01,1.544680260121822357e-02,-8.295916765928268433e-02,1.871517896652221680e-01,1.538584828376770020e-01,-3.406179249286651611e-01,-1.227847766131162643e-03,6.199961062520742416e-03,-6.831212900578975677e-03,-3.756869118660688400e-04,5.595366470515727997e-03,1.097184978425502777e-02,-3.763906657695770264e-03,-9.543902706354856491e-04,6.769268773496150970e-03
9.143412113189697266e-02,-1.000813692808151245e-01,-5.156803131103515625e-01,6.740605235099792480e-01,-2.886765897274017334e-01,1.364254206418991089e-02,-7.970717549324035645e-02,1.908860355615615845e-01,1.634551882743835449e-01,-3.537810742855072021e-01,-1.314261695370078087e-03,6.207974627614021301e-03,-6.836267188191413879e-03,-3.745909198187291622e-04,5.574241746217012405e-03,1.094274781644344330e-02,-3.788769245147705078e-03,-9.467366617172956467e-04,6.734521593898534775e-03
8.699616789817810059e-02,-1.100948229432106018e-01,-4.998599290847778320e-01,6.584128141403198242e-01,-2.710478305816650391e-01,1.261005830019712448e-02,-7.627139985561370850e-02,1.936348080635070801e-01,1.767063885927200317e-01,-3.691573143005371094e-01,-7.060461211949586868e-04,6.237805821001529694e-03,-6.832204293459653854e-03,-3.694614279083907604e-04,5.537016782909631729e-03,1.081478968262672424e-02,-3.802665276452898979e-03,-9.411415667273104191e-04,6.690574809908866882e-03
8.227419853210449219e-02,-1.181098967790603638e-01,-4.810630679130554199e-01,6.410062313079833984e-01,-2.526117861270904541e-01,1.206841319799423218e-02,-7.277678698301315308e-02,1.953346431255340576e-01,1.934594213962554932e-01,-3.866600096225738525e-01,9.655822941567748785e-05,6.280179135501384735e-03,-6.824613083153963089e-03,-3.618588671088218689e-04,5.483757704496383667e-03,1.051117572933435440e-02,-3.813549876213073730e-03,-9.369301260448992252e-04,6.608292460441589355e-03
7.510385662317276001e-02,-1.185200586915016174e-01,-4.658088684082031250e-01,6.259015798568725586e-01,-2.069882303476333618e-01,1.253743562847375870e-02,-6.944777816534042358e-02,1.968224197626113892e-01,2.114349752664566040e-01,-4.049040675163269043e-01,1.555901370011270046e-03,6.309628020972013474e-03,-6.724896375089883804e-03,-3.546192892827093601e-04,5.566183943301439285e-03,1.003417745232582092e-02,-3.703658236190676689e-03,-9.416891261935234070e-04,6.581400986760854721e-03
7.690288871526718140e-02,-1.171046346426010132e-01,-4.558701217174530029e-01,6.202754974365234375e-01,-1.582097262144088745e-01,9.889911860227584839e-03,-6.875775754451751709e-02,2.020632177591323853e-01,2.245831042528152466e-01,-4.211860001087188721e-01,8.797370246611535549e-04,6.377330981194972992e-03,-6.679871585220098495e-03,-3.497247234918177128e-04,5.797200370579957962e-03,9.903186000883579254e-03,-3.250121371820569038e-03,-9.583932114765048027e-04,6.353732198476791382e-03
7.669257372617721558e-02,-1.198129877448081970e-01,-4.567916989326477051e-01,6.449218988418579102e-01,-1.779355555772781372e-01,9.027796797454357147e-03,-7.259416580200195312e-02,2.058611810207366943e-01,2.363144606351852417e-01,-4.408658742904663086e-01,1.139706582762300968e-03,6.339635234326124191e-03,-6.589752156287431717e-03,-3.495529817882925272e-04,8.417434059083461761e-03,9.713688865303993225e-03,-2.671060385182499886e-03,-9.740049717947840691e-04,7.102456409484148026e-03
7.756707072257995605e-02,-1.243884041905403137e-01,-4.521148204803466797e-01,6.559631824493408203e-01,-1.917304843664169312e-01,1.177883706986904144e-02,-7.858129590749740601e-02,2.057818770408630371e-01,2.488876283168792725e-01,-4.591400921344757080e-01,1.775166369043290615e-03,6.365597248077392578e-03,-6.526357959955930710e-03,-3.468420472927391529e-04,8.579776622354984283e-03,9.648755192756652832e-03,-2.511608647182583809e-03,-9.636653121560811996e-04,7.217215374112129211e-03
7.829397171735763550e-02,-1.294977217912673950e-01,-4.432230591773986816e-01,6.581494808197021484e-01,-2.010774761438369751e-01,1.760492287576198578e-02,-8.524046093225479126e-02,2.054714113473892212e-01,2.638286054134368896e-01,-4.731664657592773438e-01,1.804159837774932384e-03,6.384821143001317978e-03,-6.473345216363668442e-03,-3.436985425651073456e-04,8.646694011986255646e-03,9.614938870072364807e-03,-2.469181083142757416e-03,-9.519574232399463654e-04,7.350903004407882690e-03
7.910563796758651733e-02,-1.345169991254806519e-01,-4.306220710277557373e-01,6.536394953727722168e-01,-2.069922685623168945e-01,2.541619725525379181e-02,-9.245921671390533447e-02,2.052310258150100708e-01,2.823263406753540039e-01,-4.848222136497497559e-01,1.645531505346298218e-03,6.398763041943311691e-03,-6.424544844776391983e-03,-3.414437815081328154e-04,8.651986718177795410e-03,9.584632702171802521e-03,-2.434972440823912621e-03,-9.412426152266561985e-04,7.442823145538568497e-03
8.004493266344070435e-02,-1.390651613473892212e-01,-4.151136875152587891e-01,6.437778472900390625e-01,-2.101293653249740601e-01,3.453662618994712830e-02,-1.004565730690956116e-01,2.046372145414352417e-01,3.043431341648101807e-01,-4.933306276798248291e-01,1.441573491320014000e-03,6.401947233825922012e-03,-6.380557548254728317e-03,-3.391556092537939548e-04,8.612217381596565247e-03,9.561299346387386322e-03,-2.405910985544323921e-03,-9.307087748311460018e-04,7.481401320546865463e-03
8.138959109783172607e-02,-1.427946835756301880e-01,-3.974534869194030762e-01,6.297528743743896484e-01,-2.110612094402313232e-01,4.478104412555694580e-02,-1.093905568122863770e-01,2.032977789640426636e-01,3.299405574798583984e-01,-5.003719329833984375e-01,1.542306272312998772e-03,6.402646191418170929e-03,-6.337004248052835464e-03,-3.364621370565146208e-04,8.584946393966674805e-03,9.537298232316970825e-03,-2.377378288656473160e-03,-9.238462662324309349e-04,7.498087827116250992e-03
8.278647065162658691e-02,-1.453271061182022095e-01,-3.785123527050018311e-01,6.126224994659423828e-01,-2.102098166942596436e-01,5.377291142940521240e-02,-1.192442774772644043e-01,2.003662288188934326e-01,3.583078384399414062e-01,-5.078769922256469727e-01,1.585627556778490543e-03,6.398276425898075104e-03,-6.295037921518087387e-03,-3.367354220245033503e-04,8.543591946363449097e-03,9.520530700683593750e-03,-2.348460955545306206e-03,-9.211892029270529747e-04,7.512259762734174728e-03
8.442520350217819214e-02,-1.463027298450469971e-01,-3.592932224273681641e-01,5.933123230934143066e-01,-2.079033851623535156e-01,6.280902773141860962e-02,-1.291512697935104370e-01,1.951087564229965210e-01,3.895332515239715576e-01,-5.167959332466125488e-01,1.767984358593821526e-03,6.388946902006864548e-03,-6.245793774724006653e-03,-3.391749050933867693e-04,8.452990092337131500e-03,9.504024870693683624e-03,-2.316020196303725243e-03,-9.229108109138906002e-04,7.531423587352037430e-03
8.593205362558364868e-02,-1.459770351648330688e-01,-3.402966260910034180e-01,5.720348954200744629e-01,-2.041382044553756714e-01,7.035282999277114868e-02,-1.395231038331985474e-01,1.868534237146377563e-01,4.224930405616760254e-01,-5.243330597877502441e-01,1.802411163225769997e-03,6.379145197570323944e-03,-6.198173854500055313e-03,-3.463998145889490843e-04,8.356750942766666412e-03,9.485457092523574829e-03,-2.283542649820446968e-03,-9.306575520895421505e-04,7.536570541560649872e-03
8.711160719394683838e-02,-1.446020007133483887e-01,-3.218308091163635254e-01,5.489072203636169434e-01,-1.988988816738128662e-01,7.738624513149261475e-02,-1.499495059251785278e-01,1.759055554866790771e-01,4.564287066459655762e-01,-5.308882594108581543e-01,1.680979621596634388e-03,6.363004911690950394e-03,-6.151183508336544037e-03,-3.564614744391292334e-04,8.211147040128707886e-03,9.477435611188411713e-03,-2.251269528642296791e-03,-9.385760058648884296e-04,7.532346993684768677e-03
8.830459415912628174e-02,-1.424107849597930908e-01,-3.033609688282012939e-01,5.235115289688110352e-01,-1.920904219150543213e-01,8.372399955987930298e-02,-1.605226397514343262e-01,1.622745096683502197e-01,4.912948310375213623e-01,-5.358008146286010742e-01,1.719670020975172520e-03,6.354453507810831070e-03,-6.096289958804845810e-03,-3.664903633762151003e-04,8.158563636243343353e-03,9.458384476602077484e-03,-2.216520952060818672e-03,-9.514986304566264153e-04,7.537362631410360336e-03
8.910667151212692261e-02,-1.396053880453109741e-01,-2.845679819583892822e-01,4.956435263156890869e-01,-1.836362332105636597e-01,8.861102163791656494e-02,-1.713268756866455078e-01,1.464546322822570801e-01,5.258223414421081543e-01,-5.396330952644348145e-01,1.504584681242704391e-03,6.344872061163187027e-03,-6.048452109098434448e-03,-3.763725981116294861e-04,8.072901517152786255e-03,9.445985779166221619e-03,-2.184545621275901794e-03,-9.609810658730566502e-04,7.534638047218322754e-03
9.004282206296920776e-02,-1.362426429986953735e-01,-2.651030719280242920e-01,4.653348326683044434e-01,-1.737077534198760986e-01,9.295686334371566772e-02,-1.820908635854721069e-01,1.289851069450378418e-01,5.596360564231872559e-01,-5.453326702117919922e-01,1.534853712655603886e-03,6.333839148283004761e-03,-5.979980807751417160e-03,-3.851370420306921005e-04,8.023800328373908997e-03,9.427137672901153564e-03,-2.150313463062047958e-03,-9.753112681210041046e-04,7.540595717728137970e-03
9.052282571792602539e-02,-1.322706043720245361e-01,-2.447617799043655396e-01,4.327907264232635498e-01,-1.624412536621093750e-01,9.411647915840148926e-02,-1.926604956388473511e-01,1.094941198825836182e-01,5.927773714065551758e-01,-5.514012575149536133e-01,1.196660567075014114e-03,6.318717729300260544e-03,-5.909821484237909317e-03,-3.934110573027282953e-04,7.939045317471027374e-03,9.415070526301860809e-03,-2.120604040101170540e-03,-9.864491876214742661e-04,7.542602252215147018e-03
9.091694653034210205e-02,-1.272946298122406006e-01,-2.239213138818740845e-01,3.988604843616485596e-01,-1.503107845783233643e-01,9.405843913555145264e-02,-2.016355842351913452e-01,8.777479082345962524e-02,6.271890401840209961e-01,-5.568135976791381836e-01,9.940935997292399406e-04,6.292259786278009415e-03,-5.769465118646621704e-03,-3.994415164925158024e-04,7.783592212945222855e-03,9.400239214301109314e-03,-2.088903449475765228e-03,-9.971387917175889015e-04,7.539964746683835983e-03
9.128836542367935181e-02,-1.213132739067077637e-01,-2.029165476560592651e-01,3.646104633808135986e-01,-1.378821730613708496e-01,9.343176335096359253e-02,-2.089603096246719360e-01,6.453070044517517090e-02,6.620452404022216797e-01,-5.619375705718994141e-01,8.892843616195023060e-04,6.264077033847570419e-03,-5.504638887941837311e-03,-4.037062462884932756e-04,7.598075550049543381e-03,9.379451163113117218e-03,-2.057055477052927017e-03,-1.008447259664535522e-03,7.508561946451663971e-03
9.083373099565505981e-02,-1.147462129592895508e-01,-1.820441484451293945e-01,3.309653699398040771e-01,-1.256598681211471558e-01,8.923310041427612305e-02,-2.159059345722198486e-01,4.036668315529823303e-02,6.937777996063232422e-01,-5.637941360473632812e-01,1.190709590446203947e-04,6.207678932696580887e-03,-5.197769030928611755e-03,-4.068168054800480604e-04,7.420724723488092422e-03,9.358142502605915070e-03,-2.030977513641119003e-03,-1.019617659039795399e-03,7.408799603581428528e-03
9.098602086305618286e-02,-1.076524034142494202e-01,-1.620695739984512329e-01,2.992753386497497559e-01,-1.143987029790878296e-01,8.441085368394851685e-02,-2.221755236387252808e-01,1.548167970031499863e-02,7.219812273979187012e-01,-5.663167238235473633e-01,1.323239848716184497e-04,6.111218594014644623e-03,-4.810380283743143082e-03,-4.097608907613903284e-04,7.018585689365863800e-03,9.318503551185131073e-03,-2.002393826842308044e-03,-1.032366883009672165e-03,7.306125015020370483e-03
9.102311730384826660e-02,-9.987026453018188477e-02,-1.432961076498031616e-01,2.701901793479919434e-01,-1.043915748596191406e-01,7.733687013387680054e-02,-2.270326763391494751e-01,-1.002152357250452042e-02,7.458620667457580566e-01,-5.683502554893493652e-01,7.018978067208081484e-05,6.024641450494527817e-03,-4.284260794520378113e-03,-4.133035545237362385e-04,6.650544237345457077e-03,9.294027462601661682e-03,-1.973265316337347031e-03,-1.046061515808105469e-03,7.258612196892499924e-03
9.121273458003997803e-02,-9.161347895860671997e-02,-1.254092454910278320e-01,2.433213740587234497e-01,-9.548777341842651367e-02,7.021498680114746094e-02,-2.303553819656372070e-01,-3.460134938359260559e-02,7.638427019119262695e-01,-5.671949982643127441e-01,1.311726664425805211e-04,5.986145231872797012e-03,-3.618776099756360054e-03,-4.178124654572457075e-04,6.523694843053817749e-03,9.254908189177513123e-03,-1.940253190696239471e-03,-1.061924151144921780e-03,7.189561147242784500e-03
9.084656089544296265e-02,-8.308816701173782349e-02,-1.086481139063835144e-01,2.191631048917770386e-01,-8.790824562311172485e-02,6.057157739996910095e-02,-2.323653697967529297e-01,-5.878130719065666199e-02,7.770600914955139160e-01,-5.636509656906127930e-01,-2.786878030747175217e-04,5.918351002037525177e-03,-2.897605299949645996e-03,-4.220778355374932289e-04,6.432420108467340469e-03,9.228604845702648163e-03,-1.910608960315585136e-03,-1.078822533600032330e-03,7.130594458431005478e-03
9.042982012033462524e-02,-7.429532706737518311e-02,-9.263446182012557983e-02,1.972144991159439087e-01,-8.146763592958450317e-02,5.137684941291809082e-02,-2.326183766126632690e-01,-8.071885257959365845e-02,7.839431762695312500e-01,-5.573071241378784180e-01,-5.585786420851945877e-04,5.831374321132898331e-03,-2.142745535820722580e-03,-4.286060575395822525e-04,6.367001682519912720e-03,9.206922724843025208e-03,-1.874436507932841778e-03,-1.096075633540749550e-03,7.086691912263631821e-03
9.015823155641555786e-02,-6.524609029293060303e-02,-7.791794836521148682e-02,1.783031374216079712e-01,-7.657638192176818848e-02,4.377406090497970581e-02,-2.310877889394760132e-01,-9.985057264566421509e-02,7.842532396316528320e-01,-5.493509769439697266e-01,-5.488103488460183144e-04,5.773385055363178253e-03,-1.356339897029101849e-03,-4.271347715985029936e-04,6.266580894589424133e-03,9.178943932056427002e-03,-1.835122820921242237e-03,-1.116378465667366982e-03,7.036942522972822189e-03
8.983328193426132202e-02,-5.620081722736358643e-02,-6.388188153505325317e-02,1.613250672817230225e-01,-7.269571721553802490e-02,3.577807173132896423e-02,-2.279969453811645508e-01,-1.165914759039878845e-01,7.789792418479919434e-01,-5.396226048469543457e-01,-5.492175114341080189e-04,5.754456855356693268e-03,-5.563872982747852802e-04,-4.237288958393037319e-04,6.266861688345670700e-03,9.142844006419181824e-03,-1.790819573216140270e-03,-1.139253377914428711e-03,7.003036327660083771e-03
8.909747749567031860e-02,-4.724632203578948975e-02,-5.022104457020759583e-02,1.454476714134216309e-01,-6.936505436897277832e-02,2.608722448348999023e-02,-2.231958210468292236e-01,-1.310248672962188721e-01,7.685436010360717773e-01,-5.265731215476989746e-01,-8.122206199914216995e-04,5.734689999371767044e-03,1.779218000592663884e-04,-4.165997961536049843e-04,6.256101652979850769e-03,9.116590023040771484e-03,-1.745413290336728096e-03,-1.163630280643701553e-03,6.977069191634654999e-03
8.856730163097381592e-02,-3.833327069878578186e-02,-3.735756874084472656e-02,1.311127394437789917e-01,-6.681864708662033081e-02,1.501387264579534531e-02,-2.163537740707397461e-01,-1.437612473964691162e-01,7.539551258087158203e-01,-5.103914737701416016e-01,-7.092248415574431419e-04,5.736821331083774567e-03,8.434501360170543194e-04,-4.008640244137495756e-04,6.219909060746431351e-03,9.077044203877449036e-03,-1.692715217359364033e-03,-1.185420202091336250e-03,6.943710613995790482e-03
8.829896152019500732e-02,-2.963278070092201233e-02,-2.474198490381240845e-02,1.174024865031242371e-01,-6.461320072412490845e-02,3.786654677242040634e-03,-2.078313529491424561e-01,-1.542314887046813965e-01,7.361165285110473633e-01,-4.915070533752441406e-01,-4.081711522303521633e-04,5.802354309707880020e-03,1.482746796682476997e-03,-3.791152266785502434e-04,6.225756835192441940e-03,9.025078266859054565e-03,-1.613497966900467873e-03,-1.197363249957561493e-03,6.899013184010982513e-03
8.765491098165512085e-02,-2.144998498260974884e-02,-1.173748169094324112e-02,1.032462045550346375e-01,-6.221440806984901428e-02,-8.077621459960937500e-03,-1.982925981283187866e-01,-1.616910547018051147e-01,7.146700620651245117e-01,-4.709617793560028076e-01,-4.659992991946637630e-04,5.875468254089355469e-03,1.992116682231426239e-03,-3.646044642664492130e-04,6.249281577765941620e-03,8.984505198895931244e-03,-1.496601849794387817e-03,-1.206801738590002060e-03,6.837425753474235535e-03
8.717487007379531860e-02,-1.402524858713150024e-02,7.543835672549903393e-04,9.014721214771270752e-02,-6.037091463804244995e-02,-1.938235573470592499e-02,-1.882581114768981934e-01,-1.664616316556930542e-01,6.908627748489379883e-01,-4.503710865974426270e-01,-3.395795065443962812e-04,5.939234048128128052e-03,2.356228418648242950e-03,-3.519969759508967400e-04,6.256423890590667725e-03,8.886088617146015167e-03,-1.257504685781896114e-03,-1.211735885590314865e-03,6.733476649969816208e-03
8.659259229898452759e-02,-7.551727816462516785e-03,1.293821260333061218e-02,7.767872512340545654e-02,-5.885508283972740173e-02,-3.115884214639663696e-02,-1.781150549650192261e-01,-1.689024716615676880e-01,6.654107570648193359e-01,-4.298619329929351807e-01,-3.439814900048077106e-04,6.050733849406242371e-03,2.592684468254446983e-03,-3.428825293667614460e-04,6.272464524954557419e-03,8.757898584008216858e-03,-8.370068971998989582e-04,-1.206792192533612251e-03,6.598592735826969147e-03
8.565745502710342407e-02,-2.258326625451445580e-03,2.382598444819450378e-02,6.743393093347549438e-02,-5.802889540791511536e-02,-4.342459514737129211e-02,-1.683739870786666870e-01,-1.689006537199020386e-01,6.377800107002258301e-01,-4.097455739974975586e-01,-5.928127793595194817e-04,6.131823174655437469e-03,2.728601451963186264e-03,-3.461180604062974453e-04,6.419344805181026459e-03,8.689425885677337646e-03,-2.541572321206331253e-04,-1.196724479086697102e-03,6.428897380828857422e-03
8.524360507726669312e-02,1.749342423863708973e-03,3.385115414857864380e-02,5.820152163505554199e-02,-5.803468823432922363e-02,-5.282212421298027039e-02,-1.593459099531173706e-01,-1.665510237216949463e-01,6.081655025482177734e-01,-3.895490765571594238e-01,-3.660687070805579424e-04,6.312294397503137589e-03,2.836213214322924614e-03,-3.368464822415262461e-04,6.332051474601030350e-03,8.609325625002384186e-03,4.020137421321123838e-04,-1.140116364695131779e-03,5.981266498565673828e-03
8.442328125238418579e-02,4.510140512138605118e-03,4.141132533550262451e-02,5.226179584860801697e-02,-5.949158594012260437e-02,-5.992927029728889465e-02,-1.509885936975479126e-01,-1.625157445669174194e-01,5.778540968894958496e-01,-3.684661388397216797e-01,-5.017989897169172764e-04,6.376558449119329453e-03,2.928126137703657150e-03,-3.389826160855591297e-04,6.330731790512800217e-03,8.537438698112964630e-03,1.024064025841653347e-03,-1.069293241016566753e-03,5.527376197278499603e-03
8.324903249740600586e-02,6.123290862888097763e-03,4.694686084985733032e-02,4.895615205168724060e-02,-6.206180527806282043e-02,-6.387088447809219360e-02,-1.431822180747985840e-01,-1.563077270984649658e-01,5.467841029167175293e-01,-3.470337986946105957e-01,-7.981011294759809971e-04,6.389651447534561157e-03,3.020541043952107430e-03,-3.394793020561337471e-04,6.336354650557041168e-03,8.516980335116386414e-03,1.532613532617688179e-03,-1.019961317069828510e-03,5.401991773396730423e-03
8.179435878992080688e-02,6.553125567734241486e-03,4.968988895416259766e-02,5.023763328790664673e-02,-6.677549332380294800e-02,-6.572460383176803589e-02,-1.359836459159851074e-01,-1.480979919433593750e-01,5.152997970581054688e-01,-3.247499465942382812e-01,-1.153871533460915089e-03,6.400118116289377213e-03,3.096436150372028351e-03,-3.450307704042643309e-04,6.351783405989408493e-03,8.488551713526248932e-03,1.881818519905209541e-03,-9.805872105062007904e-04,5.276904907077550888e-03
8.030432462692260742e-02,5.910384934395551682e-03,5.007250607013702393e-02,5.585581809282302856e-02,-7.362670451402664185e-02,-6.566483527421951294e-02,-1.292619854211807251e-01,-1.377755850553512573e-01,4.835641384124755859e-01,-3.049014806747436523e-01,-1.335470471531152725e-03,6.411578971892595291e-03,3.167706308886408806e-03,-3.497940488159656525e-04,6.372893694788217545e-03,8.469837717711925507e-03,2.087389584630727768e-03,-9.429585188627243042e-04,5.240252241492271423e-03
7.897001504898071289e-02,4.279185086488723755e-03,5.004125460982322693e-02,6.359548121690750122e-02,-8.174086362123489380e-02,-6.537424027919769287e-02,-1.229426190257072449e-01,-1.253161132335662842e-01,4.512247145175933838e-01,-2.848811745643615723e-01,-1.230238471180200577e-03,6.437606643885374069e-03,3.234365954995155334e-03,-3.531675029080361128e-04,6.430062931030988693e-03,8.415664546191692352e-03,2.191074891015887260e-03,-9.187484974972903728e-04,5.238824523985385895e-03
7.759635895490646362e-02,1.636585104279220104e-03,4.895383119583129883e-02,7.526055723428726196e-02,-9.209076315164566040e-02,-6.690760701894760132e-02,-1.173866912722587585e-01,-1.114680916070938110e-01,4.186226725578308105e-01,-2.667560279369354248e-01,-1.123236143030226231e-03,6.461625453084707260e-03,3.281710436567664146e-03,-3.568018728401511908e-04,6.490927189588546753e-03,8.347447030246257782e-03,2.272408455610275269e-03,-9.002071456052362919e-04,5.217195954173803329e-03
7.720776647329330444e-02,-1.912762061692774296e-03,4.684153571724891663e-02,9.030064940452575684e-02,-1.043926179409027100e-01,-6.673078238964080811e-02,-1.129703372716903687e-01,-9.628853201866149902e-02,3.848641812801361084e-01,-2.478740215301513672e-01,-2.009442978305742145e-04,6.495022214949131012e-03,3.365566721186041832e-03,-3.440147847868502140e-04,6.491327192634344101e-03,8.154954761266708374e-03,2.363555831834673882e-03,-8.565444732084870338e-04,5.175964906811714172e-03
7.628263533115386963e-02,-6.179828196763992310e-03,4.314520582556724548e-02,1.089041903614997864e-01,-1.185317486524581909e-01,-6.732337176799774170e-02,-1.096340641379356384e-01,-8.116410672664642334e-02,3.513688445091247559e-01,-2.270001918077468872e-01,-2.766355692074284889e-06,6.507954560220241547e-03,3.428637748584151268e-03,-3.350682964082807302e-04,6.463432684540748596e-03,7.939193397760391235e-03,2.434371970593929291e-03,-8.336155442520976067e-04,5.096784327179193497e-03
7.403641194105148315e-02,-1.023792754858732224e-02,3.934844210743904114e-02,1.288130283355712891e-01,-1.394723355770111084e-01,-6.859728693962097168e-02,-1.118429228663444519e-01,-7.206235826015472412e-02,3.418200016021728516e-01,-2.451926469802856445e-01,-4.999219090677797794e-04,6.461245939135551453e-03,2.558232052251696587e-03,-2.756432222668081522e-04,8.032115176320075989e-03,7.974667474627494812e-03,1.835961826145648956e-03,-8.045264985412359238e-04,7.888596504926681519e-03
6.745211780071258545e-02,-1.034143380820751190e-02,3.859598562121391296e-02,1.480121314525604248e-01,-1.737056821584701538e-01,-7.343290001153945923e-02,-1.126600727438926697e-01,-5.760484933853149414e-02,3.331618309020996094e-01,-2.472217977046966553e-01,-3.207233734428882599e-03,6.550079677253961563e-03,-5.343670491129159927e-04,-2.840745437424629927e-04,8.984956890344619751e-03,9.643767029047012329e-03,6.492819520644843578e-04,-7.782484753988683224e-04,1.003320887684822083e-02
5.896756052970886230e-02,-9.192658588290214539e-03,3.553144261240959167e-02,1.707099676132202148e-01,-2.009722590446472168e-01,-7.606753706932067871e-02,-1.120183840394020081e-01,-3.751358762383460999e-02,3.108270764350891113e-01,-2.426980435848236084e-01,-3.146445611491799355e-03,6.544703152030706406e-03,-3.159564919769763947e-03,-3.032825770787894726e-04,8.818265981972217560e-03,1.045585051178932190e-02,-2.035548459389247000e-05,-7.769587682560086250e-04,1.007949840277433395e-02
5.000019073486328125e-02,-7.140692323446273804e-03,2.850648202002048492e-02,1.973024904727935791e-01,-2.231973707675933838e-01,-7.696326822042465210e-02,-1.106965541839599609e-01,-1.704897917807102203e-02,2.837002873420715332e-01,-2.351516038179397583e-01,-1.832734677009284496e-03,6.529444828629493713e-03,-4.683680832386016846e-03,-3.230152360629290342e-04,8.356668055057525635e-03,1.044120546430349350e-02,-1.173834752989932895e-04,-7.804891210980713367e-04,9.801436215639114380e-03
4.173775389790534973e-02,-3.623933065682649612e-03,1.715283654630184174e-02,2.267001420259475708e-01,-2.390777617692947388e-01,-7.696121186017990112e-02,-1.087605953216552734e-01,1.471408293582499027e-03,2.564963996410369873e-01,-2.269558012485504150e-01,-6.430882785934954882e-05,6.518695503473281860e-03,-5.182153545320034027e-03,-3.326763398945331573e-04,7.256615906953811646e-03,1.039778999984264374e-02,-1.382139307679608464e-04,-7.830006652511656284e-04,8.978758007287979126e-03
3.072917461395263672e-02,1.609262777492403984e-03,2.112827729433774948e-03,2.581280469894409180e-01,-2.507897317409515381e-01,-7.820618897676467896e-02,-1.062992438673973083e-01,1.790742017328739166e-02,2.308949381113052368e-01,-2.193399369716644287e-01,1.159852254204452038e-04,6.505020428448915482e-03,-5.206824280321598053e-03,-3.242497914470732212e-04,6.161263678222894669e-03,1.033087261021137238e-02,-1.669342746026813984e-04,-7.805778295733034611e-04,8.102294057607650757e-03
2.033339813351631165e-02,8.444008417427539825e-03,-1.594646461308002472e-02,2.911790013313293457e-01,-2.595703899860382080e-01,-7.980874180793762207e-02,-1.033416092395782471e-01,3.363201022148132324e-02,2.057677656412124634e-01,-2.118875086307525635e-01,-6.842100992798805237e-05,6.490660831332206726e-03,-5.240168888121843338e-03,-3.154898877255618572e-04,5.783648230135440826e-03,1.031263638287782669e-02,-2.037692611338570714e-04,-7.751185912638902664e-04,7.846270687878131866e-03
1.112558413296937943e-02,1.656384207308292389e-02,-3.668798506259918213e-02,3.258539438247680664e-01,-2.652083933353424072e-01,-8.124423772096633911e-02,-1.000336483120918274e-01,4.833272844552993774e-02,1.823886781930923462e-01,-2.052697092294692993e-01,-8.927193994168192148e-05,6.481586955487728119e-03,-5.263406317681074142e-03,-3.086477227043360472e-04,5.656011868268251419e-03,1.028997451066970825e-02,-2.345804532524198294e-04,-7.699324050918221474e-04,7.692128419876098633e-03
5.794437602162361145e-03,2.599087543785572052e-02,-6.017689779400825500e-02,3.624993264675140381e-01,-2.716197073459625244e-01,-8.204483240842819214e-02,-9.621728956699371338e-02,6.246374920010566711e-02,1.607116460800170898e-01,-1.995713412761688232e-01,3.517798904795199633e-04,6.476048845797777176e-03,-5.285582505166530609e-03,-3.025482001248747110e-04,5.542588420212268829e-03,1.027661748230457306e-02,-2.635508717503398657e-04,-7.648548926226794720e-04,7.605404127389192581e-03
4.445364698767662048e-03,3.633764386177062988e-02,-8.652333915233612061e-02,4.008242487907409668e-01,-2.796283662319183350e-01,-8.303396403789520264e-02,-9.194312244653701782e-02,7.694215327501296997e-02,1.396067738533020020e-01,-1.943885982036590576e-01,3.772911441046744585e-04,6.471806205809116364e-03,-5.308674648404121399e-03,-2.949037007056176662e-04,5.499932449311017990e-03,1.026580017060041428e-02,-2.963891311082988977e-04,-7.584671257063746452e-04,7.530129048973321915e-03
4.528072662651538849e-03,4.678221419453620911e-02,-1.151910647749900818e-01,4.403630197048187256e-01,-2.908647060394287109e-01,-8.453132212162017822e-02,-8.762408047914505005e-02,9.193947166204452515e-02,1.188160255551338196e-01,-1.896275430917739868e-01,-1.240119599970057607e-04,6.470602471381425858e-03,-5.341077689081430435e-03,-2.926418965216726065e-04,5.501930136233568192e-03,1.025459077209234238e-02,-3.781294217333197594e-04,-7.500283536501228809e-04,7.426313124597072601e-03
4.283266142010688782e-03,5.673016235232353210e-02,-1.452258676290512085e-01,4.804674685001373291e-01,-3.033441007137298584e-01,-8.537389338016510010e-02,-8.353556692600250244e-02,1.063058823347091675e-01,9.998770058155059814e-02,-1.859243959188461304e-01,3.294564885436557233e-05,6.473935209214687347e-03,-5.370890721678733826e-03,-2.897590748034417629e-04,5.509038921445608139e-03,1.023252122104167938e-02,-5.064628785476088524e-04,-7.411673432216048241e-04,7.304497063159942627e-03
4.682625643908977509e-03,6.595803797245025635e-02,-1.771045625209808350e-01,5.210046172142028809e-01,-3.122576177120208740e-01,-8.606541901826858521e-02,-7.966779172420501709e-02,1.203691512346267700e-01,8.249429613351821899e-02,-1.830220520496368408e-01,1.509412832092493773e-04,6.472660694271326065e-03,-5.392950028181076050e-03,-2.829796576406806707e-04,5.520978011190891266e-03,1.021870970726013184e-02,-6.399836856871843338e-04,-7.344150799326598644e-04,7.180421147495508194e-03
7.070627063512802124e-03,7.406396418809890747e-02,-2.113211452960968018e-01,5.616858601570129395e-01,-3.211995065212249756e-01,-8.689584583044052124e-02,-7.611567527055740356e-02,1.330471038818359375e-01,6.829848140478134155e-02,-1.819118261337280273e-01,2.694613067433238029e-05,6.471357773989439011e-03,-5.414681509137153625e-03,-2.782755764201283455e-04,5.541653838008642197e-03,1.020881626754999161e-02,-7.999874651432037354e-04,-7.267540786415338516e-04,7.045294158160686493e-03
1.254294347018003464e-02,8.052051812410354614e-02,-2.479615956544876099e-01,6.024361252784729004e-01,-3.317166268825531006e-01,-8.792997151613235474e-02,-7.286572456359863281e-02,1.454779952764511108e-01,5.535101890563964844e-02,-1.812262237071990967e-01,-2.803224779199808836e-04,6.473606918007135391e-03,-5.447378382086753845e-03,-2.741270873229950666e-04,5.592179484665393829e-03,1.020866632461547852e-02,-1.037888461723923683e-03,-7.172236801125109196e-04,6.967391353100538254e-03
2.050154097378253937e-02,8.510124683380126953e-02,-2.862592637538909912e-01,6.418017148971557617e-01,-3.423845767974853516e-01,-8.888173103332519531e-02,-6.992305815219879150e-02,1.571379601955413818e-01,4.436386004090309143e-02,-1.821093410253524780e-01,-4.381189646665006876e-04,6.478093564510345459e-03,-5.491880234330892563e-03,-2.697653253562748432e-04,5.610859487205743790e-03,1.020548120141029358e-02,-1.380537636578083038e-03,-7.096445770002901554e-04,6.855846382677555084e-03
2.905728667974472046e-02,8.788825571537017822e-02,-3.255202472209930420e-01,6.793490648269653320e-01,-3.520290255546569824e-01,-8.981556445360183716e-02,-6.734596937894821167e-02,1.677760332822799683e-01,3.519902750849723816e-02,-1.839353591203689575e-01,-5.616053240373730659e-04,6.483259145170450211e-03,-5.525267217308282852e-03,-2.642171166371554136e-04,5.625589750707149506e-03,1.020235102623701096e-02,-1.740915933623909950e-03,-7.020944030955433846e-04,6.729707121849060059e-03
3.781359270215034485e-02,8.903089910745620728e-02,-3.648918867111206055e-01,7.148021459579467773e-01,-3.611315488815307617e-01,-9.061212837696075439e-02,-6.502859294414520264e-02,1.773517131805419922e-01,2.817852981388568878e-02,-1.869103908538818359e-01,-5.636269343085587025e-04,6.491422187536954880e-03,-5.554242990911006927e-03,-2.577595296315848827e-04,5.633121356368064880e-03,1.020176708698272705e-02,-2.068957546725869179e-03,-6.944623310118913651e-04,6.633127573877573013e-03
4.713594168424606323e-02,8.860203623771667480e-02,-4.036390185356140137e-01,7.466245293617248535e-01,-3.658901453018188477e-01,-9.113870561122894287e-02,-6.276374310255050659e-02,1.850374042987823486e-01,2.498369850218296051e-02,-1.918832212686538696e-01,-4.033778677694499493e-04,6.502629723399877548e-03,-5.576999858021736145e-03,-2.483376010786741972e-04,5.622087512165307999e-03,1.020270865410566330e-02,-2.283758483827114105e-03,-6.872641970403492451e-04,6.567786913365125656e-03
5.685481056571006775e-02,8.629825711250305176e-02,-4.404741823673248291e-01,7.718103528022766113e-01,-3.700592219829559326e-01,-9.168986231088638306e-02,-6.055788695812225342e-02,1.913903206586837769e-01,2.454906888306140900e-02,-1.983610391616821289e-01,-4.013907746411859989e-04,6.518290843814611435e-03,-5.599171854555606842e-03,-2.375453332206234336e-04,5.620678421109914780e-03,1.020137779414653778e-02,-2.355853794142603874e-03,-6.805474404245615005e-04,6.500422488898038864e-03
6.546542048454284668e-02,8.206529170274734497e-02,-4.747377932071685791e-01,7.902138829231262207e-01,-3.722511827945709229e-01,-9.250652790069580078e-02,-5.843484774231910706e-02,1.969308704137802124e-01,2.558397315442562103e-02,-2.057033479213714600e-01,-5.888892919756472111e-04,6.529390811920166016e-03,-5.626724101603031158e-03,-2.286054223077371716e-04,5.614649038761854172e-03,1.019944995641708374e-02,-2.407677005976438522e-03,-6.724722334183752537e-04,6.448818370699882507e-03
7.208265364170074463e-02,7.586888968944549561e-02,-5.061012506484985352e-01,8.037623167037963867e-01,-3.738638460636138916e-01,-9.336003661155700684e-02,-5.649593845009803772e-02,2.014282941818237305e-01,2.832176536321640015e-02,-2.139647752046585083e-01,-7.042815559543669224e-04,6.541601847857236862e-03,-5.652697756886482239e-03,-2.194222470279783010e-04,5.619321949779987335e-03,1.019658893346786499e-02,-2.460870891809463501e-03,-6.649248534813523293e-04,6.377127021551132202e-03
7.572554796934127808e-02,6.806712597608566284e-02,-5.340177416801452637e-01,8.119067549705505371e-01,-3.731875419616699219e-01,-9.454124420881271362e-02,-5.471580475568771362e-02,2.046147584915161133e-01,3.309142217040061951e-02,-2.233067452907562256e-01,-9.892212692648172379e-04,6.546705029904842377e-03,-5.682041868567466736e-03,-2.138443232979625463e-04,5.603397730737924576e-03,1.019559241831302643e-02,-2.514442894607782364e-03,-6.570738623850047588e-04,6.316247396171092987e-03
7.957463711500167847e-02,5.848835781216621399e-02,-5.591104030609130859e-01,8.156890273094177246e-01,-3.692049086093902588e-01,-9.483348578214645386e-02,-5.277474969625473022e-02,2.068801373243331909e-01,3.875509276986122131e-02,-2.330442368984222412e-01,-3.855811955872923136e-04,6.572706624865531921e-03,-5.701488815248012543e-03,-2.045267028734087944e-04,5.546858534216880798e-03,1.020184252411127090e-02,-2.549600088968873024e-03,-6.526102079078555107e-04,6.284635979682207108e-03
8.396381139755249023e-02,4.692501574754714966e-02,-5.818464756011962891e-01,8.165821433067321777e-01,-3.643286824226379395e-01,-9.482669830322265625e-02,-5.049254372715950012e-02,2.084415555000305176e-01,4.506166651844978333e-02,-2.431173473596572876e-01,2.134916285285726190e-04,6.602623034268617630e-03,-5.716269370168447495e-03,-1.942193048307672143e-04,5.473903380334377289e-03,1.020579133182764053e-02,-2.578778192400932312e-03,-6.500278832390904427e-04,6.261495407670736313e-03
8.433321863412857056e-02,3.491697832942008972e-02,-6.008340716361999512e-01,8.138793110847473145e-01,-3.559622764587402344e-01,-9.574360400438308716e-02,-4.782165214419364929e-02,2.096502184867858887e-01,5.181051790714263916e-02,-2.536161541938781738e-01,-1.560710807098075747e-04,6.605226546525955200e-03,-5.742250010371208191e-03,-1.902885705931112170e-04,5.432439967989921570e-03,1.020684745162725449e-02,-2.617692574858665466e-03,-6.424730527214705944e-04,6.255595013499259949e-03
8.423490077257156372e-02,2.192371897399425507e-02,-6.162157058715820312e-01,8.092892169952392578e-01,-3.456990122795104980e-01,-9.632583707571029663e-02,-4.456466436386108398e-02,2.114637345075607300e-01,5.778566747903823853e-02,-2.639021575450897217e-01,-1.490001886850222945e-04,6.618816871196031570e-03,-5.757674574851989746e-03,-1.843643985921517015e-04,5.383240990340709686e-03,1.021194271743297577e-02,-2.646140521392226219e-03,-6.369625916704535484e-04,6.284141913056373596e-03
8.295942097902297974e-02,8.102321997284889221e-03,-6.270976662635803223e-01,8.014248013496398926e-01,-3.351154923439025879e-01,-9.706450998783111572e-02,-4.086866229772567749e-02,2.137766033411026001e-01,6.368938833475112915e-02,-2.744476199150085449e-01,-3.096671134699136019e-04,6.627347785979509354e-03,-5.772972479462623596e-03,-1.807607477530837059e-04,5.373506806790828705e-03,1.021342352032661438e-02,-2.677535172551870346e-03,-6.296147475950419903e-04,6.291395984590053558e-03
7.966450601816177368e-02,-6.482360418885946274e-03,-6.337710022926330566e-01,7.920989394187927246e-01,-3.231656551361083984e-01,-9.863382577896118164e-02,-3.684289753437042236e-02,2.172482013702392578e-01,6.869523227214813232e-02,-2.849635183811187744e-01,-1.130282762460410595e-03,6.627360358834266663e-03,-5.790034774690866470e-03,-1.819745666580274701e-04,5.366513505578041077e-03,1.022083032876253128e-02,-2.711081178858876228e-03,-6.214121240191161633e-04,6.300312466919422150e-03
7.903274148702621460e-02,-2.253875881433486938e-02,-6.367274522781372070e-01,7.842672467231750488e-01,-3.091440200805664062e-01,-9.881863743066787720e-02,-3.236846625804901123e-02,2.209681719541549683e-01,7.475936412811279297e-02,-2.962653934955596924e-01,-5.111803184263408184e-04,6.645825691521167755e-03,-5.797052755951881409e-03,-1.769141817931085825e-04,5.354815162718296051e-03,1.022750232368707657e-02,-2.735086716711521149e-03,-6.157848401926457882e-04,6.326998118311166763e-03
7.701870799064636230e-02,-3.890517726540565491e-02,-6.355777382850646973e-01,7.749544382095336914e-01,-2.939040064811706543e-01,-9.975744783878326416e-02,-2.747892774641513824e-02,2.257971912622451782e-01,8.022086322307586670e-02,-3.077223002910614014e-01,-7.611309411004185677e-04,6.653984542936086655e-03,-5.810489412397146225e-03,-1.724342582747340202e-04,5.322908982634544373e-03,1.023499574512243271e-02,-2.765677869319915771e-03,-6.048093200661242008e-04,6.321375258266925812e-03
7.429172843694686890e-02,-5.500825867056846619e-02,-6.309719681739807129e-01,7.630686759948730469e-01,-2.757277786731719971e-01,-1.006282046437263489e-01,-2.202236279845237732e-02,2.296393364667892456e-01,8.831887692213058472e-02,-3.207606375217437744e-01,-8.319920161738991737e-04,6.658083759248256683e-03,-5.822377745062112808e-03,-1.676055253483355045e-04,5.274845287203788757e-03,1.024176087230443954e-02,-2.793251303955912590e-03,-5.935559747740626335e-04,6.307698786258697510e-03
7.046390324831008911e-02,-7.020486891269683838e-02,-6.225916743278503418e-01,7.486442327499389648e-01,-2.575742304325103760e-01,-1.011263653635978699e-01,-1.609623059630393982e-02,2.327506244182586670e-01,9.883603453636169434e-02,-3.352873921394348145e-01,-5.661632167175412178e-04,6.666200701147317886e-03,-5.829502362757921219e-03,-1.626056327950209379e-04,5.240127909928560257e-03,1.024878956377506256e-02,-2.817297820001840591e-03,-5.835435586050152779e-04,6.282019428908824921e-03
6.784939765930175781e-02,-8.563248068094253540e-02,-6.104487180709838867e-01,7.317185401916503906e-01,-2.366909831762313843e-01,-1.011768281459808350e-01,-1.006639376282691956e-02,2.357484549283981323e-01,1.113846525549888611e-01,-3.512515127658843994e-01,-4.157312650931999087e-05,6.682938896119594574e-03,-5.827938206493854523e-03,-1.551897003082558513e-04,5.238384474068880081e-03,1.022972259670495987e-02,-2.831234829500317574e-03,-5.750122945755720139e-04,6.255239713937044144e-03
6.446890532970428467e-02,-9.995307028293609619e-02,-5.945299863815307617e-01,7.131124734878540039e-01,-2.135586142539978027e-01,-1.015083193778991699e-01,-4.104553256183862686e-03,2.381250560283660889e-01,1.274461448192596436e-01,-3.694863319396972656e-01,3.758585808100178838e-05,6.690179929137229919e-03,-5.824176594614982605e-03,-1.513289462309330702e-04,5.230580456554889679e-03,1.014095172286033630e-02,-2.845162758603692055e-03,-5.667798686772584915e-04,6.209838204085826874e-03
6.266751885414123535e-02,-1.126167997717857361e-01,-5.744444727897644043e-01,6.922525167465209961e-01,-1.913239955902099609e-01,-1.010406836867332458e-01,1.937183085829019547e-03,2.403260767459869385e-01,1.464861482381820679e-01,-3.897298872470855713e-01,7.762130117043852806e-04,6.718782242387533188e-03,-5.810547620058059692e-03,-1.434200676158070564e-04,5.206309258937835693e-03,1.000985782593488693e-02,-2.852045232430100441e-03,-5.595396505668759346e-04,6.190221291035413742e-03
6.063910573720932007e-02,-1.227491125464439392e-01,-5.510342717170715332e-01,6.698047518730163574e-01,-1.697769314050674438e-01,-1.004360318183898926e-01,7.925889454782009125e-03,2.422575503587722778e-01,1.683628112077713013e-01,-4.119226932525634766e-01,1.356473774649202824e-03,6.747230887413024902e-03,-5.796997342258691788e-03,-1.364163326798006892e-04,5.174281075596809387e-03,9.760132990777492523e-03,-2.856362611055374146e-03,-5.539953708648681641e-04,6.096729543060064316e-03
5.874998494982719421e-02,-1.304234415292739868e-01,-5.248718261718750000e-01,6.452311277389526367e-01,-1.490117609500885010e-01,-1.003631204366683960e-01,1.320046186447143555e-02,2.431976199150085449e-01,1.935457587242126465e-01,-4.361212253570556641e-01,1.992895966395735741e-03,6.784205324947834015e-03,-5.778174381703138351e-03,-1.267948973691090941e-04,5.130446050316095352e-03,9.505570866167545319e-03,-2.853195415809750557e-03,-5.502903950400650501e-04,5.814436823129653931e-03
5.720129981637001038e-02,-1.278270184993743896e-01,-5.229188203811645508e-01,6.622949242591857910e-01,-1.360745877027511597e-01,-1.018468886613845825e-01,1.443853322416543961e-02,2.435633093118667603e-01,2.170705050230026245e-01,-4.577967822551727295e-01,8.820799994282424450e-04,6.701622158288955688e-03,-5.522214341908693314e-03,-1.317231362918391824e-04,8.691884577274322510e-03,8.978373371064662933e-03,-2.241772599518299103e-03,-6.039101863279938698e-04,6.786172743886709213e-03
5.727685615420341492e-02,-1.305613070726394653e-01,-5.200231075286865234e-01,6.825249195098876953e-01,-1.560611426830291748e-01,-1.003297641873359680e-01,8.411739952862262726e-03,2.429135590791702271e-01,2.379284203052520752e-01,-4.801295995712280273e-01,5.469851894304156303e-04,6.741412449628114700e-03,-5.487849470227956772e-03,-1.289994543185457587e-04,1.032591331750154495e-02,8.897534571588039398e-03,-1.953764585778117180e-03,-5.871555185876786709e-04,7.155009079724550247e-03
5.744185298681259155e-02,-1.346917003393173218e-01,-5.126816630363464355e-01,6.908317804336547852e-01,-1.696524173021316528e-01,-9.416794031858444214e-02,1.143491826951503754e-03,2.403691411018371582e-01,2.604317069053649902e-01,-5.006257891654968262e-01,3.765090368688106537e-04,6.755450274795293808e-03,-5.450907628983259201e-03,-1.207910536322742701e-04,1.034912001341581345e-02,8.827292360365390778e-03,-1.912206178531050682e-03,-5.645401543006300926e-04,7.296049967408180237e-03
5.797708407044410706e-02,-1.394040733575820923e-01,-5.014264583587646484e-01,6.903848052024841309e-01,-1.785904914140701294e-01,-8.475534617900848389e-02,-7.396105676889419556e-03,2.370198667049407959e-01,2.859157025814056396e-01,-5.182367563247680664e-01,3.570150583982467651e-04,6.762094795703887939e-03,-5.416926462203264236e-03,-1.137596191256307065e-04,1.033210195600986481e-02,8.771281689405441284e-03,-1.880473806522786617e-03,-5.441820831038057804e-04,7.435332052409648895e-03
5.898414924740791321e-02,-1.440300047397613525e-01,-4.867849349975585938e-01,6.834884285926818848e-01,-1.840870529413223267e-01,-7.327704131603240967e-02,-1.713570207357406616e-02,2.332945764064788818e-01,3.146770596504211426e-01,-5.325579643249511719e-01,5.198505241423845291e-04,6.764799822121858597e-03,-5.382462404668331146e-03,-1.085074836737476289e-04,1.025616563856601715e-02,8.728671818971633911e-03,-1.854041358456015587e-03,-5.281059420667588711e-04,7.510916795581579208e-03
6.062196940183639526e-02,-1.480984985828399658e-01,-4.693784415721893311e-01,6.715047359466552734e-01,-1.870610713958740234e-01,-5.924786999821662903e-02,-2.769958972930908203e-02,2.293096035718917847e-01,3.463622927665710449e-01,-5.473940968513488770e-01,9.272770839743316174e-04,6.764054764062166214e-03,-5.346466321498155594e-03,-1.035097739077173173e-04,1.018540747463703156e-02,8.694284595549106598e-03,-1.828449778258800507e-03,-5.162172019481658936e-04,7.549456320703029633e-03
6.240845844149589539e-02,-1.513842195272445679e-01,-4.501041173934936523e-01,6.553078889846801758e-01,-1.876691579818725586e-01,-4.621927812695503235e-02,-3.990499675273895264e-02,2.241225540637969971e-01,3.797174692153930664e-01,-5.623605251312255859e-01,1.146742026321589947e-03,6.759784184396266937e-03,-5.313497502356767654e-03,-9.966883953893557191e-05,1.012756954878568649e-02,8.669631555676460266e-03,-1.804338302463293076e-03,-5.076004308648407459e-04,7.548920344561338425e-03
6.433292478322982788e-02,-1.536989659070968628e-01,-4.299079477787017822e-01,6.355678439140319824e-01,-1.860836744308471680e-01,-3.283275291323661804e-02,-5.322038382291793823e-02,2.170413285493850708e-01,4.148877561092376709e-01,-5.771885514259338379e-01,1.307945582084357738e-03,6.748433224856853485e-03,-5.280334502458572388e-03,-9.943900658981874585e-05,1.003840286284685135e-02,8.647167123854160309e-03,-1.776838325895369053e-03,-5.011917673982679844e-04,7.562982849776744843e-03
6.590285152196884155e-02,-1.549106091260910034e-01,-4.093023836612701416e-01,6.125072240829467773e-01,-1.822768300771713257e-01,-2.018049545586109161e-02,-6.738657504320144653e-02,2.073511481285095215e-01,4.520273506641387939e-01,-5.902758240699768066e-01,1.231707399711012840e-03,6.730571854859590530e-03,-5.251300986856222153e-03,-1.014014269458130002e-04,9.930024854838848114e-03,8.634664118289947510e-03,-1.752287615090608597e-03,-4.965824191458523273e-04,7.576668635010719299e-03
6.724070757627487183e-02,-1.550981849431991577e-01,-3.883987963199615479e-01,5.860499739646911621e-01,-1.761839985847473145e-01,-8.927072398364543915e-03,-8.224985748529434204e-02,1.948591917753219604e-01,4.902385771274566650e-01,-6.052795052528381348e-01,1.173675875179469585e-03,6.709610577672719955e-03,-5.221465136855840683e-03,-1.050491700880229473e-04,9.798304177820682526e-03,8.627036586403846741e-03,-1.727759139612317085e-03,-4.965494154021143913e-04,7.582833524793386459e-03
6.904314458370208740e-02,-1.543907970190048218e-01,-3.673286736011505127e-01,5.565876364707946777e-01,-1.680686175823211670e-01,2.540377201512455940e-03,-9.738738089799880981e-02,1.793749034404754639e-01,5.294783115386962891e-01,-6.175889372825622559e-01,1.580249983817338943e-03,6.695485208183526993e-03,-5.180620588362216949e-03,-1.135872880695387721e-04,9.645320475101470947e-03,8.596463128924369812e-03,-1.695991610176861286e-03,-5.074929795227944851e-04,7.576755248010158539e-03
7.049737125635147095e-02,-1.527539640665054321e-01,-3.462791144847869873e-01,5.247955918312072754e-01,-1.582691669464111328e-01,1.142436731606721878e-02,-1.126804128289222717e-01,1.607703715562820435e-01,5.686390995979309082e-01,-6.263826489448547363e-01,1.587257604114711285e-03,6.671715993434190750e-03,-5.145350936800241470e-03,-1.212433271575719118e-04,9.344373829662799835e-03,8.585642091929912567e-03,-1.669231685809791088e-03,-5.167419440113008022e-04,7.571224123239517212e-03
7.259337604045867920e-02,-1.499810218811035156e-01,-3.251266181468963623e-01,4.914018809795379639e-01,-1.473674625158309937e-01,1.999616809189319611e-02,-1.271662414073944092e-01,1.397110223770141602e-01,6.070663332939147949e-01,-6.340583562850952148e-01,2.112103160470724106e-03,6.652600597590208054e-03,-5.098308902233839035e-03,-1.279694406548514962e-04,8.970126509666442871e-03,8.560141548514366150e-03,-1.640518778003752232e-03,-5.293856956996023655e-04,7.575218100100755692e-03
7.417847216129302979e-02,-1.463438570499420166e-01,-3.034460246562957764e-01,4.567602276802062988e-01,-1.356030553579330444e-01,2.410406805574893951e-02,-1.416122615337371826e-01,1.158582717180252075e-01,6.459985971450805664e-01,-6.412580013275146484e-01,1.992229372262954712e-03,6.624777335673570633e-03,-5.062711425125598907e-03,-1.338015717919915915e-04,8.791582658886909485e-03,8.539598435163497925e-03,-1.616465160623192787e-03,-5.381833179853856564e-04,7.573442999273538589e-03
7.579647004604339600e-02,-1.416571289300918579e-01,-2.812941968441009521e-01,4.215158522129058838e-01,-1.234282404184341431e-01,2.603211626410484314e-02,-1.549611836671829224e-01,9.038030356168746948e-02,6.837446093559265137e-01,-6.460093259811401367e-01,1.931185834109783173e-03,6.594090722501277924e-03,-5.022060126066207886e-03,-1.392755657434463501e-04,8.472591638565063477e-03,8.522487245500087738e-03,-1.591998152434825897e-03,-5.476356018334627151e-04,7.566460408270359039e-03
7.697019726037979126e-02,-1.358802616596221924e-01,-2.589631378650665283e-01,3.860754668712615967e-01,-1.109750121831893921e-01,2.627148106694221497e-02,-1.665561646223068237e-01,6.388824433088302612e-02,7.191231250762939453e-01,-6.484690904617309570e-01,1.546602696180343628e-03,6.494200322777032852e-03,-4.979304037988185883e-03,-1.446559326723217964e-04,8.098512887954711914e-03,8.505426347255706787e-03,-1.568791805766522884e-03,-5.561409634537994862e-04,7.538012694567441940e-03
7.729986310005187988e-02,-1.290841698646545410e-01,-2.367459833621978760e-01,3.510134518146514893e-01,-9.853557497262954712e-02,2.486257068812847137e-02,-1.761781275272369385e-01,3.671834617853164673e-02,7.521283626556396484e-01,-6.515986323356628418e-01,6.138517055660486221e-04,6.227544508874416351e-03,-4.917051177471876144e-03,-1.485544344177469611e-04,7.712643127888441086e-03,8.490081876516342163e-03,-1.546729821711778641e-03,-5.650528473779559135e-04,7.490714080631732941e-03
7.810103893280029297e-02,-1.213718280196189880e-01,-2.154180109500885010e-01,3.183103799819946289e-01,-8.724793791770935059e-02,2.207808196544647217e-02,-1.842773407697677612e-01,8.735720999538898468e-03,7.819954752922058105e-01,-6.544881463050842285e-01,4.098423523828387260e-04,5.843773949891328812e-03,-4.808795638382434845e-03,-1.499313802924007177e-04,7.088947109878063202e-03,8.461612276732921600e-03,-1.528155407868325710e-03,-5.759171326644718647e-04,7.414960768073797226e-03
7.896938920021057129e-02,-1.130533739924430847e-01,-1.950386315584182739e-01,2.883716821670532227e-01,-7.738033682107925415e-02,1.749264076352119446e-02,-1.912654638290405273e-01,-1.876548491418361664e-02,8.059096336364746094e-01,-6.566165685653686523e-01,2.893564233090728521e-04,5.480254534631967545e-03,-4.566770978271961212e-03,-1.526743435533717275e-04,6.730910856276750565e-03,8.435193449258804321e-03,-1.505946042016148567e-03,-5.884408019483089447e-04,7.345851976424455643e-03
7.968299835920333862e-02,-1.042895317077636719e-01,-1.761188507080078125e-01,2.615836858749389648e-01,-6.898310780525207520e-02,1.345677021890878677e-02,-1.968624144792556763e-01,-4.506713151931762695e-02,8.239644169807434082e-01,-6.557131409645080566e-01,9.932851389748975635e-05,5.129280034452676773e-03,-4.191986750811338425e-03,-1.562745164847001433e-04,6.467020139098167419e-03,8.405396714806556702e-03,-1.481949933804571629e-03,-6.016945117153227329e-04,7.233740761876106262e-03
8.019550144672393799e-02,-9.534919261932373047e-02,-1.578719466924667358e-01,2.363842874765396118e-01,-6.132407113909721375e-02,9.002444334328174591e-03,-2.011885941028594971e-01,-6.999444961547851562e-02,8.352094888687133789e-01,-6.537008881568908691e-01,-1.510151341790333390e-04,4.891214892268180847e-03,-3.715853439643979073e-03,-1.605339202797040343e-04,6.385422777384519577e-03,8.376432582736015320e-03,-1.455232733860611916e-03,-6.187781109474599361e-04,7.185669150203466415e-03
8.069747686386108398e-02,-8.614740520715713501e-02,-1.402648985385894775e-01,2.126391381025314331e-01,-5.432987585663795471e-02,4.219661932438611984e-03,-2.036806195974349976e-01,-9.344235062599182129e-02,8.401686549186706543e-01,-6.483021378517150879e-01,-2.994833921547979116e-04,4.823376890271902084e-03,-3.138400381430983543e-03,-1.643615833017975092e-04,6.281609181314706802e-03,8.349419571459293365e-03,-1.428087241947650909e-03,-6.369127077050507069e-04,7.147331722080707550e-03
8.076096326112747192e-02,-7.675023376941680908e-02,-1.233877167105674744e-01,1.904737353324890137e-01,-4.804540798068046570e-02,-1.633567386306822300e-03,-2.043850868940353394e-01,-1.149529889225959778e-01,8.396905660629272461e-01,-6.429574489593505859e-01,-6.965101929381489754e-04,4.773594439029693604e-03,-2.472742460668087006e-03,-1.678428234299644828e-04,6.233820691704750061e-03,8.317915722727775574e-03,-1.401782385073602200e-03,-6.582055357284843922e-04,7.110461127012968063e-03
8.061647415161132812e-02,-6.726010143756866455e-02,-1.070331633090972900e-01,1.693895459175109863e-01,-4.223696514964103699e-02,-6.833229213953018188e-03,-2.033233195543289185e-01,-1.332789212465286255e-01,8.331670165061950684e-01,-6.340909004211425781e-01,-1.042978721670806408e-03,4.722862504422664642e-03,-1.746160443872213364e-03,-1.726845657685771585e-04,6.186299026012420654e-03,8.287561126053333282e-03,-1.371984602883458138e-03,-6.817618850618600845e-04,7.072790525853633881e-03
8.024063706398010254e-02,-5.780786275863647461e-02,-9.152157604694366455e-02,1.499103307723999023e-01,-3.716696053743362427e-02,-1.403757277876138687e-02,-2.004211544990539551e-01,-1.496599912643432617e-01,8.222550153732299805e-01,-6.243889331817626953e-01,-1.341170864179730415e-03,4.681340418756008148e-03,-1.019117771647870541e-03,-1.763103500707075000e-04,6.150647532194852829e-03,8.251637220382690430e-03,-1.341731403954327106e-03,-7.085530087351799011e-04,7.034344598650932312e-03
7.950056344270706177e-02,-4.828278347849845886e-02,-7.617049664258956909e-02,1.307700574398040771e-01,-3.221509978175163269e-02,-2.352467738091945648e-02,-1.951953917741775513e-01,-1.643492579460144043e-01,8.087141513824462891e-01,-6.115904450416564941e-01,-1.730523770675063133e-03,4.644443280994892120e-03,-2.674812858458608389e-04,-1.810787362046539783e-04,6.133621092885732651e-03,8.230765350162982941e-03,-1.304913312196731567e-03,-7.344657788053154945e-04,7.023193873465061188e-03
7.916986197233200073e-02,-3.894538059830665588e-02,-6.121060997247695923e-02,1.122892051935195923e-01,-2.758150920271873474e-02,-3.353683650493621826e-02,-1.882820874452590942e-01,-1.770547330379486084e-01,7.925526499748229980e-01,-5.955296158790588379e-01,-1.505207153968513012e-03,4.667515400797128677e-03,4.600750689860433340e-04,-1.838541211327537894e-04,6.110761780291795731e-03,8.176119998097419739e-03,-1.262134872376918793e-03,-7.620643009431660175e-04,6.948316935449838638e-03
7.842119783163070679e-02,-2.996186539530754089e-02,-4.590769484639167786e-02,9.317675232887268066e-02,-2.258116193115711212e-02,-4.337158054113388062e-02,-1.801082938909530640e-01,-1.865088790655136108e-01,7.737032771110534668e-01,-5.783113837242126465e-01,-1.618244568817317486e-03,4.716674331575632095e-03,1.155884121544659138e-03,-1.806317304726690054e-04,6.126141175627708435e-03,8.146522566676139832e-03,-1.208058092743158340e-03,-7.889322005212306976e-04,6.905888207256793976e-03
7.771622389554977417e-02,-2.145464904606342316e-02,-3.095967322587966919e-02,7.469530403614044189e-02,-1.787905953824520111e-02,-5.128205940127372742e-02,-1.711422801017761230e-01,-1.924919337034225464e-01,7.524471282958984375e-01,-5.582847595214843750e-01,-1.515414332970976830e-03,4.772583022713661194e-03,1.746862777508795261e-03,-1.771931420080363750e-04,6.123682949692010880e-03,8.078262209892272949e-03,-1.129277399741113186e-03,-8.109229966066777706e-04,6.804999429732561111e-03
7.650668919086456299e-02,-1.366190612316131592e-02,-1.784853078424930573e-02,5.914703756570816040e-02,-1.449982263147830963e-02,-5.869746208190917969e-02,-1.616777479648590088e-01,-1.952603012323379517e-01,7.281663417816162109e-01,-5.369096994400024414e-01,-1.746714231558144093e-03,4.807031247764825821e-03,2.166465623304247856e-03,-1.754751720000058413e-04,6.116429809480905533e-03,8.029698394238948822e-03,-1.015014597214758396e-03,-8.300215704366564751e-04,6.608217954635620117e-03
7.559163868427276611e-02,-6.762172095477581024e-03,-6.097869947552680969e-03,4.554535448551177979e-02,-1.201712712645530701e-02,-6.558042764663696289e-02,-1.519593894481658936e-01,-1.953656226396560669e-01,7.009612321853637695e-01,-5.137507915496826172e-01,-1.539911259897053242e-03,4.904652014374732971e-03,2.443624893203377724e-03,-1.742106833262369037e-04,6.105064414441585541e-03,7.944517768919467926e-03,-8.020332898013293743e-04,-8.435829076915979385e-04,6.414504721760749817e-03
7.449535280466079712e-02,-8.898516534827649593e-04,4.143047146499156952e-03,3.357068449258804321e-02,-1.014915388077497482e-02,-7.243755459785461426e-02,-1.422095000743865967e-01,-1.936939358711242676e-01,6.714969277381896973e-01,-4.884406328201293945e-01,-1.523120212368667126e-03,5.099611356854438782e-03,2.651666058227419853e-03,-1.734277029754593968e-04,6.102085113525390625e-03,7.874508388340473175e-03,-4.187648009974509478e-04,-8.498566458001732826e-04,6.140833254903554916e-03
7.299989461898803711e-02,3.847179235890507698e-03,1.256022229790687561e-02,2.378416061401367188e-02,-8.590464480221271515e-03,-7.814311236143112183e-02,-1.326179951429367065e-01,-1.900027841329574585e-01,6.403718590736389160e-01,-4.635823965072631836e-01,-1.715110731311142445e-03,5.225083325058221817e-03,2.806745003908872604e-03,-1.799144229153171182e-04,6.228441372513771057e-03,7.833843119442462921e-03,1.210218470077961683e-04,-8.565647876821458340e-04,6.010702811181545258e-03
7.198755443096160889e-02,6.942769512534141541e-03,1.868155039846897125e-02,1.803169585764408112e-02,-9.692119434475898743e-03,-8.142775297164916992e-02,-1.241003796458244324e-01,-1.839613020420074463e-01,6.072235107421875000e-01,-4.376440346240997314e-01,-1.395496656186878681e-03,5.459528882056474686e-03,2.909802831709384918e-03,-1.846942905103787780e-04,6.215060595422983170e-03,7.723532151430845261e-03,7.975872140377759933e-04,-8.285029325634241104e-04,5.469276569783687592e-03
7.049355655908584595e-02,8.525433950126171112e-03,2.330753207206726074e-02,1.513457018882036209e-02,-1.217210013419389725e-02,-8.504038304090499878e-02,-1.165244579315185547e-01,-1.756816059350967407e-01,5.727323889732360840e-01,-4.127020239830017090e-01,-1.556559000164270401e-03,5.693620536476373672e-03,2.975211478769779205e-03,-1.959971268661320210e-04,6.356982979923486710e-03,7.466522976756095886e-03,1.456491183489561081e-03,-8.016741485334932804e-04,5.298788659274578094e-03
6.970131397247314453e-02,8.713971823453903198e-03,2.625088766217231750e-02,1.594071649014949799e-02,-1.651554740965366364e-02,-8.662461489439010620e-02,-1.098931655287742615e-01,-1.651415526866912842e-01,5.377030968666076660e-01,-3.874906897544860840e-01,-9.700951632112264633e-04,5.919815972447395325e-03,3.054862143471837044e-03,-2.022755361394956708e-04,6.400354206562042236e-03,7.130040787160396576e-03,2.024646848440170288e-03,-7.582550169900059700e-04,5.261487793177366257e-03
6.814226508140563965e-02,7.491845637559890747e-03,2.774108946323394775e-02,2.019597589969635010e-02,-2.257508970797061920e-02,-8.868443220853805542e-02,-1.044849008321762085e-01,-1.520655602216720581e-01,5.014453530311584473e-01,-3.613345324993133545e-01,-1.142857479862868786e-03,6.098519079387187958e-03,3.126276424154639244e-03,-2.145294856745749712e-04,6.454943679273128510e-03,6.806008983403444290e-03,2.495155436918139458e-03,-7.183577981777489185e-04,5.208088085055351257e-03
6.691856682300567627e-02,4.887527786195278168e-03,2.814637683331966400e-02,2.771717682480812073e-02,-3.043337538838386536e-02,-8.981938660144805908e-02,-1.004477292299270630e-01,-1.367805451154708862e-01,4.643162786960601807e-01,-3.352549672126770020e-01,-8.309877594001591206e-04,6.137249525636434555e-03,3.201742190867662430e-03,-2.231304824817925692e-04,6.487944629043340683e-03,6.569374818354845047e-03,2.819429151713848114e-03,-6.699996883980929852e-04,5.177394021302461624e-03
6.622795015573501587e-02,1.262539299204945564e-03,2.801666781306266785e-02,3.779218718409538269e-02,-3.981567546725273132e-02,-9.066461771726608276e-02,-9.713778644800186157e-02,-1.200244948267936707e-01,4.270173013210296631e-01,-3.121266663074493408e-01,-1.429700059816241264e-04,6.231349892914295197e-03,3.296155482530593872e-03,-2.127148909494280815e-04,6.519043818116188049e-03,6.266826298087835312e-03,3.010031068697571754e-03,-6.122227059677243233e-04,5.174633115530014038e-03
6.558924168348312378e-02,-3.225375432521104813e-03,2.638929709792137146e-02,5.192912369966506958e-02,-5.138118192553520203e-02,-9.336116164922714233e-02,-9.432996064424514771e-02,-1.031220331788063049e-01,3.900316059589385986e-01,-2.903782129287719727e-01,4.114664334338158369e-04,6.285533308982849121e-03,3.382854629307985306e-03,-2.055944351013749838e-04,6.533807143568992615e-03,5.966066848486661911e-03,3.109512384980916977e-03,-5.785494577139616013e-04,5.130494944751262665e-03
6.510100513696670532e-02,-8.570422418415546417e-03,2.265414223074913025e-02,7.051130384206771851e-02,-6.520152837038040161e-02,-9.585516154766082764e-02,-9.258174151182174683e-02,-8.656272292137145996e-02,3.538753986358642578e-01,-2.673974037170410156e-01,8.610571385361254215e-04,6.299615371972322464e-03,3.469219431281089783e-03,-1.941952796187251806e-04,6.497963331639766693e-03,5.651196930557489395e-03,3.197189420461654663e-03,-5.489321192726492882e-04,5.022309720516204834e-03
6.406814604997634888e-02,-1.330539397895336151e-02,1.869656331837177277e-02,9.120830893516540527e-02,-8.757481724023818970e-02,-9.707963466644287109e-02,-9.633824229240417480e-02,-7.915917783975601196e-02,3.466472625732421875e-01,-2.491600364446640015e-01,1.974608312593773007e-04,6.263471674174070358e-03,2.505723154172301292e-03,-1.222824212163686752e-04,8.256511762738227844e-03,5.681073293089866638e-03,2.489249920472502708e-03,-5.010672030039131641e-04,8.175591006875038147e-03
5.989643186330795288e-02,-1.344916503876447678e-02,1.838651113212108612e-02,1.108995899558067322e-01,-1.229647845029830933e-01,-1.017621457576751709e-01,-9.750099480152130127e-02,-6.299456208944320679e-02,3.358560800552368164e-01,-2.505238354206085205e-01,-2.410421147942543030e-03,6.332582794129848480e-03,-4.595966602209955454e-04,-1.321776362601667643e-04,9.028621949255466461e-03,7.740679662674665451e-03,1.378304441459476948e-03,-4.734421381726861000e-04,1.004959270358085632e-02
5.309225246310234070e-02,-1.213105022907257080e-02,1.576902531087398529e-02,1.339087188243865967e-01,-1.513438224792480469e-01,-1.039413437247276306e-01,-9.707303345203399658e-02,-4.209956526756286621e-02,3.127429187297821045e-01,-2.457068562507629395e-01,-2.171026542782783508e-03,6.331453565508127213e-03,-2.907756017521023750e-03,-1.515204785391688347e-04,8.788136765360832214e-03,8.971874602138996124e-03,7.105027325451374054e-04,-4.728474013973027468e-04,1.005893666297197342e-02
4.273242503404617310e-02,-9.552044793963432312e-03,9.403294883668422699e-03,1.605002880096435547e-01,-1.726460754871368408e-01,-1.052912026643753052e-01,-9.578751027584075928e-02,-2.111005783081054688e-02,2.852164804935455322e-01,-2.380230724811553955e-01,-1.670884434133768082e-03,6.316651124507188797e-03,-4.296894650906324387e-03,-1.752789394231513143e-04,8.164415135979652405e-03,8.980493992567062378e-03,5.695419386029243469e-04,-4.757219867315143347e-04,9.806548245251178741e-03
3.167924657464027405e-02,-5.398146342486143112e-03,-6.362051935866475105e-04,1.888173520565032959e-01,-1.901137977838516235e-01,-1.060417667031288147e-01,-9.366127103567123413e-02,-9.932530811056494713e-04,2.556205093860626221e-01,-2.287477552890777588e-01,-8.433999610133469105e-04,6.300942972302436829e-03,-4.862004891037940979e-03,-1.993821933865547180e-04,7.214178796857595444e-03,8.963651955127716064e-03,5.368450656533241272e-04,-4.763790930155664682e-04,9.307296015322208405e-03
2.014114893972873688e-02,2.149741485482081771e-04,-1.453869603574275970e-02,2.193927615880966187e-01,-2.019077092409133911e-01,-1.070661693811416626e-01,-9.092277288436889648e-02,1.823546364903450012e-02,2.250747233629226685e-01,-2.186826169490814209e-01,-5.506994202733039856e-04,6.286398507654666901e-03,-4.915446043014526367e-03,-1.982829562621191144e-04,6.399639416486024857e-03,8.948320522904396057e-03,5.037137889303267002e-04,-4.748955543618649244e-04,8.682318031787872314e-03
1.401453651487827301e-02,6.871308200061321259e-03,-3.230293840169906616e-02,2.520472407341003418e-01,-2.081823945045471191e-01,-1.071117147803306580e-01,-8.774995058774948120e-02,3.603518754243850708e-02,1.956440061330795288e-01,-2.089048326015472412e-01,4.678792611230164766e-04,6.274263374507427216e-03,-4.927994683384895325e-03,-1.894808665383607149e-04,5.869405344128608704e-03,8.927312679588794708e-03,4.771803505718708038e-04,-4.745279147755354643e-04,8.058045059442520142e-03
6.333353463560342789e-03,1.455825753509998322e-02,-5.273704230785369873e-02,2.861669659614562988e-01,-2.146004885435104370e-01,-1.082880347967147827e-01,-8.418542146682739258e-02,5.242908000946044922e-02,1.683216691017150879e-01,-1.998567581176757812e-01,2.021666587097570300e-04,6.260726135224103928e-03,-4.955119919031858444e-03,-1.836311130318790674e-04,5.562078673392534256e-03,8.908045478165149689e-03,4.280440625734627247e-04,-4.676050448324531317e-04,7.646993268281221390e-03
-3.484543703962117434e-04,2.327442914247512817e-02,-7.507935166358947754e-02,3.213653564453125000e-01,-2.224153280258178711e-01,-1.095255017280578613e-01,-8.005528151988983154e-02,6.819241493940353394e-02,1.430498510599136353e-01,-1.923951804637908936e-01,-7.953697058837860823e-05,6.254948209971189499e-03,-5.015429109334945679e-03,-1.832050620578229427e-04,5.482852458953857422e-03,8.905350230634212494e-03,2.924898290075361729e-04,-4.594815836753696203e-04,7.562981452792882919e-03
-4.759809002280235291e-03,3.252791985869407654e-02,-9.975451976060867310e-02,3.583855330944061279e-01,-2.318947017192840576e-01,-1.102188751101493835e-01,-7.559917867183685303e-02,8.316154032945632935e-02,1.199275329709053040e-01,-1.860253065824508667e-01,8.600411092629656196e-05,6.252906285226345062e-03,-5.043006967753171921e-03,-1.813398412195965648e-04,5.391085520386695862e-03,8.895601145923137665e-03,1.670756173552945256e-04,-4.529690777417272329e-04,7.417893502861261368e-03
-7.552369032055139542e-03,4.185206070542335510e-02,-1.261910945177078247e-01,3.959744572639465332e-01,-2.407740205526351929e-01,-1.100557371973991394e-01,-7.104334980249404907e-02,9.689743071794509888e-02,9.986981749534606934e-02,-1.812254637479782104e-01,8.604688337072730064e-04,6.256287451833486557e-03,-5.071106832474470139e-03,-1.783296174835413694e-04,5.345973186194896698e-03,8.876160718500614166e-03,2.455501817166805267e-05,-4.460576456040143967e-04,7.289923261851072311e-03
-8.595186285674571991e-03,5.081066861748695374e-02,-1.552880704402923584e-01,4.352457821369171143e-01,-2.513978779315948486e-01,-1.103267893195152283e-01,-6.648529320955276489e-02,1.096874698996543884e-01,8.275761455297470093e-02,-1.781201958656311035e-01,9.027268388308584690e-04,6.256079766899347305e-03,-5.096498876810073853e-03,-1.741074374876916409e-04,5.328338593244552612e-03,8.863994851708412170e-03,-1.662805734667927027e-04,-4.387077933643013239e-04,7.162051741033792496e-03
-7.347435690462589264e-03,5.870248749852180481e-02,-1.870172321796417236e-01,4.753638505935668945e-01,-2.604776620864868164e-01,-1.112521886825561523e-01,-6.215510144829750061e-02,1.222461760044097900e-01,6.736072897911071777e-02,-1.761657893657684326e-01,2.920758561231195927e-04,6.256074178963899612e-03,-5.141517147421836853e-03,-1.770382659742608666e-04,5.360995884984731674e-03,8.861448615789413452e-03,-5.136040272191166878e-04,-4.289486387278884649e-04,7.031594403088092804e-03
-2.112355781719088554e-03,6.501155346632003784e-02,-2.208794504404067993e-01,5.152757763862609863e-01,-2.695452272891998291e-01,-1.115651801228523254e-01,-5.817158520221710205e-02,1.345715671777725220e-01,5.329606309533119202e-02,-1.750164777040481567e-01,3.219101054128259420e-04,6.258625537157058716e-03,-5.177120212465524673e-03,-1.759947772370651364e-04,5.402697250247001648e-03,8.862262591719627380e-03,-9.602270438335835934e-04,-4.206731682643294334e-04,6.916192360222339630e-03
2.217817120254039764e-03,7.007009536027908325e-02,-2.563841044902801514e-01,5.542619228363037109e-01,-2.781782150268554688e-01,-1.126899644732475281e-01,-5.453746393322944641e-02,1.451906710863113403e-01,4.299550130963325500e-02,-1.759305745363235474e-01,-4.150756285525858402e-04,6.256039720028638840e-03,-5.225742701441049576e-03,-1.791632821550592780e-04,5.415308754891157150e-03,8.858620189130306244e-03,-1.467952737584710121e-03,-4.150097374804317951e-04,6.774366833269596100e-03
9.759650565683841705e-03,7.365955412387847900e-02,-2.941175103187561035e-01,5.932075977325439453e-01,-2.903032004833221436e-01,-1.133799701929092407e-01,-5.093704536557197571e-02,1.546615511178970337e-01,3.528287634253501892e-02,-1.782329380512237549e-01,-5.722627975046634674e-04,6.257483735680580139e-03,-5.268515087664127350e-03,-1.785026543075218797e-04,5.417272448539733887e-03,8.861567825078964233e-03,-1.960034715011715889e-03,-4.068645648658275604e-04,6.701058242470026016e-03
1.881870068609714508e-02,7.574015110731124878e-02,-3.334816396236419678e-01,6.312379837036132812e-01,-3.053504824638366699e-01,-1.140382215380668640e-01,-4.737059399485588074e-02,1.624758690595626831e-01,3.077669255435466766e-02,-1.822162121534347534e-01,-6.916855345480144024e-04,6.262597627937793732e-03,-5.304370541125535965e-03,-1.761242601787671447e-04,5.425924900919198990e-03,8.861947804689407349e-03,-2.360562561079859734e-03,-4.035242891404777765e-04,6.590806413441896439e-03
3.064442425966262817e-02,7.619077712297439575e-02,-3.734646141529083252e-01,6.664807796478271484e-01,-3.177401721477508545e-01,-1.139025092124938965e-01,-4.378594458103179932e-02,1.689864546060562134e-01,2.870739810168743134e-02,-1.874501407146453857e-01,-1.323835895163938403e-04,6.283074151724576950e-03,-5.326995160430669785e-03,-1.694050151854753494e-04,5.428598262369632721e-03,8.866829797625541687e-03,-2.607947913929820061e-03,-3.975875151809304953e-04,6.538544781506061554e-03
4.128136485815048218e-02,7.556223869323730469e-02,-4.122381806373596191e-01,6.974552273750305176e-01,-3.288933932781219482e-01,-1.137285307049751282e-01,-4.031476750969886780e-02,1.741676628589630127e-01,2.924951910972595215e-02,-1.940764784812927246e-01,2.013118937611579895e-04,6.298458669334650040e-03,-5.347397178411483765e-03,-1.607365411473438144e-04,5.449261516332626343e-03,8.871066384017467499e-03,-2.717382041737437248e-03,-3.917751892004162073e-04,6.445385515689849854e-03
5.138130858540534973e-02,7.315137237310409546e-02,-4.494999349117279053e-01,7.236187458038330078e-01,-3.367637693881988525e-01,-1.135461181402206421e-01,-3.715043142437934875e-02,1.784043461084365845e-01,3.164029866456985474e-02,-2.017524391412734985e-01,3.119680040981620550e-04,6.317236926406621933e-03,-5.367588717490434647e-03,-1.515259064035490155e-04,5.467388313263654709e-03,8.873606100678443909e-03,-2.779742935672402382e-03,-3.835230600088834763e-04,6.349582690745592117e-03
5.955325067043304443e-02,6.890388578176498413e-02,-4.847609698772430420e-01,7.436834573745727539e-01,-3.414499759674072266e-01,-1.139702349901199341e-01,-3.433291986584663391e-02,1.808627694845199585e-01,3.717282414436340332e-02,-2.111028283834457397e-01,-1.400639594066888094e-04,6.321701221168041229e-03,-5.393011961132287979e-03,-1.463116059312596917e-04,5.486153531819581985e-03,8.874970488250255585e-03,-2.849194686859846115e-03,-3.800083941314369440e-04,6.259672343730926514e-03
6.843496114015579224e-02,6.231788173317909241e-02,-5.182753205299377441e-01,7.588926553726196289e-01,-3.438242375850677490e-01,-1.141724735498428345e-01,-3.166539967060089111e-02,1.825209707021713257e-01,4.407233372330665588e-02,-2.212172597646713257e-01,-2.504065341781824827e-04,6.337080150842666626e-03,-5.414141342043876648e-03,-1.388600067002698779e-04,5.484112538397312164e-03,8.878478780388832092e-03,-2.906869631260633469e-03,-3.715608327183872461e-04,6.224056240171194077e-03
7.435558736324310303e-02,5.439005792140960693e-02,-5.491961240768432617e-01,7.691101431846618652e-01,-3.442486226558685303e-01,-1.151012927293777466e-01,-2.900019288063049316e-02,1.834822446107864380e-01,5.210332944989204407e-02,-2.320423424243927002e-01,-9.222080116160213947e-04,6.336306687444448471e-03,-5.441704299300909042e-03,-1.372157857986167073e-04,5.477722734212875366e-03,8.887303061783313751e-03,-2.972258487716317177e-03,-3.620472562033683062e-04,6.171579472720623016e-03
7.898729294538497925e-02,4.489916563034057617e-02,-5.770779848098754883e-01,7.746990919113159180e-01,-3.416492342948913574e-01,-1.160459294915199280e-01,-2.615242265164852142e-02,1.852636337280273438e-01,5.849939957261085510e-02,-2.421994358301162720e-01,-1.327631645835936069e-03,6.339361425489187241e-03,-5.467487499117851257e-03,-1.360848837066441774e-04,5.471756216138601303e-03,8.904395624995231628e-03,-3.029044717550277710e-03,-3.528264351189136505e-04,6.173770874738693237e-03
8.251248300075531006e-02,3.381561487913131714e-02,-6.028364300727844238e-01,7.785826325416564941e-01,-3.368840515613555908e-01,-1.171114146709442139e-01,-2.283258363604545593e-02,1.867562085390090942e-01,6.512611359357833862e-02,-2.525573074817657471e-01,-1.609731581993401051e-03,6.336505524814128876e-03,-5.494511220604181290e-03,-1.359148736810311675e-04,5.403099581599235535e-03,8.917624130845069885e-03,-3.075474873185157776e-03,-3.446707269176840782e-04,6.165142636746168137e-03
8.495025336742401123e-02,2.132226713001728058e-02,-6.258386373519897461e-01,7.802668213844299316e-01,-3.299031853675842285e-01,-1.178352087736129761e-01,-1.904985122382640839e-02,1.876049488782882690e-01,7.266361266374588013e-02,-2.634418904781341553e-01,-1.467366935685276985e-03,6.345165893435478210e-03,-5.511897616088390350e-03,-1.317222922807559371e-04,5.372460931539535522e-03,8.923633955419063568e-03,-3.106951480731368065e-03,-3.380385460332036018e-04,6.160058081150054932e-03
8.437325060367584229e-02,8.540993556380271912e-03,-6.451117396354675293e-01,7.793292403221130371e-01,-3.194920718669891357e-01,-1.184284836053848267e-01,-1.479432731866836548e-02,1.887935250997543335e-01,7.946485280990600586e-02,-2.740822136402130127e-01,-1.285993377678096294e-03,6.353473756462335587e-03,-5.528687499463558197e-03,-1.274361857213079929e-04,5.338930524885654449e-03,8.933030068874359131e-03,-3.137817140668630600e-03,-3.307196311652660370e-04,6.169803906232118607e-03
8.379868417978286743e-02,-5.720669403672218323e-03,-6.615839600563049316e-01,7.777665853500366211e-01,-3.058315217494964600e-01,-1.188745424151420593e-01,-9.852605871856212616e-03,1.908384263515472412e-01,8.490605652332305908e-02,-2.842419147491455078e-01,-1.123110647313296795e-03,6.369687151163816452e-03,-5.540146492421627045e-03,-1.225465384777635336e-04,5.279072094708681107e-03,8.941467851400375366e-03,-3.164078341796994209e-03,-3.256674972362816334e-04,6.192760076373815536e-03
8.260164409875869751e-02,-2.090949378907680511e-02,-6.735668778419494629e-01,7.730386853218078613e-01,-2.916268110275268555e-01,-1.192780286073684692e-01,-4.148010164499282837e-03,1.939147710800170898e-01,8.902282267808914185e-02,-2.939964234828948975e-01,-1.026640413329005241e-03,6.381087470799684525e-03,-5.549843423068523407e-03,-1.182647538371384144e-04,5.242862738668918610e-03,8.950060233473777771e-03,-3.188802627846598625e-03,-3.200770879629999399e-04,6.224296987056732178e-03
8.087970316410064697e-02,-3.704738989472389221e-02,-6.814931631088256836e-01,7.673935294151306152e-01,-2.747664153575897217e-01,-1.196222752332687378e-01,2.258454682305455208e-03,1.974637955427169800e-01,9.313907474279403687e-02,-3.040324747562408447e-01,-9.877545526251196861e-04,6.390799302607774734e-03,-5.558271892368793488e-03,-1.148775845649652183e-04,5.209610331803560257e-03,8.956472389400005341e-03,-3.211759962141513824e-03,-3.140066692139953375e-04,6.240265443921089172e-03
7.851797342300415039e-02,-5.383275821805000305e-02,-6.849991679191589355e-01,7.600137591361999512e-01,-2.592354416847229004e-01,-1.201134845614433289e-01,9.365594014525413513e-03,2.015167474746704102e-01,9.745704382658004761e-02,-3.145091235637664795e-01,-1.089707249775528908e-03,6.395684089511632919e-03,-5.567208863794803619e-03,-1.128816365962848067e-04,5.169651471078395844e-03,8.962478488683700562e-03,-3.235608339309692383e-03,-3.067811194341629744e-04,6.257338915020227432e-03
7.687477022409439087e-02,-7.156119495630264282e-02,-6.852994561195373535e-01,7.528701424598693848e-01,-2.427876889705657959e-01,-1.204672753810882568e-01,1.715345121920108795e-02,2.057986110448837280e-01,1.024267375469207764e-01,-3.256142139434814453e-01,-1.042657298967242241e-03,6.406169850379228592e-03,-5.574347451329231262e-03,-1.098415159503929317e-04,5.120913498103618622e-03,8.971150033175945282e-03,-3.256769850850105286e-03,-2.980491553898900747e-04,6.252405699342489243e-03
7.532048970460891724e-02,-8.956379443407058716e-02,-6.824697256088256836e-01,7.438187003135681152e-01,-2.251336574554443359e-01,-1.210732161998748779e-01,2.560000866651535034e-02,2.107667773962020874e-01,1.069913581013679504e-01,-3.368879556655883789e-01,-1.198341371491551399e-03,6.413448136299848557e-03,-5.581905599683523178e-03,-1.057675690390169621e-04,5.096654873341321945e-03,8.983581326901912689e-03,-3.277071751654148102e-03,-2.857710933312773705e-04,6.250492297112941742e-03
7.246949523687362671e-02,-1.065030843019485474e-01,-6.759052276611328125e-01,7.331618070602416992e-01,-2.075610905885696411e-01,-1.217049136757850647e-01,3.448180854320526123e-02,2.160151749849319458e-01,1.124029606580734253e-01,-3.489573001861572266e-01,-1.275839982554316521e-03,6.419921293854713440e-03,-5.587067455053329468e-03,-1.025189048959873617e-04,5.091022234410047531e-03,8.991587907075881958e-03,-3.293682588264346123e-03,-2.732828434091061354e-04,6.240064743906259537e-03
6.974013149738311768e-02,-1.227023899555206299e-01,-6.652269959449768066e-01,7.202348709106445312e-01,-1.879386007785797119e-01,-1.221712902188301086e-01,4.354434460401535034e-02,2.214129269123077393e-01,1.195086836814880371e-01,-3.623283803462982178e-01,-1.180084305815398693e-03,6.427919492125511169e-03,-5.584312602877616882e-03,-9.760676039149984717e-05,5.098276305943727493e-03,9.000382386147975922e-03,-3.301832126453518867e-03,-2.629867813084274530e-04,6.216599605977535248e-03
6.637877970933914185e-02,-1.371086239814758301e-01,-6.501742005348205566e-01,7.053287029266357422e-01,-1.718304157257080078e-01,-1.221046447753906250e-01,5.255667865276336670e-02,2.264258861541748047e-01,1.295780837535858154e-01,-3.776257634162902832e-01,-5.877318908460438251e-04,6.440803408622741699e-03,-5.578410811722278595e-03,-9.014341048896312714e-05,5.123082548379898071e-03,8.997667580842971802e-03,-3.305523423478007317e-03,-2.540556888561695814e-04,6.174818612635135651e-03
6.295991688966751099e-02,-1.493429392576217651e-01,-6.314666867256164551e-01,6.893725395202636719e-01,-1.535693258047103882e-01,-1.214619204401969910e-01,6.154976785182952881e-02,2.314180880784988403e-01,1.420932561159133911e-01,-3.946325778961181641e-01,3.846617182716727257e-04,6.463296245783567429e-03,-5.565139930695295334e-03,-8.026036084629595280e-05,5.110661033540964127e-03,8.956640027463436127e-03,-3.303249599412083626e-03,-2.458818198647350073e-04,6.140531506389379501e-03
5.968125537037849426e-02,-1.595508158206939697e-01,-6.094379425048828125e-01,6.720255613327026367e-01,-1.380815505981445312e-01,-1.204868257045745850e-01,7.029335945844650269e-02,2.357812821865081787e-01,1.580205559730529785e-01,-4.138391315937042236e-01,1.385161536745727062e-03,6.489661522209644318e-03,-5.548248998820781708e-03,-6.858607230242341757e-05,5.112809594720602036e-03,8.897875435650348663e-03,-3.283254336565732956e-03,-2.402622922090813518e-04,6.055923178791999817e-03
5.688068270683288574e-02,-1.678373366594314575e-01,-5.847408771514892578e-01,6.537365913391113281e-01,-1.232019141316413879e-01,-1.194494962692260742e-01,7.854625582695007324e-02,2.397419512271881104e-01,1.768904328346252441e-01,-4.350425004959106445e-01,2.143166726455092430e-03,6.517054047435522079e-03,-5.528639070689678192e-03,-5.588891508523374796e-05,5.108508281409740448e-03,8.864125236868858337e-03,-3.258503740653395653e-03,-2.355424076085910201e-04,5.967583972960710526e-03
5.423443019390106201e-02,-1.737244427204132080e-01,-5.578015446662902832e-01,6.349686384201049805e-01,-1.092804595828056335e-01,-1.180661246180534363e-01,8.614678680896759033e-02,2.434267401695251465e-01,1.983204782009124756e-01,-4.580328762531280518e-01,2.861957298591732979e-03,6.543285679072141647e-03,-5.509382113814353943e-03,-4.335485573392361403e-05,5.107515957206487656e-03,8.843705058097839355e-03,-3.239078680053353310e-03,-2.307383983861654997e-04,5.844422150403261185e-03
5.122944712638854980e-02,-1.725466549396514893e-01,-5.517762899398803711e-01,6.498289704322814941e-01,-1.121652722358703613e-01,-1.190881505608558655e-01,8.973058313131332397e-02,2.460347563028335571e-01,2.202361971139907837e-01,-4.788456857204437256e-01,8.730712579563260078e-04,6.408505141735076904e-03,-5.300479941070079803e-03,-4.753243047161959112e-05,8.466663770377635956e-03,8.301578462123870850e-03,-2.768534002825617790e-03,-2.916243392974138260e-04,6.686939392238855362e-03
5.153013393282890320e-02,-1.750761419534683228e-01,-5.501445531845092773e-01,6.727392077445983887e-01,-1.335280388593673706e-01,-1.155388951301574707e-01,8.318223059177398682e-02,2.464275360107421875e-01,2.397724688053131104e-01,-4.903424680233001709e-01,4.164297715760767460e-04,6.446830928325653076e-03,-5.285164806991815567e-03,-5.232707189861685038e-05,1.064130943268537521e-02,8.188952691853046417e-03,-2.580446191132068634e-03,-2.820018271449953318e-04,6.982689257711172104e-03
5.154962837696075439e-02,-1.794688999652862549e-01,-5.437236428260803223e-01,6.832348704338073730e-01,-1.483359336853027344e-01,-1.076770201325416565e-01,7.389447093009948730e-02,2.449306398630142212e-01,2.600645124912261963e-01,-5.038534402847290039e-01,4.846096999244764447e-05,6.451884750276803970e-03,-5.270214285701513290e-03,-4.506584809860214591e-05,1.064372435212135315e-02,8.108726702630519867e-03,-2.555412705987691879e-03,-2.571878139860928059e-04,7.120515219867229462e-03
5.213915556669235229e-02,-1.845700293779373169e-01,-5.334198474884033203e-01,6.850501894950866699e-01,-1.585737317800521851e-01,-9.722395986318588257e-02,6.240344792604446411e-02,2.425895482301712036e-01,2.831116616725921631e-01,-5.166411399841308594e-01,1.575027708895504475e-04,6.451626308262348175e-03,-5.252259783446788788e-03,-3.798428224399685860e-05,1.059584785252809525e-02,8.046914823353290558e-03,-2.535438397899270058e-03,-2.373211318626999855e-04,7.248706649988889694e-03
5.320606008172035217e-02,-1.896681934595108032e-01,-5.198880434036254883e-01,6.805713176727294922e-01,-1.654214560985565186e-01,-8.566626161336898804e-02,4.894826561212539673e-02,2.398862391710281372e-01,3.093675971031188965e-01,-5.297862291336059570e-01,3.996442537754774094e-04,6.450819317251443863e-03,-5.231684539467096329e-03,-3.265148916398175061e-05,1.050888840109109879e-02,8.001650683581829071e-03,-2.518524881452322006e-03,-2.200214512413367629e-04,7.334466557949781418e-03
5.528563633561134338e-02,-1.942050457000732422e-01,-5.038188099861145020e-01,6.716731190681457520e-01,-1.701180934906005859e-01,-7.192269712686538696e-02,3.395627066493034363e-02,2.369569987058639526e-01,3.382843136787414551e-01,-5.406648516654968262e-01,1.143355504609644413e-03,6.445377133786678314e-03,-5.206090863794088364e-03,-2.775685607048217207e-05,1.043574791401624680e-02,7.962898351252079010e-03,-2.500754781067371368e-03,-2.093494113069027662e-04,7.368146907538175583e-03
5.721135064959526062e-02,-1.978852450847625732e-01,-4.861780107021331787e-01,6.592025160789489746e-01,-1.727413386106491089e-01,-5.767747387290000916e-02,1.757236570119857788e-02,2.330751568078994751e-01,3.700854778289794922e-01,-5.499519705772399902e-01,1.257428084500133991e-03,6.432676222175359726e-03,-5.184254143387079239e-03,-2.674340430530719459e-05,1.037424150854349136e-02,7.934690453112125397e-03,-2.481927629560232162e-03,-1.978328800760209560e-04,7.373624481260776520e-03
5.876218900084495544e-02,-2.004688382148742676e-01,-4.677656888961791992e-01,6.437663435935974121e-01,-1.734490394592285156e-01,-4.366295039653778076e-02,8.754017471801489592e-05,2.275315374135971069e-01,4.044440090656280518e-01,-5.587944984436035156e-01,1.108854776248335838e-03,6.404827814549207687e-03,-5.168916657567024231e-03,-2.714481524890288711e-05,1.026239711791276932e-02,7.924243807792663574e-03,-2.467296784743666649e-03,-1.856298476923257113e-04,7.385621313005685806e-03
6.002063304185867310e-02,-2.017105668783187866e-01,-4.491752684116363525e-01,6.260099411010742188e-01,-1.724793910980224609e-01,-2.953505516052246094e-02,-1.784631609916687012e-02,2.202001810073852539e-01,4.404948651790618896e-01,-5.681533813476562500e-01,9.904945036396384239e-04,6.374246440827846527e-03,-5.152205936610698700e-03,-3.006133374583441764e-05,1.012382190674543381e-02,7.913618348538875580e-03,-2.451754873618483543e-03,-1.785247004590928555e-04,7.393533829599618912e-03
6.130504980683326721e-02,-2.016901820898056030e-01,-4.305651783943176270e-01,6.060933470726013184e-01,-1.699542552232742310e-01,-1.578158512711524963e-02,-3.612471744418144226e-02,2.104543000459671021e-01,4.779412448406219482e-01,-5.769510269165039062e-01,1.052719191648066044e-03,6.352650932967662811e-03,-5.129287950694561005e-03,-3.457262209849432111e-05,9.968631900846958160e-03,7.897267118096351624e-03,-2.431777538731694221e-03,-1.789297384675592184e-04,7.389844395220279694e-03
6.237678974866867065e-02,-2.007141262292861938e-01,-4.118490815162658691e-01,5.836663246154785156e-01,-1.656607091426849365e-01,-4.208839498460292816e-03,-5.507843941450119019e-02,1.982352882623672485e-01,5.145009756088256836e-01,-5.867240428924560547e-01,1.045586890541017056e-03,6.332173943519592285e-03,-5.105280317366123199e-03,-4.496043038670904934e-05,9.835089556872844696e-03,7.886174134910106659e-03,-2.411570167168974876e-03,-1.854841102613136172e-04,7.374628446996212006e-03
6.327997148036956787e-02,-1.988207399845123291e-01,-3.931484520435333252e-01,5.588071346282958984e-01,-1.596384048461914062e-01,6.640755571424961090e-03,-7.393141090869903564e-02,1.835572272539138794e-01,5.500891208648681641e-01,-5.946391224861145020e-01,1.036882633343338966e-03,6.306988652795553207e-03,-5.079272668808698654e-03,-5.473574492498300970e-05,9.664633311331272125e-03,7.874372415244579315e-03,-2.390097826719284058e-03,-1.926629629451781511e-04,7.369702216237783432e-03
6.417067348957061768e-02,-1.958832293748855591e-01,-3.744344711303710938e-01,5.321797728538513184e-01,-1.523064374923706055e-01,1.630615815520286560e-02,-9.217693656682968140e-02,1.660993248224258423e-01,5.861405134201049805e-01,-6.002582907676696777e-01,1.081472961232066154e-03,6.282542832195758820e-03,-5.050376523286104202e-03,-6.271641177590936422e-05,9.484604932367801666e-03,7.857207208871841431e-03,-2.368567977100610733e-03,-2.025786670856177807e-04,7.363778539001941681e-03
6.517600268125534058e-02,-1.919357031583786011e-01,-3.553295433521270752e-01,5.043104887008666992e-01,-1.441342234611511230e-01,2.294328436255455017e-02,-1.098193302750587463e-01,1.460565924644470215e-01,6.222233176231384277e-01,-6.060180664062500000e-01,1.155124627985060215e-03,6.258943118155002594e-03,-5.021369084715843201e-03,-6.934490374987944961e-05,9.345512837171554565e-03,7.840674370527267456e-03,-2.349402289837598801e-03,-2.147030609194189310e-04,7.356749847531318665e-03
6.592293828725814819e-02,-1.869044601917266846e-01,-3.354349434375762939e-01,4.753177165985107422e-01,-1.352478265762329102e-01,2.708884887397289276e-02,-1.260119974613189697e-01,1.246208176016807556e-01,6.571139097213745117e-01,-6.123664975166320801e-01,9.580996120348572731e-04,6.226466037333011627e-03,-4.995433147996664047e-03,-7.669213664485141635e-05,9.223789907991886139e-03,7.830418646335601807e-03,-2.330929506570100784e-03,-2.223066403530538082e-04,7.377440575510263443e-03
6.632558256387710571e-02,-1.809807121753692627e-01,-3.142021596431732178e-01,4.447921216487884521e-01,-1.255705803632736206e-01,2.771439589560031891e-02,-1.408861577510833740e-01,1.020469218492507935e-01,6.898823380470275879e-01,-6.165852546691894531e-01,6.285684066824615002e-04,6.202036514878273010e-03,-4.969880916178226471e-03,-8.357113256352022290e-05,9.140214882791042328e-03,7.820516824722290039e-03,-2.313738455995917320e-03,-2.324149099877104163e-04,7.397141773253679276e-03
6.728973984718322754e-02,-1.741209775209426880e-01,-2.919054925441741943e-01,4.132018089294433594e-01,-1.153681352734565735e-01,2.780104614794254303e-02,-1.538349986076354980e-01,7.924140989780426025e-02,7.189589142799377441e-01,-6.226972937583923340e-01,8.302816422656178474e-04,6.175891496241092682e-03,-4.933767020702362061e-03,-8.860586967784911394e-05,8.978701196610927582e-03,7.805780041962862015e-03,-2.292332239449024200e-03,-2.478382375556975603e-04,7.410397287458181381e-03
6.831138581037521362e-02,-1.661474555730819702e-01,-2.695723474025726318e-01,3.820863664150238037e-01,-1.053532958030700684e-01,2.560279145836830139e-02,-1.648823618888854980e-01,5.503253638744354248e-02,7.460418343544006348e-01,-6.254281997680664062e-01,9.046460036188364029e-04,6.149203982204198837e-03,-4.882957786321640015e-03,-9.172774298349395394e-05,8.465745486319065094e-03,7.790697272866964340e-03,-2.270771889016032219e-03,-2.625429478939622641e-04,7.404955569654703140e-03
6.910531967878341675e-02,-1.571781188249588013e-01,-2.476543188095092773e-01,3.521664440631866455e-01,-9.585106372833251953e-02,2.186950482428073883e-02,-1.739679425954818726e-01,3.086378239095211029e-02,7.682932019233703613e-01,-6.270877718925476074e-01,7.564746774733066559e-04,6.095144897699356079e-03,-4.798413719981908798e-03,-9.523839253233745694e-05,7.880250923335552216e-03,7.771078497171401978e-03,-2.252657664939761162e-03,-2.751022402662783861e-04,7.382150273770093918e-03
6.983878463506698608e-02,-1.474506258964538574e-01,-2.266069650650024414e-01,3.238998055458068848e-01,-8.705919981002807617e-02,1.706885732710361481e-02,-1.811114996671676636e-01,6.763206794857978821e-03,7.854809165000915527e-01,-6.263877749443054199e-01,6.747070001438260078e-04,6.044738925993442535e-03,-4.643301013857126236e-03,-9.842284634942188859e-05,7.272354327142238617e-03,7.745782379060983658e-03,-2.233759267255663872e-03,-2.897108788602054119e-04,7.343039382249116898e-03
7.049004733562469482e-02,-1.369676887989044189e-01,-2.064461708068847656e-01,2.971821129322052002e-01,-7.890314608812332153e-02,1.358314137905836105e-02,-1.857705861330032349e-01,-1.593139953911304474e-02,7.973167300224304199e-01,-6.240586638450622559e-01,5.753134028054773808e-04,5.985213909298181534e-03,-4.325434565544128418e-03,-1.031812498695217073e-04,6.893552374094724655e-03,7.723787333816289902e-03,-2.211727434769272804e-03,-3.051607927773147821e-04,7.323235739022493362e-03
7.093795388936996460e-02,-1.259997636079788208e-01,-1.872759014368057251e-01,2.725318074226379395e-01,-7.169381529092788696e-02,9.885047562420368195e-03,-1.887579262256622314e-01,-3.669587150216102600e-02,8.023360371589660645e-01,-6.183015704154968262e-01,4.366682260297238827e-04,5.897133611142635345e-03,-3.926373552531003952e-03,-1.052262814482674003e-04,6.736221723258495331e-03,7.691903971135616302e-03,-2.193101216107606888e-03,-3.234992618672549725e-04,7.263664156198501587e-03
7.053586840629577637e-02,-1.148181036114692688e-01,-1.688693314790725708e-01,2.494794726371765137e-01,-6.516362726688385010e-02,4.400348290801048279e-03,-1.901762187480926514e-01,-5.554141104221343994e-02,8.015345335006713867e-01,-6.103208661079406738e-01,-3.883306635543704033e-04,5.824034567922353745e-03,-3.451004391536116600e-03,-1.094559775083325803e-04,6.664082407951354980e-03,7.666972000151872635e-03,-2.171988133341073990e-03,-3.419290878809988499e-04,7.225525565445423126e-03
6.995394825935363770e-02,-1.035997793078422546e-01,-1.514624208211898804e-01,2.285126745700836182e-01,-5.961433053016662598e-02,-2.521010581403970718e-03,-1.899202316999435425e-01,-7.267202436923980713e-02,7.956777811050415039e-01,-6.020436286926269531e-01,-1.029920415021479130e-03,5.686542484909296036e-03,-2.953881165012717247e-03,-1.121800160035490990e-04,6.581060588359832764e-03,7.637462578713893890e-03,-2.153099281713366508e-03,-3.631258150562644005e-04,7.145437411963939667e-03
6.964055448770523071e-02,-9.252633154392242432e-02,-1.348819583654403687e-01,2.090872824192047119e-01,-5.480977147817611694e-02,-8.532922714948654175e-03,-1.878516525030136108e-01,-8.755298703908920288e-02,7.853971719741821289e-01,-5.906032323837280273e-01,-1.153482589870691299e-03,5.599658004939556122e-03,-2.377760829403996468e-03,-1.164359055110253394e-04,6.508217193186283112e-03,7.598786149173974991e-03,-2.124595222994685173e-03,-3.861933364532887936e-04,7.084033917635679245e-03
6.914261728525161743e-02,-8.182407170534133911e-02,-1.190443187952041626e-01,1.904644519090652466e-01,-5.025660619139671326e-02,-1.486849226057529449e-02,-1.841746121644973755e-01,-1.005976125597953796e-01,7.711875438690185547e-01,-5.765376091003417969e-01,-1.262217294424772263e-03,5.563272163271903992e-03,-1.736711361445486546e-03,-1.207069581141695380e-04,6.457421928644180298e-03,7.558753713965415955e-03,-2.091346075758337975e-03,-4.130334709770977497e-04,6.971587892621755600e-03
6.869756430387496948e-02,-7.182958722114562988e-02,-1.042333170771598816e-01,1.730368733406066895e-01,-4.617056995630264282e-02,-2.129029855132102966e-02,-1.794486343860626221e-01,-1.114678308367729187e-01,7.529426813125610352e-01,-5.627547502517700195e-01,-1.196407596580684185e-03,5.558375734835863113e-03,-1.082883100025355816e-03,-1.242096914211288095e-04,6.432238034904003143e-03,7.488867733627557755e-03,-2.036800142377614975e-03,-4.418254538904875517e-04,6.736930925399065018e-03
6.823838502168655396e-02,-6.254030764102935791e-02,-9.002350270748138428e-02,1.563986688852310181e-01,-4.241464287042617798e-02,-3.035014308989048004e-02,-1.734541654586791992e-01,-1.209473013877868652e-01,7.322549819946289062e-01,-5.490695238113403320e-01,-1.050362945534288883e-03,5.572681780904531479e-03,-4.400013713166117668e-04,-1.280784490518271923e-04,6.419258657842874527e-03,7.439227774739265442e-03,-1.987510593608021736e-03,-4.733626847155392170e-04,6.657324731349945068e-03
6.828846037387847900e-02,-5.384759232401847839e-02,-7.578661292791366577e-02,1.397530883550643921e-01,-3.869951516389846802e-02,-4.030617326498031616e-02,-1.661241203546524048e-01,-1.280617415904998779e-01,7.082337737083435059e-01,-5.325365662574768066e-01,-4.671100468840450048e-04,5.659904796630144119e-03,2.326701796846464276e-04,-1.323722681263461709e-04,6.412992719560861588e-03,7.370143197476863861e-03,-1.906880293972790241e-03,-5.045123980380594730e-04,6.605126429349184036e-03
6.873281300067901611e-02,-4.566775634884834290e-02,-6.247922033071517944e-02,1.247724220156669617e-01,-3.580619022250175476e-02,-4.851976037025451660e-02,-1.577080190181732178e-01,-1.319070905447006226e-01,6.810542345046997070e-01,-5.139539837837219238e-01,3.342029231134802103e-04,5.782258231192827225e-03,9.500459418632090092e-04,-1.265037717530503869e-04,6.384016014635562897e-03,7.279179058969020844e-03,-1.757232705131173134e-03,-5.297073512338101864e-04,6.543940398842096329e-03
6.806574016809463501e-02,-3.806189075112342834e-02,-5.048317089676856995e-02,1.116368696093559265e-01,-3.363409638404846191e-02,-5.741956830024719238e-02,-1.485604941844940186e-01,-1.331724226474761963e-01,6.522430181503295898e-01,-4.964160025119781494e-01,2.549383498262614012e-05,5.834712646901607513e-03,1.624128548428416252e-03,-1.226501626661047339e-04,6.366819143295288086e-03,7.242603693157434464e-03,-1.514506642706692219e-03,-5.559491692110896111e-04,6.441374309360980988e-03
6.755385547876358032e-02,-3.128696978092193604e-02,-4.106653109192848206e-02,1.020696088671684265e-01,-3.304364532232284546e-02,-6.519617885351181030e-02,-1.392973810434341431e-01,-1.329584568738937378e-01,6.219686269760131836e-01,-4.759334325790405273e-01,2.800028050842229277e-05,5.858301185071468353e-03,2.150093205273151398e-03,-1.179085011244751513e-04,6.312626414000988007e-03,7.175746839493513107e-03,-1.189285423606634140e-03,-5.763336666859686375e-04,6.120021920651197433e-03
6.682378798723220825e-02,-2.569555118680000305e-02,-3.389584645628929138e-02,9.531487524509429932e-02,-3.360516950488090515e-02,-7.128570228815078735e-02,-1.306796967983245850e-01,-1.308238357305526733e-01,5.896534323692321777e-01,-4.530377984046936035e-01,-1.745451882015913725e-04,5.892553832381963730e-03,2.530802972614765167e-03,-1.175712895928882062e-04,6.308414041996002197e-03,7.076698355376720428e-03,-6.456151022575795650e-04,-5.892956396564841270e-04,5.724143702536821365e-03
6.601562350988388062e-02,-2.160530723631381989e-02,-2.868865057826042175e-02,9.106818586587905884e-02,-3.521110862493515015e-02,-7.422803342342376709e-02,-1.234428957104682922e-01,-1.262659579515457153e-01,5.554009675979614258e-01,-4.286149442195892334e-01,-3.269197186455130577e-04,5.907584913074970245e-03,2.722090575844049454e-03,-1.215462543768808246e-04,6.318022496998310089e-03,6.978262215852737427e-03,1.099569053621962667e-04,-5.895238718949258327e-04,5.276535172015428543e-03
6.494720280170440674e-02,-1.914399303495883942e-02,-2.574417926371097565e-02,9.043273329734802246e-02,-3.848666697740554810e-02,-7.486826926469802856e-02,-1.177311092615127563e-01,-1.191488951444625854e-01,5.192175507545471191e-01,-4.055760502815246582e-01,-6.216742331162095070e-04,5.918696522712707520e-03,2.796639921143651009e-03,-1.312068634433671832e-04,6.334859412163496017e-03,6.827506236732006073e-03,9.552102419547736645e-04,-5.765174282714724541e-04,4.969466477632522583e-03
6.374646723270416260e-02,-1.812833361327648163e-02,-2.490854263305664062e-02,9.375519305467605591e-02,-4.369591549038887024e-02,-7.513423264026641846e-02,-1.130032017827033997e-01,-1.104258894920349121e-01,4.829825162887573242e-01,-3.827974498271942139e-01,-8.785653044469654560e-04,5.927554797381162643e-03,2.861654618754982948e-03,-1.409147953381761909e-04,6.346643902361392975e-03,6.671251263469457626e-03,1.729798852466046810e-03,-5.530746420845389366e-04,4.841405898332595825e-03
6.312696635723114014e-02,-1.847115531563758850e-02,-2.487910352647304535e-02,9.999638050794601440e-02,-5.055111646652221680e-02,-7.519199699163436890e-02,-1.089381799101829529e-01,-9.960509836673736572e-02,4.459490776062011719e-01,-3.594996035099029541e-01,-5.623291945084929466e-04,6.107869092375040054e-03,2.983365440741181374e-03,-1.466031681047752500e-04,6.548465695232152939e-03,6.502687465399503708e-03,2.421552315354347229e-03,-5.178173305466771126e-04,4.939977079629898071e-03
6.301944702863693237e-02,-1.991551369428634644e-02,-2.497158572077751160e-02,1.079996675252914429e-01,-5.828687548637390137e-02,-7.510946691036224365e-02,-1.054612174630165100e-01,-8.725631982088088989e-02,4.095323979854583740e-01,-3.367703557014465332e-01,1.038508635247126222e-04,6.345062982290983200e-03,3.038528608158230782e-03,-1.484399253968149424e-04,6.607986986637115479e-03,6.205050274729728699e-03,2.832438098266720772e-03,-4.720065335277467966e-04,4.917525220662355423e-03
6.289618462324142456e-02,-2.249233610928058624e-02,-2.601596526801586151e-02,1.197810843586921692e-01,-6.844709068536758423e-02,-7.514238357543945312e-02,-1.030461192131042480e-01,-7.313739508390426636e-02,3.729470074176788330e-01,-3.116573095321655273e-01,5.331544089131057262e-04,6.524856667965650558e-03,3.088028170168399811e-03,-1.515556359663605690e-04,6.648443639278411865e-03,5.748424213379621506e-03,3.032286651432514191e-03,-4.289546341169625521e-04,4.871135577559471130e-03
6.225767731666564941e-02,-2.588420733809471130e-02,-2.817668020725250244e-02,1.351046115159988403e-01,-8.053532242774963379e-02,-7.645238190889358521e-02,-1.012703403830528259e-01,-5.855266004800796509e-02,3.382725715637207031e-01,-2.902692556381225586e-01,4.512776504270732403e-04,6.533670239150524139e-03,3.130492521449923515e-03,-1.565152197144925594e-04,6.655835080891847610e-03,5.404179915785789490e-03,3.089000936597585678e-03,-4.192303167656064034e-04,4.835522733628749847e-03
6.119523197412490845e-02,-2.988917566835880280e-02,-3.214299678802490234e-02,1.542056649923324585e-01,-9.449887275695800781e-02,-7.594386488199234009e-02,-1.010036915540695190e-01,-4.368722066283226013e-02,3.054515421390533447e-01,-2.589714527130126953e-01,1.142858309322036803e-04,6.520323920994997025e-03,3.136266488581895828e-03,-1.597558730281889439e-04,6.564553361386060715e-03,5.341112613677978516e-03,3.089661244302988052e-03,-4.144430859014391899e-04,4.658990073949098587e-03
5.856898799538612366e-02,-3.222380578517913818e-02,-3.403197228908538818e-02,1.733118742704391479e-01,-1.209169775247573853e-01,-7.872815430164337158e-02,-1.040136441588401794e-01,-3.727458417415618896e-02,3.070099055767059326e-01,-2.483633160591125488e-01,-2.531861886382102966e-03,6.546163465827703476e-03,1.386966323480010033e-03,-1.017181712086312473e-04,9.215814992785453796e-03,5.996200256049633026e-03,1.908171689137816429e-03,-3.629070706665515900e-04,9.251171723008155823e-03
5.589114502072334290e-02,-3.148876503109931946e-02,-3.435564413666725159e-02,1.921876966953277588e-01,-1.539566069841384888e-01,-8.245007693767547607e-02,-1.036463677883148193e-01,-1.773435063660144806e-02,2.903578579425811768e-01,-2.475434541702270508e-01,-3.943582996726036072e-03,6.610222626477479935e-03,-1.676148967817425728e-03,-1.399384927935898304e-04,9.266365319490432739e-03,8.634511381387710571e-03,6.188808474689722061e-04,-3.517954028211534023e-04,9.686106815934181213e-03
4.883037507534027100e-02,-2.943820878863334656e-02,-3.774880245327949524e-02,2.145003378391265869e-01,-1.811533421277999878e-01,-8.409805595874786377e-02,-1.022946313023567200e-01,3.166399896144866943e-03,2.663591206073760986e-01,-2.419714778661727905e-01,-3.220441751182079315e-03,6.605156697332859039e-03,-3.842958947643637657e-03,-1.664634473854675889e-04,8.734080940485000610e-03,9.515238925814628601e-03,-9.410268830833956599e-05,-3.554232243914157152e-04,9.632047265768051147e-03
3.947566449642181396e-02,-2.598950080573558807e-02,-4.566682875156402588e-02,2.390515357255935669e-01,-2.029418945312500000e-01,-8.463764190673828125e-02,-1.001026481389999390e-01,2.212960273027420044e-02,2.404907941818237305e-01,-2.346253693103790283e-01,-1.914084656164050102e-03,6.591583602130413055e-03,-4.923137370496988297e-03,-2.142695884685963392e-04,7.454674225300550461e-03,9.499649517238140106e-03,-2.323819207958877087e-04,-3.572318237274885178e-04,8.996657095849514008e-03
3.014171496033668518e-02,-2.100943773984909058e-02,-5.855680629611015320e-02,2.661574780941009521e-01,-2.193185091018676758e-01,-8.529348671436309814e-02,-9.706843644380569458e-02,3.887781128287315369e-02,2.146285921335220337e-01,-2.267384231090545654e-01,-1.044144621118903160e-03,6.578425876796245575e-03,-5.188774317502975464e-03,-2.598738647066056728e-04,6.121585145592689514e-03,9.483803063631057739e-03,-2.600996522232890129e-04,-3.555370203685015440e-04,8.245448581874370575e-03
2.121144905686378479e-02,-1.473104208707809448e-02,-7.531613856554031372e-02,2.947620153427124023e-01,-2.310991138219833374e-01,-8.621766418218612671e-02,-9.339538961648941040e-02,5.365166813135147095e-02,1.898749768733978271e-01,-2.190958708524703979e-01,-6.583575159311294556e-04,6.567360833287239075e-03,-5.209694616496562958e-03,-2.527720353100448847e-04,5.281743593513965607e-03,9.471082128584384918e-03,-2.897602680604904890e-04,-3.519403981044888496e-04,7.654316257685422897e-03
1.561745814979076385e-02,-7.557671982795000076e-03,-9.548584371805191040e-02,3.255078196525573730e-01,-2.378419786691665649e-01,-8.643849194049835205e-02,-8.926878869533538818e-02,6.628134846687316895e-02,1.679059565067291260e-01,-2.126431465148925781e-01,1.927724370034411550e-04,6.558270659297704697e-03,-5.223539657890796661e-03,-2.441805554553866386e-04,5.019850563257932663e-03,9.448391385376453400e-03,-3.172166470903903246e-04,-3.483569307718425989e-04,7.369181606918573380e-03
1.146321278065443039e-02,-9.831008355831727386e-05,-1.181073039770126343e-01,3.585478663444519043e-01,-2.456817924976348877e-01,-8.640242367982864380e-02,-8.508279174566268921e-02,7.745948433876037598e-02,1.487254649400711060e-01,-2.076033353805541992e-01,9.466105257160961628e-04,6.558062508702278137e-03,-5.237614735960960388e-03,-2.374333853367716074e-04,5.018060095608234406e-03,9.385637938976287842e-03,-3.534907009452581406e-04,-3.428299096412956715e-04,7.236243691295385361e-03
7.605626713484525681e-03,7.227895781397819519e-03,-1.422372013330459595e-01,3.923061490058898926e-01,-2.543546557426452637e-01,-8.708455413579940796e-02,-8.106643706560134888e-02,8.798941224813461304e-02,1.321973353624343872e-01,-2.039054632186889648e-01,7.141521782614290714e-04,6.560733076184988022e-03,-5.286972038447856903e-03,-2.321002539247274399e-04,5.135028157383203506e-03,9.359600953757762909e-03,-5.163219757378101349e-04,-3.330293984618037939e-04,7.182833738625049591e-03
3.734770929440855980e-03,1.425921823829412460e-02,-1.678314656019210815e-01,4.275637269020080566e-01,-2.660344243049621582e-01,-8.789597451686859131e-02,-7.744115591049194336e-02,9.799621999263763428e-02,1.181149110198020935e-01,-2.019198536872863770e-01,3.437803825363516808e-04,6.562948692589998245e-03,-5.324789788573980331e-03,-2.329771814402192831e-04,5.171180702745914459e-03,9.347847662866115570e-03,-8.192146196961402893e-04,-3.226556291338056326e-04,7.037072908133268356e-03
2.058395883068442345e-03,2.080901525914669037e-02,-1.952847987413406372e-01,4.643107056617736816e-01,-2.757652103900909424e-01,-8.832998573780059814e-02,-7.409168034791946411e-02,1.074715107679367065e-01,1.064425855875015259e-01,-2.013873308897018433e-01,2.731076674535870552e-04,6.565182935446500778e-03,-5.357229150831699371e-03,-2.308781404281035066e-04,5.205922760069370270e-03,9.345361962914466858e-03,-1.156418933533132076e-03,-3.135616425424814224e-04,6.938818842172622681e-03
1.337606110610067844e-03,2.721442654728889465e-02,-2.244363129138946533e-01,5.021862387657165527e-01,-2.823132574558258057e-01,-8.901507407426834106e-02,-7.071337848901748657e-02,1.170761361718177795e-01,9.604926407337188721e-02,-2.017810791730880737e-01,-9.553554991725832224e-05,6.566077936440706253e-03,-5.399716552346944809e-03,-2.310652344021946192e-04,5.225343164056539536e-03,9.347843006253242493e-03,-1.482651219703257084e-03,-3.030117368325591087e-04,6.901358719915151596e-03
4.156180191785097122e-03,3.308452293276786804e-02,-2.556872963905334473e-01,5.416811704635620117e-01,-2.922180294990539551e-01,-8.951076120138168335e-02,-6.711595505475997925e-02,1.269467025995254517e-01,8.660726249217987061e-02,-2.029106020927429199e-01,-2.734176523517817259e-04,6.564282812178134918e-03,-5.440644454210996628e-03,-2.302752691321074963e-04,5.240591242909431458e-03,9.350316599011421204e-03,-1.741221174597740173e-03,-2.944750012829899788e-04,6.872726138681173325e-03
8.194816298782825470e-03,3.822254762053489685e-02,-2.882986366748809814e-01,5.807918906211853027e-01,-3.026278316974639893e-01,-8.965331315994262695e-02,-6.350586563348770142e-02,1.360453814268112183e-01,7.922940701246261597e-02,-2.052101045846939087e-01,-1.251176436198875308e-04,6.565410178154706955e-03,-5.480478052049875259e-03,-2.300040796399116516e-04,5.261502694338560104e-03,9.353492408990859985e-03,-1.942717470228672028e-03,-2.862571564037352800e-04,6.757088471204042435e-03
1.191937457770109177e-02,4.230879992246627808e-02,-3.221900761127471924e-01,6.194230318069458008e-01,-3.111554086208343506e-01,-8.951925486326217651e-02,-6.006926298141479492e-02,1.443589925765991211e-01,7.330086082220077515e-02,-2.082842439413070679e-01,1.077335837180726230e-04,6.567304022610187531e-03,-5.515157245099544525e-03,-2.278941101394593716e-04,5.279330536723136902e-03,9.357842616736888885e-03,-2.085264772176742554e-03,-2.788770361803472042e-04,6.632048171013593674e-03
1.575059629976749420e-02,4.488010331988334656e-02,-3.576197922229766846e-01,6.572506427764892578e-01,-3.180785775184631348e-01,-8.967110514640808105e-02,-5.680303648114204407e-02,1.527795791625976562e-01,6.706866621971130371e-02,-2.113217860460281372e-01,-7.039160118438303471e-05,6.572013720870018005e-03,-5.553827621042728424e-03,-2.269990218337625265e-04,5.297034978866577148e-03,9.361640550196170807e-03,-2.190343802794814110e-03,-2.719330077525228262e-04,6.524982396513223648e-03
2.012486569583415985e-02,4.551411047577857971e-02,-3.938876390457153320e-01,6.921499371528625488e-01,-3.235414624214172363e-01,-9.005910903215408325e-02,-5.377296358346939087e-02,1.600910276174545288e-01,6.276054680347442627e-02,-2.154262512922286987e-01,-4.304465546738356352e-04,6.575198844075202942e-03,-5.586930084973573685e-03,-2.260808105347678065e-04,5.316802766174077988e-03,9.362461045384407043e-03,-2.274684142321348190e-03,-2.682166814338415861e-04,6.412605755031108856e-03
2.507674880325794220e-02,4.468711838126182556e-02,-4.303494095802307129e-01,7.234097123146057129e-01,-3.315210640430450439e-01,-9.067695587873458862e-02,-5.054999142885208130e-02,1.661079525947570801e-01,6.084099784493446350e-02,-2.208377271890640259e-01,-8.498710813000798225e-04,6.572669837623834610e-03,-5.627409089356660843e-03,-2.252671838505193591e-04,5.262916442006826401e-03,9.365614503622055054e-03,-2.348457928746938705e-03,-2.576241095084697008e-04,6.389576010406017303e-03
3.253737092018127441e-02,4.223182052373886108e-02,-4.665113389492034912e-01,7.494500279426574707e-01,-3.384798467159271240e-01,-9.059230238199234009e-02,-4.690882563591003418e-02,1.701560914516448975e-01,6.228391453623771667e-02,-2.279337197542190552e-01,-5.386830889619886875e-04,6.580606102943420410e-03,-5.648559425026178360e-03,-2.201643947046250105e-04,5.227317102253437042e-03,9.371333755552768707e-03,-2.400186378508806229e-03,-2.503189607523381710e-04,6.346009671688079834e-03
3.998857736587524414e-02,3.795820102095603943e-02,-5.012722015380859375e-01,7.693553566932678223e-01,-3.438390791416168213e-01,-9.079757332801818848e-02,-4.313706979155540466e-02,1.737576723098754883e-01,6.435834616422653198e-02,-2.354699522256851196e-01,-6.276946514844894409e-04,6.590832490473985672e-03,-5.671093240380287170e-03,-2.146213519154116511e-04,5.234193988144397736e-03,9.373688139021396637e-03,-2.462353557348251343e-03,-2.418628719169646502e-04,6.302329711616039276e-03
4.739491641521453857e-02,3.178809210658073425e-02,-5.341027379035949707e-01,7.837294340133666992e-01,-3.457745313644409180e-01,-9.108342975378036499e-02,-3.926251456141471863e-02,1.762105375528335571e-01,6.850060820579528809e-02,-2.441586852073669434e-01,-7.573712500743567944e-04,6.598425097763538361e-03,-5.691951140761375427e-03,-2.095550880767405033e-04,5.226753652095794678e-03,9.374837391078472137e-03,-2.518234308809041977e-03,-2.339277707505971193e-04,6.267919670790433884e-03
5.376295745372772217e-02,2.420229651033878326e-02,-5.642924904823303223e-01,7.925250530242919922e-01,-3.442873358726501465e-01,-9.178017824888229370e-02,-3.516300767660140991e-02,1.777897179126739502e-01,7.433424144983291626e-02,-2.538439631462097168e-01,-1.130325719714164734e-03,6.597278639674186707e-03,-5.714979022741317749e-03,-2.074991207337006927e-04,5.215901881456375122e-03,9.381611831486225128e-03,-2.575462684035301208e-03,-2.255521831102669239e-04,6.233038846403360367e-03
5.891353636980056763e-02,1.516510825604200363e-02,-5.910359621047973633e-01,7.958915233612060547e-01,-3.410055935382843018e-01,-9.266661852598190308e-02,-3.092265315353870392e-02,1.796054542064666748e-01,7.999405264854431152e-02,-2.636649012565612793e-01,-1.470218179747462273e-03,6.599589716643095016e-03,-5.736354272812604904e-03,-2.051799820037558675e-04,5.238930229097604752e-03,9.388795122504234314e-03,-2.636772813275456429e-03,-2.162168530048802495e-04,6.219910923391580582e-03
6.434670090675354004e-02,4.012328572571277618e-03,-6.146308183670043945e-01,7.965757250785827637e-01,-3.366476297378540039e-01,-9.311806410551071167e-02,-2.656257152557373047e-02,1.820305883884429932e-01,8.503761887550354004e-02,-2.733601331710815430e-01,-1.347041688859462738e-03,6.609864998608827591e-03,-5.751174874603748322e-03,-2.001816901611164212e-04,5.252932198345661163e-03,9.393765591084957123e-03,-2.681723795831203461e-03,-2.094533992931246758e-04,6.227379199117422104e-03
6.880388408899307251e-02,-8.376168087124824524e-03,-6.347143650054931641e-01,7.944506406784057617e-01,-3.310761153697967529e-01,-9.311428666114807129e-02,-2.187585644423961639e-02,1.838153153657913208e-01,9.154921770095825195e-02,-2.839398980140686035e-01,-9.198592160828411579e-04,6.616514641791582108e-03,-5.764096975326538086e-03,-1.947904092958196998e-04,5.220189690589904785e-03,9.399845264852046967e-03,-2.713354071602225304e-03,-2.037135127466171980e-04,6.212527863681316376e-03
6.951373815536499023e-02,-2.115640603005886078e-02,-6.514548063278198242e-01,7.910573482513427734e-01,-3.228566646575927734e-01,-9.392492473125457764e-02,-1.675799302756786346e-02,1.860066056251525879e-01,9.770628809928894043e-02,-2.946093380451202393e-01,-1.313025015406310558e-03,6.615063175559043884e-03,-5.783610045909881592e-03,-1.936319458764046431e-04,5.204241257160902023e-03,9.404544718563556671e-03,-2.758803311735391617e-03,-1.953081227838993073e-04,6.210496649146080017e-03
7.022264599800109863e-02,-3.559954836964607239e-02,-6.650517582893371582e-01,7.880046963691711426e-01,-3.132739961147308350e-01,-9.458975493907928467e-02,-1.112421043217182159e-02,1.894163638353347778e-01,1.024579703807830811e-01,-3.048774302005767822e-01,-1.418942352756857872e-03,6.620613392442464828e-03,-5.798089783638715744e-03,-1.913206215249374509e-04,5.196957383304834366e-03,9.410986676812171936e-03,-2.791933948174118996e-03,-1.877968315966427326e-04,6.240302696824073792e-03
7.019305229187011719e-02,-5.106059834361076355e-02,-6.750537753105163574e-01,7.839376926422119141e-01,-3.022866547107696533e-01,-9.510032832622528076e-02,-4.916876088827848434e-03,1.931093484163284302e-01,1.074190735816955566e-01,-3.155048489570617676e-01,-1.353623694740235806e-03,6.623887922614812851e-03,-5.809124093502759933e-03,-1.886851096060127020e-04,5.169267766177654266e-03,9.418695233762264252e-03,-2.820996101945638657e-03,-1.810883259167894721e-04,6.243505049496889114e-03
6.896016746759414673e-02,-6.692306697368621826e-02,-6.808670759201049805e-01,7.764139771461486816e-01,-2.895350754261016846e-01,-9.565903991460800171e-02,1.974294194951653481e-03,1.976191848516464233e-01,1.113460063934326172e-01,-3.258759975433349609e-01,-1.367037650197744370e-03,6.630356423556804657e-03,-5.820512771606445312e-03,-1.852918940130621195e-04,5.123798269778490067e-03,9.426142089068889618e-03,-2.850652672350406647e-03,-1.738458231557160616e-04,6.254749838262796402e-03
6.787651777267456055e-02,-8.416216820478439331e-02,-6.838101148605346680e-01,7.686398625373840332e-01,-2.756105661392211914e-01,-9.650160372257232666e-02,9.493738412857055664e-03,2.031090706586837769e-01,1.140558868646621704e-01,-3.359399437904357910e-01,-1.585846301168203354e-03,6.633274722844362259e-03,-5.832147318869829178e-03,-1.853418216342106462e-04,5.100784357637166977e-03,9.434587322175502777e-03,-2.880022861063480377e-03,-1.653628714848309755e-04,6.255911663174629211e-03
6.614609807729721069e-02,-1.016239598393440247e-01,-6.839981079101562500e-01,7.606418132781982422e-01,-2.595739066600799561e-01,-9.727056324481964111e-02,1.773117482662200928e-02,2.090292572975158691e-01,1.163709834218025208e-01,-3.460553884506225586e-01,-1.603982644155621529e-03,6.636149249970912933e-03,-5.843672435730695724e-03,-1.832806883612647653e-04,5.040994379669427872e-03,9.446333162486553192e-03,-2.910018898546695709e-03,-1.550911838421598077e-04,6.250280886888504028e-03
6.422698497772216797e-02,-1.191276013851165771e-01,-6.821169853210449219e-01,7.521789073944091797e-01,-2.437550127506256104e-01,-9.776913374662399292e-02,2.667815983295440674e-02,2.149710357189178467e-01,1.187657639384269714e-01,-3.564152419567108154e-01,-1.392148900777101517e-03,6.643159314990043640e-03,-5.849494598805904388e-03,-1.796823053155094385e-04,5.005947314202785492e-03,9.459639899432659149e-03,-2.933157840743660927e-03,-1.442644133931025863e-04,6.229781080037355423e-03
6.110560521483421326e-02,-1.359184533357620239e-01,-6.772065162658691406e-01,7.418174743652343750e-01,-2.279031276702880859e-01,-9.838157147169113159e-02,3.611103445291519165e-02,2.210406213998794556e-01,1.218711957335472107e-01,-3.674858510494232178e-01,-1.366495853289961815e-03,6.647575646638870239e-03,-5.852001253515481949e-03,-1.756853453116491437e-04,4.989172797650098801e-03,9.467105381190776825e-03,-2.952025970444083214e-03,-1.332255196757614613e-04,6.211579777300357819e-03
5.811212211847305298e-02,-1.516890078783035278e-01,-6.689959168434143066e-01,7.307863831520080566e-01,-2.123838514089584351e-01,-9.870095551013946533e-02,4.598840326070785522e-02,2.273210883140563965e-01,1.262854039669036865e-01,-3.796165287494659424e-01,-1.073260558769106865e-03,6.656251847743988037e-03,-5.848063156008720398e-03,-1.693913800409063697e-04,4.977019969373941422e-03,9.471672587096691132e-03,-2.964592073112726212e-03,-1.234998635482043028e-04,6.200593896210193634e-03
5.366329476237297058e-02,-1.653400063514709473e-01,-6.568808555603027344e-01,7.179058790206909180e-01,-1.965927779674530029e-01,-9.929219633340835571e-02,5.601482838392257690e-02,2.329393178224563599e-01,1.339700818061828613e-01,-3.938768804073333740e-01,-1.084841089323163033e-03,6.657317746430635452e-03,-5.841156933456659317e-03,-1.645465818000957370e-04,4.987724591046571732e-03,9.459592401981353760e-03,-2.971804700791835785e-03,-1.159167513833381236e-04,6.144540850073099136e-03
4.869708418846130371e-02,-1.764121204614639282e-01,-6.401401758193969727e-01,7.014470100402832031e-01,-1.785590499639511108e-01,-9.940548986196517944e-02,6.600385159254074097e-02,2.381044030189514160e-01,1.447423547506332397e-01,-4.101536273956298828e-01,-6.139278993941843510e-04,6.667265668511390686e-03,-5.829009693115949631e-03,-1.559627999085932970e-04,4.998724441975355148e-03,9.436982683837413788e-03,-2.973391674458980560e-03,-1.083369934349320829e-04,6.101402454078197479e-03
4.471333324909210205e-02,-1.851327568292617798e-01,-6.196361780166625977e-01,6.837907433509826660e-01,-1.627870053052902222e-01,-9.857601672410964966e-02,7.585115730762481689e-02,2.426026314496994019e-01,1.591150909662246704e-01,-4.286883473396301270e-01,5.887746228836476803e-04,6.687374785542488098e-03,-5.808908492326736450e-03,-1.432778517482802272e-04,5.000854842364788055e-03,9.353576228022575378e-03,-2.959766890853643417e-03,-1.024332523229531944e-04,6.053980439901351929e-03
4.233949258923530579e-02,-1.919110864400863647e-01,-5.954699516296386719e-01,6.646590828895568848e-01,-1.474744826555252075e-01,-9.703135490417480469e-02,8.525521308183670044e-02,2.469578534364700317e-01,1.762576997280120850e-01,-4.491344690322875977e-01,2.094927011057734489e-03,6.718802265822887421e-03,-5.784115754067897797e-03,-1.307215861743316054e-04,5.002248566597700119e-03,9.240238927304744720e-03,-2.906581154093146324e-03,-9.831315401243045926e-05,5.999824497848749161e-03
3.760636597871780396e-02,-1.953206807374954224e-01,-5.688178539276123047e-01,6.439636945724487305e-01,-1.243555992841720581e-01,-9.674943983554840088e-02,9.351685643196105957e-02,2.507209181785583496e-01,1.965019404888153076e-01,-4.716986417770385742e-01,2.681427169591188431e-03,6.729723885655403137e-03,-5.748425610363483429e-03,-1.144649140769615769e-04,4.999293480068445206e-03,9.110768325626850128e-03,-2.876636339351534843e-03,-9.830095223151147366e-05,5.725731141865253448e-03
3.761832788586616516e-02,-1.918898969888687134e-01,-5.703714489936828613e-01,6.677951216697692871e-01,-1.197256743907928467e-01,-1.021329760551452637e-01,9.440796822309494019e-02,2.535212039947509766e-01,2.155421525239944458e-01,-4.902798533439636230e-01,1.380596891976892948e-03,6.583206821233034134e-03,-5.535698961466550827e-03,-1.236272946698591113e-04,9.081460535526275635e-03,8.491457439959049225e-03,-2.476448658853769302e-03,-1.662805880187079310e-04,6.738668773323297501e-03
3.800969943404197693e-02,-1.950020492076873779e-01,-5.683066844940185547e-01,6.887096166610717773e-01,-1.402287483215332031e-01,-1.024254113435745239e-01,8.746932446956634521e-02,2.535795569419860840e-01,2.341487556695938110e-01,-4.998980164527893066e-01,1.084887189790606499e-03,6.612044293433427811e-03,-5.525072105228900909e-03,-1.232476788572967052e-04,1.052043400704860687e-02,8.328858762979507446e-03,-2.446535043418407440e-03,-1.507702836534008384e-04,6.944152060896158218e-03
3.833002597093582153e-02,-1.996813565492630005e-01,-5.620886683464050293e-01,6.980622410774230957e-01,-1.544759720563888550e-01,-9.884484112262725830e-02,7.836291939020156860e-02,2.510547339916229248e-01,2.537298798561096191e-01,-5.097510814666748047e-01,1.007098006084561348e-03,6.615979131311178207e-03,-5.511705297976732254e-03,-1.163053457275964320e-04,1.050267461687326431e-02,8.239204995334148407e-03,-2.427492989227175713e-03,-1.284608297282829881e-04,7.075829897075891495e-03
3.908739611506462097e-02,-2.047997415065765381e-01,-5.523520112037658691e-01,6.995520591735839844e-01,-1.644470989704132080e-01,-9.073982387781143188e-02,6.811527162790298462e-02,2.475085854530334473e-01,2.761965990066528320e-01,-5.209413766860961914e-01,1.045133220031857491e-03,6.616985425353050232e-03,-5.494239274412393570e-03,-1.112364916480146348e-04,1.043679472059011459e-02,8.175360970199108124e-03,-2.412405563518404961e-03,-1.080254878615960479e-04,7.217116188257932663e-03
4.033216461539268494e-02,-2.097597718238830566e-01,-5.391409993171691895e-01,6.952960491180419922e-01,-1.716483682394027710e-01,-7.970920950174331665e-02,5.670493468642234802e-02,2.440464794635772705e-01,3.019191622734069824e-01,-5.316942930221557617e-01,1.126029412262141705e-03,6.611823104321956635e-03,-5.478164646774530411e-03,-1.072295999620109797e-04,1.035649329423904419e-02,8.126204833388328552e-03,-2.401899313554167747e-03,-8.984019950730726123e-05,7.327537052333354950e-03
4.197039082646369934e-02,-2.141400128602981567e-01,-5.229657888412475586e-01,6.867018342018127441e-01,-1.767070591449737549e-01,-6.720921397209167480e-02,4.389259964227676392e-02,2.409799993038177490e-01,3.303016722202301025e-01,-5.412406921386718750e-01,1.181013532914221287e-03,6.602934561669826508e-03,-5.462556611746549606e-03,-1.038365298882126808e-04,1.028222218155860901e-02,8.083776570856571198e-03,-2.390869427472352982e-03,-7.268944318639114499e-05,7.396346889436244965e-03
4.391340166330337524e-02,-2.176974713802337646e-01,-5.045261383056640625e-01,6.746657490730285645e-01,-1.799980849027633667e-01,-5.515813082456588745e-02,2.922426350414752960e-02,2.375122904777526855e-01,3.611840009689331055e-01,-5.500547885894775391e-01,1.213768497109413147e-03,6.592011079192161560e-03,-5.447417963296175003e-03,-1.028156693791970611e-04,1.022610627114772797e-02,8.050065487623214722e-03,-2.379801124334335327e-03,-5.988186603644862771e-05,7.410939317196607590e-03
4.599355533719062805e-02,-2.203944176435470581e-01,-4.845719635486602783e-01,6.595917940139770508e-01,-1.815608739852905273e-01,-4.337932914495468140e-02,1.271992363035678864e-02,2.333244979381561279e-01,3.928106725215911865e-01,-5.599970221519470215e-01,1.177069731056690216e-03,6.576853338629007339e-03,-5.431986879557371140e-03,-1.039395210682414472e-04,1.015909668058156967e-02,8.026041090488433838e-03,-2.366580767557024956e-03,-4.903988883597776294e-05,7.411291357129812241e-03
4.835050925612449646e-02,-2.219090312719345093e-01,-4.640180170536041260e-01,6.418535113334655762e-01,-1.814010739326477051e-01,-3.017373196780681610e-02,-4.629264120012521744e-03,2.273700237274169922e-01,4.261230826377868652e-01,-5.729873776435852051e-01,1.307997037656605244e-03,6.559424567967653275e-03,-5.411691498011350632e-03,-1.071465012500993907e-04,1.003507617861032486e-02,8.004144765436649323e-03,-2.350468654185533524e-03,-4.440275370143353939e-05,7.399697788059711456e-03
5.045438930392265320e-02,-2.221058756113052368e-01,-4.435279667377471924e-01,6.216462850570678711e-01,-1.794236004352569580e-01,-1.722651533782482147e-02,-2.257009781897068024e-02,2.185695171356201172e-01,4.615461230278015137e-01,-5.842297673225402832e-01,1.262641046196222305e-03,6.528930272907018661e-03,-5.394692067056894302e-03,-1.126554125221446157e-04,9.857690893113613129e-03,7.995832711458206177e-03,-2.334932563826441765e-03,-4.106682172277942300e-05,7.397489622235298157e-03
5.251467972993850708e-02,-2.211820185184478760e-01,-4.235171079635620117e-01,5.993281006813049316e-01,-1.757841706275939941e-01,-3.644106909632682800e-03,-4.077111184597015381e-02,2.070591151714324951e-01,4.979842901229858398e-01,-5.973007678985595703e-01,1.318773720413446426e-03,6.504636257886886597e-03,-5.370372440665960312e-03,-1.222008286276832223e-04,9.619153104722499847e-03,7.977374829351902008e-03,-2.316484227776527405e-03,-4.680829442804679275e-05,7.379611488431692123e-03
5.439103767275810242e-02,-2.193377614021301270e-01,-4.038866162300109863e-01,5.750924348831176758e-01,-1.706510037183761597e-01,7.897981442511081696e-03,-5.965662375092506409e-02,1.923706233501434326e-01,5.354473590850830078e-01,-6.077075600624084473e-01,1.297394046559929848e-03,6.481652613729238510e-03,-5.346156656742095947e-03,-1.319861185038462281e-04,9.428283199667930603e-03,7.961505092680454254e-03,-2.299587009474635124e-03,-5.501096529769711196e-05,7.355992682278156281e-03
5.625751614570617676e-02,-2.164262980222702026e-01,-3.846386075019836426e-01,5.493106842041015625e-01,-1.642512083053588867e-01,1.847909949719905853e-02,-7.823920249938964844e-02,1.746646761894226074e-01,5.742537379264831543e-01,-6.147919893264770508e-01,1.310672261752188206e-03,6.454458925873041153e-03,-5.319554358720779419e-03,-1.410193071933463216e-04,9.174791164696216583e-03,7.944642566144466400e-03,-2.282040659338235855e-03,-6.303214468061923981e-05,7.341392803937196732e-03
5.619122460484504700e-02,-2.123754322528839111e-01,-3.656542897224426270e-01,5.221588015556335449e-01,-1.565863788127899170e-01,2.508943527936935425e-02,-9.626865386962890625e-02,1.551285684108734131e-01,6.119886636734008789e-01,-6.212003231048583984e-01,-1.505619729869067669e-04,6.330797914415597916e-03,-5.303590558469295502e-03,-1.506696571595966816e-04,8.998547680675983429e-03,7.942947559058666229e-03,-2.272364916279911995e-03,-6.442339508794248104e-05,7.341204676777124405e-03
5.634472891688346863e-02,-2.074034512042999268e-01,-3.463962078094482422e-01,4.936598241329193115e-01,-1.479791104793548584e-01,3.003502264618873596e-02,-1.137054339051246643e-01,1.336001157760620117e-01,6.483525037765502930e-01,-6.268824934959411621e-01,-6.749515887349843979e-04,6.168636959046125412e-03,-5.285037215799093246e-03,-1.581543037900701165e-04,8.876428008079528809e-03,7.932423613965511322e-03,-2.261821879073977470e-03,-6.987823871895670891e-05,7.340362761169672012e-03
5.718576163053512573e-02,-2.018517255783081055e-01,-3.264949619770050049e-01,4.637549221515655518e-01,-1.385615319013595581e-01,3.382089734077453613e-02,-1.306729018688201904e-01,1.102875396609306335e-01,6.825222969055175781e-01,-6.298062801361083984e-01,-4.218383983243256807e-04,6.148387212306261063e-03,-5.253998562693595886e-03,-1.650445774430409074e-04,8.770434185862541199e-03,7.913799956440925598e-03,-2.244026865810155869e-03,-8.269624231616035104e-05,7.340944372117519379e-03
5.810996145009994507e-02,-1.956889182329177856e-01,-3.059005439281463623e-01,4.329142272472381592e-01,-1.285685598850250244e-01,3.407938033342361450e-02,-1.470478624105453491e-01,8.484555035829544067e-02,7.153661847114562988e-01,-6.339488029479980469e-01,-2.505043230485171080e-04,6.124717183411121368e-03,-5.222146864980459213e-03,-1.702317531453445554e-04,8.650626987218856812e-03,7.897810079157352448e-03,-2.227419055998325348e-03,-9.652980224927887321e-05,7.349011488258838654e-03
5.949728190898895264e-02,-1.885364353656768799e-01,-2.849912941455841064e-01,4.024516642093658447e-01,-1.187856793403625488e-01,3.364124521613121033e-02,-1.613432765007019043e-01,5.847170948982238770e-02,7.463560104370117188e-01,-6.375304460525512695e-01,1.400652690790593624e-04,6.098981015384197235e-03,-5.182153079658746719e-03,-1.733226381475105882e-04,8.391578681766986847e-03,7.880092598497867584e-03,-2.208037767559289932e-03,-1.100766894523985684e-04,7.358478382229804993e-03
6.049090251326560974e-02,-1.803284287452697754e-01,-2.641105353832244873e-01,3.732647299766540527e-01,-1.096432134509086609e-01,3.134162724018096924e-02,-1.733207553625106812e-01,3.205016627907752991e-02,7.740406394004821777e-01,-6.404057145118713379e-01,3.861280129058286548e-05,6.058702245354652405e-03,-5.151397082954645157e-03,-1.765812921803444624e-04,8.094061166048049927e-03,7.864809595048427582e-03,-2.193137304857373238e-03,-1.208205721923150122e-04,7.356995716691017151e-03
6.098337844014167786e-02,-1.713283807039260864e-01,-2.431282699108123779e-01,3.449348211288452148e-01,-1.009168699383735657e-01,2.687929756939411163e-02,-1.833182275295257568e-01,6.292391102761030197e-03,7.959375977516174316e-01,-6.410773992538452148e-01,-3.789257316384464502e-04,6.007342599332332611e-03,-5.122290458530187607e-03,-1.806234213290736079e-04,7.933004759252071381e-03,7.846984080970287323e-03,-2.179039875045418739e-03,-1.327994250459596515e-04,7.347173523157835007e-03
6.093337014317512512e-02,-1.614912748336791992e-01,-2.228160649538040161e-01,3.182446360588073730e-01,-9.288269281387329102e-02,2.185335755348205566e-02,-1.908971369266510010e-01,-1.844766177237033844e-02,8.119549751281738281e-01,-6.406000852584838867e-01,-9.877965785562992096e-04,5.874290596693754196e-03,-5.084996577352285385e-03,-1.848689280450344086e-04,7.577069569379091263e-03,7.828368805348873138e-03,-2.165290992707014084e-03,-1.443455112166702747e-04,7.311104331165552139e-03
6.131128221750259399e-02,-1.509944051504135132e-01,-2.034346610307693481e-01,2.935237884521484375e-01,-8.580144494771957397e-02,1.783930137753486633e-02,-1.960840225219726562e-01,-4.215727746486663818e-02,8.219981193542480469e-01,-6.370242834091186523e-01,-9.051358210854232311e-04,5.729038268327713013e-03,-4.987483844161033630e-03,-1.880502386484295130e-04,7.228104863315820694e-03,7.801386527717113495e-03,-2.147636143490672112e-03,-1.603688433533534408e-04,7.277786731719970703e-03
6.156372278928756714e-02,-1.402647495269775391e-01,-1.850059181451797485e-01,2.707356810569763184e-01,-7.958891987800598145e-02,1.279139518737792969e-02,-1.996560990810394287e-01,-6.488790363073348999e-02,8.259589076042175293e-01,-6.306287050247192383e-01,-9.242244414053857327e-04,5.691969301551580429e-03,-4.771285224705934525e-03,-1.909774146042764187e-04,7.080067414790391922e-03,7.772442419081926346e-03,-2.130109816789627075e-03,-1.786204375093802810e-04,7.212328724563121796e-03
6.152752414345741272e-02,-1.292398869991302490e-01,-1.681523919105529785e-01,2.505979239940643311e-01,-7.456128299236297607e-02,6.666973233222961426e-03,-2.012469172477722168e-01,-8.684870600700378418e-02,8.249786496162414551e-01,-6.213757395744323730e-01,-1.037518959492444992e-03,5.645508412271738052e-03,-4.439391661435365677e-03,-1.940357760759070516e-04,6.834427826106548309e-03,7.743384689092636108e-03,-2.111751819029450417e-03,-1.971989549929276109e-04,7.153188809752464294e-03
6.178049370646476746e-02,-1.180961206555366516e-01,-1.524375826120376587e-01,2.322483062744140625e-01,-7.031472027301788330e-02,3.139941487461328506e-03,-2.007675319910049438e-01,-1.061351820826530457e-01,8.179713487625122070e-01,-6.103850007057189941e-01,-7.939413189888000488e-04,5.612478591501712799e-03,-3.911033272743225098e-03,-1.983388065127655864e-04,6.753023248165845871e-03,7.707817479968070984e-03,-2.086684806272387505e-03,-2.203894691774621606e-04,7.083171978592872620e-03
6.126131489872932434e-02,-1.072544082999229431e-01,-1.364484280347824097e-01,2.134013324975967407e-01,-6.572819501161575317e-02,-1.405562623403966427e-03,-1.988548785448074341e-01,-1.228699907660484314e-01,8.062458038330078125e-01,-5.974318385124206543e-01,-1.182455569505691528e-03,5.576554220169782639e-03,-3.256410593166947365e-03,-2.044433203991502523e-04,6.760040763765573502e-03,7.682609371840953827e-03,-2.062854357063770294e-03,-2.450770407449454069e-04,7.060937117785215378e-03
6.072274595499038696e-02,-9.648042917251586914e-02,-1.206871792674064636e-01,1.950387060642242432e-01,-6.135061755776405334e-02,-6.697092670947313309e-03,-1.949748098850250244e-01,-1.369995623826980591e-01,7.901870012283325195e-01,-5.836370587348937988e-01,-1.313995337113738060e-03,5.523839965462684631e-03,-2.535669831559062004e-03,-2.082170540234073997e-04,6.687240675091743469e-03,7.652562577277421951e-03,-2.039153128862380981e-03,-2.725206140894442797e-04,7.036040537059307098e-03
6.037149205803871155e-02,-8.590568602085113525e-02,-1.055360436439514160e-01,1.778828501701354980e-01,-5.759369954466819763e-02,-1.367080770432949066e-02,-1.894161999225616455e-01,-1.488763540983200073e-01,7.702734470367431641e-01,-5.682523250579833984e-01,-1.145747606642544270e-03,5.507792346179485321e-03,-1.753584132529795170e-03,-2.120222343364730477e-04,6.649630144238471985e-03,7.608648389577865601e-03,-2.009019488468766212e-03,-3.027336206287145615e-04,6.989168934524059296e-03
5.963511392474174500e-02,-7.581112533807754517e-02,-9.030245244503021240e-02,1.607264727354049683e-01,-5.380241572856903076e-02,-2.310471795499324799e-02,-1.825627386569976807e-01,-1.582655161619186401e-01,7.470181584358215332e-01,-5.506185293197631836e-01,-1.279702642932534218e-03,5.508285481482744217e-03,-9.584148647263646126e-04,-2.173125249100849032e-04,6.638699211180210114e-03,7.577683776617050171e-03,-1.973141916096210480e-03,-3.322720876894891262e-04,6.940506398677825928e-03
5.939104035496711731e-02,-6.631638109683990479e-02,-7.492257654666900635e-02,1.435660719871520996e-01,-5.009529739618301392e-02,-3.270583599805831909e-02,-1.745576113462448120e-01,-1.649425029754638672e-01,7.217941284179687500e-01,-5.317050814628601074e-01,-8.661019382998347282e-04,5.547696258872747421e-03,-1.700239081401377916e-04,-2.215381682617589831e-04,6.626090034842491150e-03,7.511411793529987335e-03,-1.923560514114797115e-03,-3.650186117738485336e-04,6.875155959278345108e-03
5.931726098060607910e-02,-5.736831575632095337e-02,-6.023073568940162659e-02,1.276685744524002075e-01,-4.702126979827880859e-02,-4.284176602959632874e-02,-1.655471324920654297e-01,-1.687445193529129028e-01,6.943843960762023926e-01,-5.101573467254638672e-01,-3.718034131452441216e-04,5.641677416861057281e-03,6.091016693972051144e-04,-2.178522991016507149e-04,6.582657340914011002e-03,7.439624983817338943e-03,-1.867646467871963978e-03,-3.989740216638892889e-04,6.806155201047658920e-03
5.913738533854484558e-02,-4.895477369427680969e-02,-4.705925285816192627e-02,1.139779314398765564e-01,-4.493634030222892761e-02,-5.156780779361724854e-02,-1.559807509183883667e-01,-1.695121973752975464e-01,6.656137108802795410e-01,-4.862363636493682861e-01,-8.787069236859679222e-05,5.734010599553585052e-03,1.386063406243920326e-03,-2.086663444060832262e-04,6.535428110510110855e-03,7.369805127382278442e-03,-1.752286800183355808e-03,-4.315631813369691372e-04,6.663458421826362610e-03
5.927919968962669373e-02,-4.145177826285362244e-02,-3.653632104396820068e-02,1.040748581290245056e-01,-4.456803202629089355e-02,-5.819895491003990173e-02,-1.467995345592498779e-01,-1.686523407697677612e-01,6.367695331573486328e-01,-4.608637392520904541e-01,4.003729554824531078e-04,5.841708742082118988e-03,2.065995242446660995e-03,-1.967597345355898142e-04,6.478880997747182846e-03,7.229838985949754715e-03,-1.453602453693747520e-03,-4.573927726596593857e-04,6.234109867364168167e-03
5.856231227517127991e-02,-3.516741469502449036e-02,-2.852280624210834503e-02,9.789486974477767944e-02,-4.581738635897636414e-02,-6.462096422910690308e-02,-1.386720538139343262e-01,-1.655728071928024292e-01,6.061273813247680664e-01,-4.349527060985565186e-01,-1.732053715386427939e-05,5.942224059253931046e-03,2.524479292333126068e-03,-1.929562131408601999e-04,6.477763410657644272e-03,7.014926057308912277e-03,-9.372983477078378201e-04,-4.779398150276392698e-04,5.828673951327800751e-03
5.812849476933479309e-02,-3.032268583774566650e-02,-2.302914485335350037e-02,9.602035582065582275e-02,-4.913932457566261292e-02,-6.760520488023757935e-02,-1.321211308240890503e-01,-1.594961285591125488e-01,5.734122991561889648e-01,-4.080415964126586914e-01,-4.473673470783978701e-05,5.979537032544612885e-03,2.733458997681736946e-03,-1.921056973515078425e-04,6.472183857113122940e-03,6.731198169291019440e-03,-2.289934927830472589e-04,-4.873550205957144499e-04,5.452747922390699387e-03
5.772244185209274292e-02,-2.722341381013393402e-02,-1.903911307454109192e-02,9.668617695569992065e-02,-5.368518084287643433e-02,-6.988877058029174805e-02,-1.271784156560897827e-01,-1.514100134372711182e-01,5.392079353332519531e-01,-3.812782168388366699e-01,-5.869228334631770849e-05,6.040923297405242920e-03,2.803315175697207451e-03,-2.011688338825479150e-04,6.484059151262044907e-03,6.384577136486768723e-03,6.408908520825207233e-04,-4.797164292540401220e-04,5.115550477057695389e-03
5.711438506841659546e-02,-2.556332573294639587e-02,-1.701979152858257294e-02,1.008075699210166931e-01,-5.989063903689384460e-02,-7.001097500324249268e-02,-1.232393085956573486e-01,-1.408799439668655396e-01,5.038308501243591309e-01,-3.567964136600494385e-01,-2.570816141087561846e-04,6.072255317121744156e-03,2.884718822315335274e-03,-2.109408378601074219e-04,6.488454062491655350e-03,6.013787817209959030e-03,1.512573449872434139e-03,-4.593984049279242754e-04,4.979226272553205490e-03
5.578246340155601501e-02,-2.526709809899330139e-02,-1.707836054265499115e-02,1.089651584625244141e-01,-6.755669414997100830e-02,-6.971140950918197632e-02,-1.199119016528129578e-01,-1.287574768066406250e-01,4.689106345176696777e-01,-3.350251913070678711e-01,-9.175959276035428047e-04,6.067327689379453659e-03,2.947599859908223152e-03,-2.248347882414236665e-04,6.633365992456674576e-03,5.879598204046487808e-03,2.244387520477175713e-03,-4.359871672932058573e-04,4.797381814569234848e-03
5.497241392731666565e-02,-2.634611725807189941e-02,-1.725907251238822937e-02,1.190267577767372131e-01,-7.710190862417221069e-02,-6.979839503765106201e-02,-1.171696707606315613e-01,-1.153340637683868408e-01,4.337337315082550049e-01,-3.141457140445709229e-01,-8.679211023263633251e-04,6.121645681560039520e-03,2.981063676998019218e-03,-2.308176044607535005e-04,6.669351831078529358e-03,5.854404997080564499e-03,2.735403832048177719e-03,-3.920682938769459724e-04,4.707258194684982300e-03
5.483674630522727966e-02,-2.851867116987705231e-02,-1.850227080285549164e-02,1.320926100015640259e-01,-8.824684470891952515e-02,-6.979122757911682129e-02,-1.152024567127227783e-01,-1.013038903474807739e-01,3.986571431159973145e-01,-2.949669361114501953e-01,-2.474051725585013628e-04,6.162140984088182449e-03,3.037914168089628220e-03,-2.373483730480074883e-04,6.696869619190692902e-03,5.771087016910314560e-03,2.958687720820307732e-03,-3.512850089464336634e-04,4.670736379921436310e-03
5.501834675669670105e-02,-3.156162053346633911e-02,-2.126362733542919159e-02,1.485106498003005981e-01,-1.010944098234176636e-01,-6.901068240404129028e-02,-1.140432283282279968e-01,-8.656831830739974976e-02,3.625911772251129150e-01,-2.759979665279388428e-01,4.706062027253210545e-04,6.180007010698318481e-03,3.106754738837480545e-03,-2.323495427845045924e-04,6.643797736614942551e-03,5.646845791488885880e-03,3.019080962985754013e-03,-3.369947080500423908e-04,4.624491091817617416e-03
5.506645143032073975e-02,-3.516555577516555786e-02,-2.542418427765369415e-02,1.678718477487564087e-01,-1.154465451836585999e-01,-6.987390667200088501e-02,-1.134592965245246887e-01,-7.261449843645095825e-02,3.276611268520355225e-01,-2.550112605094909668e-01,8.456158102490007877e-04,6.190842483192682266e-03,3.162565408274531364e-03,-2.235298743471503258e-04,6.564115174114704132e-03,5.582991056144237518e-03,3.047018544748425484e-03,-3.341970150358974934e-04,4.591083154082298279e-03
5.273114889860153198e-02,-3.706069290637969971e-02,-2.755375578999519348e-02,1.867711842060089111e-01,-1.419753879308700562e-01,-7.259222865104675293e-02,-1.158502846956253052e-01,-6.686461716890335083e-02,3.294596076011657715e-01,-2.422248423099517822e-01,-2.193174324929714203e-03,6.171762477606534958e-03,1.539893215522170067e-03,-1.598561648279428482e-04,9.174707345664501190e-03,6.057101301848888397e-03,1.924323849380016327e-03,-2.860802633222192526e-04,9.120707400143146515e-03
4.746254906058311462e-02,-3.587991744279861450e-02,-2.758705988526344299e-02,2.047792375087738037e-01,-1.791687011718750000e-01,-7.890847325325012207e-02,-1.151027157902717590e-01,-4.872361198067665100e-02,3.164640963077545166e-01,-2.433313280344009399e-01,-6.105923093855381012e-03,6.187855731695890427e-03,-1.721403794363141060e-03,-2.344741660635918379e-04,9.457151405513286591e-03,8.762221783399581909e-03,4.465418460313230753e-04,-2.676408621482551098e-04,9.812010452151298523e-03
3.970606997609138489e-02,-3.324262797832489014e-02,-2.864553779363632202e-02,2.242706567049026489e-01,-2.110330015420913696e-01,-8.108111470937728882e-02,-1.133926287293434143e-01,-2.752654999494552612e-02,2.940442562103271484e-01,-2.389560192823410034e-01,-5.475663580000400543e-03,6.179808173328638077e-03,-4.279702901840209961e-03,-2.755431341938674450e-04,9.154922328889369965e-03,1.019384805113077164e-02,-5.324139492586255074e-04,-2.681835612747818232e-04,9.842836298048496246e-03
2.990217693150043488e-02,-2.896928973495960236e-02,-3.337957710027694702e-02,2.479428946971893311e-01,-2.356875091791152954e-01,-8.126480877399444580e-02,-1.108223050832748413e-01,-7.079802919179201126e-03,2.684836685657501221e-01,-2.322269976139068604e-01,-3.505576867610216141e-03,6.172013469040393829e-03,-5.581288132816553116e-03,-3.109438112005591393e-04,8.198249153792858124e-03,1.020869612693786621e-02,-7.590209133923053741e-04,-2.725445083342492580e-04,9.512333199381828308e-03
1.903956942260265350e-02,-2.361224219202995300e-02,-4.261330142617225647e-02,2.750730514526367188e-01,-2.542271614074707031e-01,-8.192452788352966309e-02,-1.077556163072586060e-01,1.175312604755163193e-02,2.420904338359832764e-01,-2.245974987745285034e-01,-2.377801807597279549e-03,6.158554926514625549e-03,-5.891529377549886703e-03,-3.328423190396279097e-04,7.113296072930097580e-03,1.018902659416198730e-02,-7.852266426198184490e-04,-2.738871844485402107e-04,8.695130236446857452e-03
1.030418463051319122e-02,-1.776807010173797607e-02,-5.602046847343444824e-02,3.045555651187896729e-01,-2.666357755661010742e-01,-8.288161456584930420e-02,-1.043956056237220764e-01,2.915460988879203796e-02,2.155557274818420410e-01,-2.165565341711044312e-01,-1.730882679112255573e-03,6.143842823803424835e-03,-5.911441054195165634e-03,-3.218980273231863976e-04,6.393024697899818420e-03,1.017491891980171204e-02,-8.160211145877838135e-04,-2.740420750342309475e-04,7.948522455990314484e-03
3.288655309006571770e-03,-1.146067958325147629e-02,-7.268825918436050415e-02,3.359958827495574951e-01,-2.743801176548004150e-01,-8.354101330041885376e-02,-1.007611453533172607e-01,4.493151977658271790e-02,1.901523768901824951e-01,-2.088072896003723145e-01,-9.492334793321788311e-04,6.129660643637180328e-03,-5.927496124058961868e-03,-3.127409145236015320e-04,5.987213924527168274e-03,1.014937926083803177e-02,-8.460998651571571827e-04,-2.724196820054203272e-04,7.450324483215808868e-03
-3.472874872386455536e-03,-4.774354863911867142e-03,-9.181019663810729980e-02,3.692491948604583740e-01,-2.795618474483489990e-01,-8.394540101289749146e-02,-9.699148684740066528e-02,5.886927992105484009e-02,1.672986447811126709e-01,-2.021945714950561523e-01,-1.748301292536780238e-04,6.120572797954082489e-03,-5.940609145909547806e-03,-3.044969926122575998e-04,5.838999059051275253e-03,1.004996336996555328e-02,-8.776089525781571865e-04,-2.697450981941074133e-04,7.200632244348526001e-03
-7.478540763258934021e-03,1.987162744626402855e-03,-1.132149845361709595e-01,4.043310582637786865e-01,-2.842503786087036133e-01,-8.388567715883255005e-02,-9.314197301864624023e-02,7.140506803989410400e-02,1.474146097898483276e-01,-1.970804631710052490e-01,7.092501618899405003e-04,6.119531579315662384e-03,-5.949554964900016785e-03,-2.968506305478513241e-04,5.762857850641012192e-03,9.850286878645420074e-03,-9.097297443076968193e-04,-2.660890750121325254e-04,7.103562355041503906e-03
-1.177415065467357635e-02,8.773667737841606140e-03,-1.360915750265121460e-01,4.409720599651336670e-01,-2.911738157272338867e-01,-8.416044712066650391e-02,-8.931957185268402100e-02,8.337651938199996948e-02,1.297812610864639282e-01,-1.929391622543334961e-01,9.455236140638589859e-04,6.119477562606334686e-03,-5.969612859189510345e-03,-2.907475573010742664e-04,5.760104395449161530e-03,9.608112275600433350e-03,-9.571601985953748226e-04,-2.586911432445049286e-04,7.035957649350166321e-03
-1.316323503851890564e-02,1.543292030692100525e-02,-1.607082188129425049e-01,4.793386459350585938e-01,-2.963428199291229248e-01,-8.439616858959197998e-02,-8.538492769002914429e-02,9.541339427232742310e-02,1.141897365450859070e-01,-1.905529797077178955e-01,9.996591834351420403e-04,6.121127400547266006e-03,-6.009176373481750488e-03,-2.843994298018515110e-04,5.790439434349536896e-03,9.571646340191364288e-03,-1.044263830408453941e-03,-2.510644844733178616e-04,7.033118046820163727e-03
-1.289610844105482101e-02,2.191513590514659882e-02,-1.868884414434432983e-01,5.178923010826110840e-01,-3.018136918544769287e-01,-8.447149395942687988e-02,-8.140679448843002319e-02,1.070991083979606628e-01,1.005281582474708557e-01,-1.893149316310882568e-01,1.065168529748916626e-03,6.119762547314167023e-03,-6.036607082933187485e-03,-2.812488237395882607e-04,5.772820673882961273e-03,9.563859552145004272e-03,-1.109216711483895779e-03,-2.446029393468052149e-04,6.969819776713848114e-03
-1.301172748208045959e-02,2.831650152802467346e-02,-2.149628996849060059e-01,5.568201541900634766e-01,-3.089563846588134766e-01,-8.514118939638137817e-02,-7.734727859497070312e-02,1.186712682247161865e-01,8.798374980688095093e-02,-1.888324022293090820e-01,4.912607837468385696e-04,6.115876138210296631e-03,-6.075480952858924866e-03,-2.829712175298482180e-04,5.726301576942205429e-03,9.564314037561416626e-03,-1.222136314027011395e-03,-2.357749617658555508e-04,6.881110370159149170e-03
-1.217851322144269943e-02,3.416357934474945068e-02,-2.456007897853851318e-01,5.967401266098022461e-01,-3.174036443233489990e-01,-8.612414449453353882e-02,-7.337367534637451172e-02,1.292792856693267822e-01,7.775855809450149536e-02,-1.896479129791259766e-01,-2.319020131835713983e-04,6.110865622758865356e-03,-6.119193509221076965e-03,-2.883615961764007807e-04,5.709727760404348373e-03,9.561119601130485535e-03,-1.423047506250441074e-03,-2.291176060680299997e-04,6.754002999514341354e-03
-8.636904880404472351e-03,3.925769776105880737e-02,-2.781515419483184814e-01,6.348701119422912598e-01,-3.229964077472686768e-01,-8.650352805852890015e-02,-6.939118355512619019e-02,1.389825940132141113e-01,6.934379041194915771e-02,-1.914066523313522339e-01,-2.379172656219452620e-04,6.110518705099821091e-03,-6.154258269816637039e-03,-2.892535703722387552e-04,5.669404286891222000e-03,9.565114974975585938e-03,-1.629823120310902596e-03,-2.219940652139484882e-04,6.671899463981389999e-03
-4.009542986750602722e-03,4.365732893347740173e-02,-3.126078248023986816e-01,6.713197827339172363e-01,-3.298712670803070068e-01,-8.698557317256927490e-02,-6.526456028223037720e-02,1.475402414798736572e-01,6.298587471246719360e-02,-1.942494362592697144e-01,-3.794242511503398418e-04,6.110356189310550690e-03,-6.187313701957464218e-03,-2.901091065723448992e-04,5.611088592559099197e-03,9.567914530634880066e-03,-1.785768545232713223e-03,-2.146770857507362962e-04,6.575352046638727188e-03
4.137079697102308273e-03,4.665202274918556213e-02,-3.486552238464355469e-01,7.045383453369140625e-01,-3.355131149291992188e-01,-8.725880086421966553e-02,-6.098180264234542847e-02,1.553068011999130249e-01,5.812427029013633728e-02,-1.979337930679321289e-01,-3.677936911117285490e-04,6.123436614871025085e-03,-6.209968589246273041e-03,-2.888842718675732613e-04,5.587339401245117188e-03,9.570948779582977295e-03,-1.866409555077552795e-03,-2.086030726786702871e-04,6.521654315292835236e-03
1.572753489017486572e-02,4.763492941856384277e-02,-3.863317072391510010e-01,7.357124090194702148e-01,-3.442067801952362061e-01,-8.768670260906219482e-02,-5.662890523672103882e-02,1.622296869754791260e-01,5.492376163601875305e-02,-2.025704234838485718e-01,-5.276001174934208393e-04,6.138448137789964676e-03,-6.232852116227149963e-03,-2.885332796722650528e-04,5.574459210038185120e-03,9.571148082613945007e-03,-1.937050255946815014e-03,-2.028117596637457609e-04,6.441778969019651413e-03
2.576952800154685974e-02,4.740254953503608704e-02,-4.233846068382263184e-01,7.621376514434814453e-01,-3.555207550525665283e-01,-8.856195211410522461e-02,-5.226280540227890015e-02,1.678095012903213501e-01,5.397234857082366943e-02,-2.084183692932128906e-01,-9.365134174004197121e-04,6.140328943729400635e-03,-6.267477758228778839e-03,-2.889968163799494505e-04,5.562116391956806183e-03,9.570489637553691864e-03,-2.059208462014794350e-03,-1.992607722058892250e-04,6.358840968459844589e-03
3.493766114115715027e-02,4.550377279520034790e-02,-4.593636691570281982e-01,7.835803627967834473e-01,-3.645268380641937256e-01,-8.945752680301666260e-02,-4.801568388938903809e-02,1.722661703824996948e-01,5.475408956408500671e-02,-2.151950597763061523e-01,-1.194275449961423874e-03,6.150566972792148590e-03,-6.290299352258443832e-03,-2.860394015442579985e-04,5.567303858697414398e-03,9.569373913109302521e-03,-2.187776844948530197e-03,-1.992095931200310588e-04,6.282044574618339539e-03
4.345335438847541809e-02,4.178199544548988342e-02,-4.932660162448883057e-01,7.988137006759643555e-01,-3.699921965599060059e-01,-9.001243859529495239e-02,-4.392684996128082275e-02,1.750022917985916138e-01,5.840597674250602722e-02,-2.234221100807189941e-01,-1.088561606593430042e-03,6.163530051708221436e-03,-6.306528113782405853e-03,-2.818467619363218546e-04,5.556403193622827530e-03,9.571541100740432739e-03,-2.260910579934716225e-03,-1.946623087860643864e-04,6.224921438843011856e-03
5.157144367694854736e-02,3.608529642224311829e-02,-5.249219536781311035e-01,8.088430762290954590e-01,-3.715461194515228271e-01,-9.038480371236801147e-02,-3.978183120489120483e-02,1.766840517520904541e-01,6.372293829917907715e-02,-2.325337529182434082e-01,-9.287245338782668114e-04,6.181501317769289017e-03,-6.321100983768701553e-03,-2.767915721051394939e-04,5.521762650460004807e-03,9.573783725500106812e-03,-2.311974531039595604e-03,-1.893779408419504762e-04,6.191707681864500046e-03
5.942362174391746521e-02,2.811911888420581818e-02,-5.536533594131469727e-01,8.131740689277648926e-01,-3.729689419269561768e-01,-9.102053940296173096e-02,-3.551843762397766113e-02,1.780836284160614014e-01,6.950430572032928467e-02,-2.420188337564468384e-01,-1.074193860404193401e-03,6.195628549903631210e-03,-6.337103899568319321e-03,-2.735441667027771473e-04,5.504108499735593796e-03,9.576820768415927887e-03,-2.366176573559641838e-03,-1.833023707149550319e-04,6.174044217914342880e-03
6.641035526990890503e-02,1.800394989550113678e-02,-5.799118280410766602e-01,8.147669434547424316e-01,-3.739161789417266846e-01,-9.187009185552597046e-02,-3.113915771245956421e-02,1.790747940540313721e-01,7.606254518032073975e-02,-2.520510852336883545e-01,-1.287391409277915955e-03,6.205369252711534500e-03,-6.354979239404201508e-03,-2.715927548706531525e-04,5.487444344907999039e-03,9.578213095664978027e-03,-2.429506741464138031e-03,-1.755819830577820539e-04,6.148371379822492599e-03
7.167231291532516479e-02,6.083291955292224884e-03,-6.032639741897583008e-01,8.145927786827087402e-01,-3.715243935585021973e-01,-9.269858896732330322e-02,-2.672988362610340118e-02,1.796622425317764282e-01,8.346825093030929565e-02,-2.626559734344482422e-01,-1.383491558954119682e-03,6.215660367161035538e-03,-6.370863877236843109e-03,-2.683819329831749201e-04,5.479864310473203659e-03,9.578601457178592682e-03,-2.487612655386328697e-03,-1.684361777734011412e-04,6.123272702097892761e-03
7.475402951240539551e-02,-7.462934590876102448e-03,-6.235337853431701660e-01,8.132184147834777832e-01,-3.653425276279449463e-01,-9.364525228738784790e-02,-2.232304401695728302e-02,1.803331226110458374e-01,9.087459743022918701e-02,-2.734275162220001221e-01,-1.518915523774921894e-03,6.225664168596267700e-03,-6.387130822986364365e-03,-2.653733245097100735e-04,5.471590906381607056e-03,9.579868055880069733e-03,-2.545819850638508797e-03,-1.609490718692541122e-04,6.107453722506761551e-03
7.583346962928771973e-02,-2.186886966228485107e-02,-6.396560072898864746e-01,8.087610602378845215e-01,-3.570470511913299561e-01,-9.432326257228851318e-02,-1.764514669775962830e-02,1.813422143459320068e-01,9.796583652496337891e-02,-2.842234373092651367e-01,-1.375003019347786903e-03,6.234552245587110519e-03,-6.398198194801807404e-03,-2.627406793180853128e-04,5.445505958050489426e-03,9.587430395185947418e-03,-2.581283217296004295e-03,-1.548892614664509892e-04,6.125156767666339874e-03
7.506973296403884888e-02,-3.660160675644874573e-02,-6.524837613105773926e-01,8.035954236984252930e-01,-3.454473018646240234e-01,-9.494202584028244019e-02,-1.235845312476158142e-02,1.828444451093673706e-01,1.046804040670394897e-01,-2.950527966022491455e-01,-1.272446941584348679e-03,6.242172326892614365e-03,-6.408007815480232239e-03,-2.606248308438807726e-04,5.395834799855947495e-03,9.596098214387893677e-03,-2.612936543300747871e-03,-1.483013038523495197e-04,6.145632825791835785e-03
7.326027750968933105e-02,-5.159027129411697388e-02,-6.621242761611938477e-01,7.975019812583923340e-01,-3.307077884674072266e-01,-9.549818933010101318e-02,-6.243853364139795303e-03,1.849928498268127441e-01,1.107953265309333801e-01,-3.058280646800994873e-01,-1.214009942486882210e-03,6.247526966035366058e-03,-6.415886804461479187e-03,-2.585910842753946781e-04,5.319910123944282532e-03,9.606103412806987762e-03,-2.643016166985034943e-03,-1.423029752913862467e-04,6.172705441713333130e-03
6.998929381370544434e-02,-6.712315231561660767e-02,-6.681746244430541992e-01,7.895043492317199707e-01,-3.137629628181457520e-01,-9.679239243268966675e-02,5.589370266534388065e-04,1.883820146322250366e-01,1.155991703271865845e-01,-3.163251578807830811e-01,-1.822454971261322498e-03,6.247293204069137573e-03,-6.426313892006874084e-03,-2.609318762551993132e-04,5.303731188178062439e-03,9.615150280296802521e-03,-2.678093267604708672e-03,-1.335442939307540655e-04,6.190746091306209564e-03
6.683676689863204956e-02,-8.345469087362289429e-02,-6.714065074920654297e-01,7.827605009078979492e-01,-2.950062155723571777e-01,-9.796675294637680054e-02,8.023276925086975098e-03,1.927393525838851929e-01,1.197553947567939758e-01,-3.268420696258544922e-01,-2.062126994132995605e-03,6.248992402106523514e-03,-6.436105817556381226e-03,-2.631696697790175676e-04,5.276079289615154266e-03,9.623637422919273376e-03,-2.712935907766222954e-03,-1.242214493686333299e-04,6.219136994332075119e-03
6.379674375057220459e-02,-1.001941189169883728e-01,-6.712498068809509277e-01,7.746213674545288086e-01,-2.757989466190338135e-01,-9.919878840446472168e-02,1.618928834795951843e-02,1.983004957437515259e-01,1.227009445428848267e-01,-3.371045887470245361e-01,-2.207358367741107941e-03,6.253792904317378998e-03,-6.443824153393507004e-03,-2.623691980261355639e-04,5.233048927038908005e-03,9.635740891098976135e-03,-2.744580851867794991e-03,-1.136129358201287687e-04,6.234799977391958237e-03
6.119728833436965942e-02,-1.166462898254394531e-01,-6.685903668403625488e-01,7.650801539421081543e-01,-2.555187046527862549e-01,-1.002929955720901489e-01,2.521858364343643188e-02,2.039044648408889771e-01,1.261928528547286987e-01,-3.479039072990417480e-01,-2.096902579069137573e-03,6.258954759687185287e-03,-6.444216705858707428e-03,-2.607128117233514786e-04,5.177284590899944305e-03,9.645454585552215576e-03,-2.769215963780879974e-03,-1.034402012010104954e-04,6.237074267119169235e-03
5.802007764577865601e-02,-1.318481564521789551e-01,-6.624755859375000000e-01,7.526724338531494141e-01,-2.349064499139785767e-01,-1.014219447970390320e-01,3.494170680642127991e-02,2.100013941526412964e-01,1.299394369125366211e-01,-3.591988384723663330e-01,-2.026856178417801857e-03,6.266574840992689133e-03,-6.440937053412199020e-03,-2.576905244495719671e-04,5.146786570549011230e-03,9.652175009250640869e-03,-2.788967685773968697e-03,-9.358015813631936908e-05,6.231342442333698273e-03
5.363522469997406006e-02,-1.450090259313583374e-01,-6.529371142387390137e-01,7.389939427375793457e-01,-2.159329503774642944e-01,-1.020676568150520325e-01,4.509163647890090942e-02,2.159590274095535278e-01,1.353807896375656128e-01,-3.716795742511749268e-01,-1.507115666754543781e-03,6.277365144342184067e-03,-6.433365400880575180e-03,-2.539189008530229330e-04,5.130729172378778458e-03,9.658549912273883820e-03,-2.804558025673031807e-03,-8.357450133189558983e-05,6.213010288774967194e-03
4.897271096706390381e-02,-1.561487764120101929e-01,-6.395137906074523926e-01,7.237046957015991211e-01,-1.982234269380569458e-01,-1.017931625247001648e-01,5.539115145802497864e-02,2.218379825353622437e-01,1.428825706243515015e-01,-3.855802416801452637e-01,-2.677246520761400461e-04,6.302832625806331635e-03,-6.416790187358856201e-03,-2.434812049614265561e-04,5.126399919390678406e-03,9.622247889637947083e-03,-2.811177866533398628e-03,-7.532454765168949962e-05,6.188835483044385910e-03
4.409744217991828918e-02,-1.656156480312347412e-01,-6.222086548805236816e-01,7.065611481666564941e-01,-1.814555525779724121e-01,-1.013512611389160156e-01,6.545448303222656250e-02,2.276112437248229980e-01,1.529442369937896729e-01,-4.012646973133087158e-01,8.246553479693830013e-04,6.333999801427125931e-03,-6.393898744136095047e-03,-2.317902399227023125e-04,5.138820968568325043e-03,9.550242684781551361e-03,-2.807120559737086296e-03,-6.916375423315912485e-05,6.135022267699241638e-03
3.874329477548599243e-02,-1.732035577297210693e-01,-6.012681126594543457e-01,6.874708533287048340e-01,-1.632425934076309204e-01,-1.008698120713233948e-01,7.497432827949523926e-02,2.335347682237625122e-01,1.651389598846435547e-01,-4.185684323310852051e-01,1.634034444577991962e-03,6.367139052599668503e-03,-6.371945608407258987e-03,-2.197442372562363744e-04,5.153197329491376877e-03,9.520588442683219910e-03,-2.802798058837652206e-03,-6.307186413323506713e-05,6.070864852517843246e-03
3.500558435916900635e-02,-1.791377216577529907e-01,-5.770546793937683105e-01,6.664749383926391602e-01,-1.468841731548309326e-01,-9.944044053554534912e-02,8.380143344402313232e-02,2.388687282800674438e-01,1.804673075675964355e-01,-4.378813207149505615e-01,2.950576832517981529e-03,6.426118314266204834e-03,-6.342814769595861435e-03,-2.062890853267163038e-04,5.149793811142444611e-03,9.471246041357517242e-03,-2.787391189485788345e-03,-5.909629180678166449e-05,5.980899091809988022e-03
3.263861313462257385e-02,-1.831331104040145874e-01,-5.501249432563781738e-01,6.440205574035644531e-01,-1.283293366432189941e-01,-9.824352711439132690e-02,9.141494333744049072e-02,2.434762269258499146e-01,1.990925073623657227e-01,-4.593091309070587158e-01,4.273486323654651642e-03,6.499188952147960663e-03,-6.307854782789945602e-03,-1.922981900861486793e-04,5.138830281794071198e-03,9.390502236783504486e-03,-2.768868813291192055e-03,-5.671540202456526458e-05,5.806128028780221939e-03
3.186163678765296936e-02,-1.811883002519607544e-01,-5.461290478706359863e-01,6.609790325164794922e-01,-1.295514702796936035e-01,-9.984529018402099609e-02,9.350106865167617798e-02,2.474916130304336548e-01,2.167891561985015869e-01,-4.772269427776336670e-01,2.932125004008412361e-03,6.429333705455064774e-03,-6.105017382651567459e-03,-1.969619770534336567e-04,8.892634883522987366e-03,8.813705295324325562e-03,-2.368913264945149422e-03,-1.185088549391366541e-04,6.737563759088516235e-03
3.240315616130828857e-02,-1.841817349195480347e-01,-5.434368252754211426e-01,6.804688572883605957e-01,-1.493332386016845703e-01,-9.872300177812576294e-02,8.576182276010513306e-02,2.478784322738647461e-01,2.334974110126495361e-01,-4.884422123432159424e-01,2.414746675640344620e-03,6.463552825152873993e-03,-6.095097865909337997e-03,-2.000620734179392457e-04,1.036097016185522079e-02,8.707195520401000977e-03,-2.327705733478069305e-03,-1.020557465380989015e-04,6.933059543371200562e-03
3.269913420081138611e-02,-1.886144280433654785e-01,-5.365470051765441895e-01,6.881296634674072266e-01,-1.626406908035278320e-01,-9.212198853492736816e-02,7.569081336259841919e-02,2.462013065814971924e-01,2.512807846069335938e-01,-5.002323389053344727e-01,1.997197046875953674e-03,6.469103507697582245e-03,-6.079151760786771774e-03,-1.947087584994733334e-04,1.036755554378032684e-02,8.621706627309322357e-03,-2.310503739863634109e-03,-7.739657303318381310e-05,7.109875325113534927e-03
3.344517946243286133e-02,-1.935349702835083008e-01,-5.259550213813781738e-01,6.873239278793334961e-01,-1.714365184307098389e-01,-8.065670728683471680e-02,6.382888555526733398e-02,2.435800582170486450e-01,2.728485167026519775e-01,-5.125709772109985352e-01,1.898316666483879089e-03,6.468750070780515671e-03,-6.061065942049026489e-03,-1.901647192426025867e-04,1.032589655369520187e-02,8.552194572985172272e-03,-2.298504812642931938e-03,-5.657182919094339013e-05,7.269710302352905273e-03
3.471380844712257385e-02,-1.982629895210266113e-01,-5.122607350349426270e-01,6.803572177886962891e-01,-1.769222766160964966e-01,-6.631441414356231689e-02,5.021455883979797363e-02,2.405304014682769775e-01,2.978321611881256104e-01,-5.239540934562683105e-01,1.991660334169864655e-03,6.467873230576515198e-03,-6.039515603333711624e-03,-1.866331585915759206e-04,1.024045050144195557e-02,8.501694537699222565e-03,-2.286387141793966293e-03,-3.922353062080219388e-05,7.368156220763921738e-03
3.627736493945121765e-02,-2.023593038320541382e-01,-4.957979321479797363e-01,6.686339378356933594e-01,-1.800591498613357544e-01,-5.303901061415672302e-02,3.432264178991317749e-02,2.372298538684844971e-01,3.248769640922546387e-01,-5.336009860038757324e-01,1.987010473385453224e-03,6.463550031185150146e-03,-6.019556894898414612e-03,-1.831347035476937890e-04,1.016658637672662735e-02,8.465970866382122040e-03,-2.276746788993477821e-03,-2.497874629625584930e-05,7.428184151649475098e-03
3.800690919160842896e-02,-2.053782045841217041e-01,-4.773866832256317139e-01,6.531411409378051758e-01,-1.811193376779556274e-01,-4.058882221579551697e-02,1.694312877953052521e-02,2.329363822937011719e-01,3.547964692115783691e-01,-5.441524386405944824e-01,1.849785097874701023e-03,6.452737841755151749e-03,-5.997982341796159744e-03,-1.834994036471471190e-04,1.010726764798164368e-02,8.439486846327781677e-03,-2.263358095660805702e-03,-1.428608538844855502e-05,7.448887918144464493e-03
4.031237214803695679e-02,-2.071048021316528320e-01,-4.577304422855377197e-01,6.343807578086853027e-01,-1.802615374326705933e-01,-2.674073725938796997e-02,-1.016877940855920315e-03,2.273101210594177246e-01,3.865275681018829346e-01,-5.536521673202514648e-01,2.071951515972614288e-03,6.440172437578439713e-03,-5.974292755126953125e-03,-1.852511923061683774e-04,1.002996880561113358e-02,8.415744639933109283e-03,-2.248947741463780403e-03,-8.672837793710641563e-06,7.446649949997663498e-03
4.215661063790321350e-02,-2.076222449541091919e-01,-4.371973276138305664e-01,6.123865842819213867e-01,-1.773320585489273071e-01,-1.430792734026908875e-02,-1.968816667795181274e-02,2.195211648941040039e-01,4.205359518527984619e-01,-5.644252896308898926e-01,1.827856525778770447e-03,6.416356191039085388e-03,-5.954611115157604218e-03,-1.916970359161496162e-04,9.933115914463996887e-03,8.404580876231193542e-03,-2.235155552625656128e-03,-3.843177182716317475e-06,7.433560676872730255e-03
4.379643872380256653e-02,-2.069911956787109375e-01,-4.160664975643157959e-01,5.871912837028503418e-01,-1.722991764545440674e-01,-1.888711238279938698e-03,-3.844467550516128540e-02,2.092097848653793335e-01,4.564875662326812744e-01,-5.703458786010742188e-01,1.622927607968449593e-03,6.392573472112417221e-03,-5.930684041231870651e-03,-2.030437171924859285e-04,9.806679561734199524e-03,8.390896022319793701e-03,-2.218016888946294785e-03,-5.389794296206673607e-06,7.415395230054855347e-03
4.555221274495124817e-02,-2.054508626461029053e-01,-3.944587409496307373e-01,5.591148734092712402e-01,-1.653836667537689209e-01,1.095572486519813538e-02,-5.712654814124107361e-02,1.964046955108642578e-01,4.943076372146606445e-01,-5.796237587928771973e-01,1.653785468079149723e-03,6.374389398843050003e-03,-5.899637006223201752e-03,-2.132595109287649393e-04,9.668499231338500977e-03,8.367015980184078217e-03,-2.198618836700916290e-03,-1.387350221193628386e-05,7.394000422209501266e-03
4.612024873495101929e-02,-2.029908299446105957e-01,-3.724641501903533936e-01,5.286492705345153809e-01,-1.567811667919158936e-01,1.911649852991104126e-02,-7.627179473638534546e-02,1.808832436800003052e-01,5.325167179107666016e-01,-5.883668065071105957e-01,8.174779359251260757e-04,6.332016084343194962e-03,-5.879957694560289383e-03,-2.227328513981774449e-04,9.479925967752933502e-03,8.357273414731025696e-03,-2.187793841585516930e-03,-1.611476545804180205e-05,7.396586704999208450e-03
4.765250906348228455e-02,-1.994595676660537720e-01,-3.503201603889465332e-01,4.968656003475189209e-01,-1.472321003675460815e-01,2.680236473679542542e-02,-9.479240328073501587e-02,1.626124382019042969e-01,5.708350539207458496e-01,-5.968043208122253418e-01,1.196905155666172504e-03,6.308249197900295258e-03,-5.843690596520900726e-03,-2.298080798937007785e-04,9.110621176660060883e-03,8.333985693752765656e-03,-2.170160179957747459e-03,-2.808243698382284492e-05,7.387594319880008698e-03
4.928466305136680603e-02,-1.948885768651962280e-01,-3.280842304229736328e-01,4.643222987651824951e-01,-1.371307671070098877e-01,3.085459768772125244e-02,-1.127753555774688721e-01,1.411980539560317993e-01,6.090073585510253906e-01,-6.043852567672729492e-01,1.420952845364809036e-03,6.286771036684513092e-03,-5.802577827125787735e-03,-2.361505758017301559e-04,8.694608695805072784e-03,8.310722187161445618e-03,-2.151902532204985619e-03,-4.039348641526885331e-05,7.387799210846424103e-03
5.093590170145034790e-02,-1.892984807491302490e-01,-3.058338761329650879e-01,4.315505325794219971e-01,-1.266835927963256836e-01,3.176334127783775330e-02,-1.296355426311492920e-01,1.169599816203117371e-01,6.470646858215332031e-01,-6.117490530014038086e-01,1.455348799936473370e-03,6.261497270315885544e-03,-5.761048756539821625e-03,-2.416711504338309169e-04,8.283942006528377533e-03,8.287365548312664032e-03,-2.135922666639089584e-03,-5.149814751348458230e-05,7.388747297227382660e-03
5.279205366969108582e-02,-1.827313601970672607e-01,-2.835225760936737061e-01,3.987253606319427490e-01,-1.160886734724044800e-01,3.181015700101852417e-02,-1.447602957487106323e-01,9.092137217521667480e-02,6.837140321731567383e-01,-6.168002486228942871e-01,1.517048222012817860e-03,6.234903819859027863e-03,-5.702661816030740738e-03,-2.466478035785257816e-04,7.951593026518821716e-03,8.264451287686824799e-03,-2.116971183568239212e-03,-6.286252028075978160e-05,7.384006399661302567e-03
5.419022217392921448e-02,-1.753887236118316650e-01,-2.611878216266632080e-01,3.660701811313629150e-01,-1.054127812385559082e-01,2.894888259470462799e-02,-1.583692878484725952e-01,6.282086670398712158e-02,7.193477153778076172e-01,-6.200467944145202637e-01,1.174096949398517609e-03,6.151022389531135559e-03,-5.663172807544469833e-03,-2.497049572411924601e-04,7.762724068015813828e-03,8.243650197982788086e-03,-2.103033941239118576e-03,-7.311232184292748570e-05,7.354278117418289185e-03
5.537804961204528809e-02,-1.672582924365997314e-01,-2.391509562730789185e-01,3.342112302780151367e-01,-9.500759840011596680e-02,2.519156411290168762e-02,-1.696991771459579468e-01,3.368899226188659668e-02,7.529724836349487305e-01,-6.224728226661682129e-01,8.502299897372722626e-04,5.982598755508661270e-03,-5.607340484857559204e-03,-2.531735517550259829e-04,7.520623039454221725e-03,8.223453536629676819e-03,-2.087908796966075897e-03,-8.369729039259254932e-05,7.317185867577791214e-03
5.680184438824653625e-02,-1.582621335983276367e-01,-2.174610346555709839e-01,3.034096360206604004e-01,-8.508682250976562500e-02,2.138176932930946350e-02,-1.784325391054153442e-01,4.123385064303874969e-03,7.834895849227905273e-01,-6.252112984657287598e-01,8.251993567682802677e-04,5.878473632037639618e-03,-5.461807362735271454e-03,-2.567465126048773527e-04,7.205137982964515686e-03,8.201388642191886902e-03,-2.068731235340237617e-03,-9.752495680004358292e-05,7.307269144803285599e-03
5.798020958900451660e-02,-1.485309004783630371e-01,-1.965649425983428955e-01,2.747678160667419434e-01,-7.617033272981643677e-02,1.579408720135688782e-02,-1.851254105567932129e-01,-2.514298632740974426e-02,8.086223602294921875e-01,-6.265435218811035156e-01,5.772188305854797363e-04,5.803522653877735138e-03,-5.210281815379858017e-03,-2.595343394204974174e-04,6.937118247151374817e-03,8.178402669727802277e-03,-2.055054763332009315e-03,-1.110044977394863963e-04,7.267885375767946243e-03
5.786449089646339417e-02,-1.382113397121429443e-01,-1.771854609251022339e-01,2.492950111627578735e-01,-6.866347044706344604e-02,8.713678456842899323e-03,-1.897263675928115845e-01,-5.267106741666793823e-02,8.263997435569763184e-01,-6.236836314201354980e-01,-6.940699531696736813e-04,5.592909175902605057e-03,-4.899159073829650879e-03,-2.636402787175029516e-04,6.738307885825634003e-03,8.156782947480678558e-03,-2.041761064901947975e-03,-1.238800614373758435e-04,7.197380065917968750e-03
5.779938772320747375e-02,-1.276692599058151245e-01,-1.587697416543960571e-01,2.262859046459197998e-01,-6.238823384046554565e-02,1.618099515326321125e-03,-1.925153136253356934e-01,-7.833763211965560913e-02,8.369703292846679688e-01,-6.167919039726257324e-01,-1.471457653678953648e-03,5.271776113659143448e-03,-4.565912298858165741e-03,-2.673213311936706305e-04,6.661959923803806305e-03,8.129026740789413452e-03,-2.027604961767792702e-03,-1.401639601681381464e-04,7.151463069021701813e-03
5.778558924794197083e-02,-1.169935539364814758e-01,-1.411859691143035889e-01,2.055044174194335938e-01,-5.724448338150978088e-02,-6.329491734504699707e-03,-1.933023184537887573e-01,-1.020791083574295044e-01,8.404211401939392090e-01,-6.074898838996887207e-01,-1.880520489066839218e-03,5.028455518186092377e-03,-4.184550605714321136e-03,-2.707478415686637163e-04,6.563461851328611374e-03,8.101421408355236053e-03,-2.010448835790157318e-03,-1.582935074111446738e-04,7.114812266081571579e-03
5.764481052756309509e-02,-1.061424687504768372e-01,-1.242781877517700195e-01,1.862082630395889282e-01,-5.280363187193870544e-02,-1.467093080282211304e-02,-1.917877346277236938e-01,-1.237135156989097595e-01,8.374520540237426758e-01,-5.948937535285949707e-01,-2.119946293532848358e-03,4.912274423986673355e-03,-3.691855585202574730e-03,-2.762630756478756666e-04,6.471075583249330521e-03,8.074160665273666382e-03,-1.988492207601666451e-03,-1.787727378541603684e-04,7.088801823556423187e-03
5.718684196472167969e-02,-9.531652927398681641e-02,-1.082717329263687134e-01,1.686712652444839478e-01,-4.916665330529212952e-02,-2.395015768706798553e-02,-1.883154213428497314e-01,-1.434159874916076660e-01,8.297403454780578613e-01,-5.805078744888305664e-01,-2.377915894612669945e-03,4.857419058680534363e-03,-3.073926782235503197e-03,-2.812415186781436205e-04,6.417224183678627014e-03,8.041714318096637726e-03,-1.966475276276469231e-03,-2.015951467910781503e-04,7.034494541585445404e-03
5.681492015719413757e-02,-8.463302999734878540e-02,-9.298413246870040894e-02,1.526098102331161499e-01,-4.624012485146522522e-02,-3.268929198384284973e-02,-1.830899715423583984e-01,-1.604609936475753784e-01,8.172668814659118652e-01,-5.642674565315246582e-01,-2.329771639779210091e-03,4.825305193662643433e-03,-2.322274725884199142e-03,-2.868298906832933426e-04,6.373638287186622620e-03,8.005995303392410278e-03,-1.938480185344815254e-03,-2.270794939249753952e-04,6.987171247601509094e-03
5.676526576280593872e-02,-7.436092942953109741e-02,-7.775453478097915649e-02,1.366514712572097778e-01,-4.337411746382713318e-02,-4.074072837829589844e-02,-1.765560209751129150e-01,-1.748194843530654907e-01,8.005433678627014160e-01,-5.462074875831604004e-01,-1.890214043669402599e-03,4.849063698202371597e-03,-1.445507165044546127e-03,-2.925037406384944916e-04,6.364181172102689743e-03,7.953873835504055023e-03,-1.899588736705482006e-03,-2.568556810729205608e-04,6.915330421179533005e-03
5.591815710067749023e-02,-6.481094658374786377e-02,-6.324102729558944702e-02,1.215669736266136169e-01,-4.079712182283401489e-02,-5.071991682052612305e-02,-1.693396866321563721e-01,-1.867928802967071533e-01,7.798352241516113281e-01,-5.254933834075927734e-01,-2.092899754643440247e-03,4.848316777497529984e-03,-5.976785323582589626e-04,-2.983404556289315224e-04,6.354884710162878036e-03,7.916251197457313538e-03,-1.859021256677806377e-03,-2.856065693777054548e-04,6.770051084458827972e-03
5.627996847033500671e-02,-5.607221275568008423e-02,-4.900176823139190674e-02,1.065334528684616089e-01,-3.827600926160812378e-02,-5.911750718951225281e-02,-1.617839038372039795e-01,-1.963455528020858765e-01,7.562633752822875977e-01,-5.041415095329284668e-01,-1.041758572682738304e-03,4.994127899408340454e-03,2.415400958852842450e-04,-2.974447852466255426e-04,6.323996931314468384e-03,7.814440876245498657e-03,-1.776520628482103348e-03,-3.198048798367381096e-04,6.663477048277854919e-03
5.640326440334320068e-02,-4.792134836316108704e-02,-3.467849642038345337e-02,9.079258143901824951e-02,-3.530969098210334778e-02,-6.634213030338287354e-02,-1.537440568208694458e-01,-2.021642029285430908e-01,7.295250296592712402e-01,-4.829939603805541992e-01,-4.393167328089475632e-04,5.295545794069766998e-03,1.109190168790519238e-03,-2.818464417941868305e-04,6.316752173006534576e-03,7.738663814961910248e-03,-1.644601929001510143e-03,-3.515871067065745592e-04,6.607110146433115005e-03
5.586674436926841736e-02,-4.031847044825553894e-02,-2.113823965191841125e-02,7.597457617521286011e-02,-3.267973288893699646e-02,-7.329560816287994385e-02,-1.452303528785705566e-01,-2.044716328382492065e-01,7.002296447753906250e-01,-4.603504240512847900e-01,-4.671643546316772699e-04,5.533537827432155609e-03,1.858200877904891968e-03,-2.658042940311133862e-04,6.316211074590682983e-03,7.698724512010812759e-03,-1.525548635981976986e-03,-3.842304577119648457e-04,6.543629337102174759e-03
5.500848218798637390e-02,-3.339396789669990540e-02,-9.210209362208843231e-03,6.341297924518585205e-02,-3.102846071124076843e-02,-8.126720041036605835e-02,-1.362773627042770386e-01,-2.045589238405227661e-01,6.697030663490295410e-01,-4.364898502826690674e-01,-6.319293752312660217e-04,5.659202579408884048e-03,2.415202092379331589e-03,-2.517304092179983854e-04,6.298634689301252365e-03,7.666198536753654480e-03,-1.415527425706386566e-03,-4.171735781710594893e-04,6.425334140658378601e-03
5.466267094016075134e-02,-2.741618268191814423e-02,1.407004427164793015e-03,5.218899622559547424e-02,-2.991950325667858124e-02,-8.791855722665786743e-02,-1.273732483386993408e-01,-2.030068635940551758e-01,6.385343074798583984e-01,-4.110681116580963135e-01,-3.050361410714685917e-04,5.832341499626636505e-03,2.832595491781830788e-03,-2.373771130805835128e-04,6.289000157266855240e-03,7.587716914713382721e-03,-1.153072109445929527e-03,-4.441438941285014153e-04,6.219593808054924011e-03
5.408979207277297974e-02,-2.252741903066635132e-02,1.101459283381700516e-02,4.185285046696662903e-02,-2.911779098212718964e-02,-9.375813603401184082e-02,-1.188615709543228149e-01,-1.994204223155975342e-01,6.064205765724182129e-01,-3.897333145141601562e-01,-2.770175924524664879e-04,6.085347384214401245e-03,3.107923083007335663e-03,-2.254194405395537615e-04,6.294575985521078110e-03,7.515150588005781174e-03,-6.923407199792563915e-04,-4.625197325367480516e-04,6.052932236343622208e-03
5.318307131528854370e-02,-1.885861344635486603e-02,1.840868778526782990e-02,3.484112024307250977e-02,-2.982253022491931915e-02,-9.785424172878265381e-02,-1.112318411469459534e-01,-1.931212842464447021e-01,5.726124048233032227e-01,-3.707285821437835693e-01,-4.795739660039544106e-04,6.242014933377504349e-03,3.233519149944186211e-03,-2.228460070909932256e-04,6.310807075351476669e-03,7.464653812348842621e-03,-1.076425105566158891e-04,-4.766227793879806995e-04,5.840877071022987366e-03
5.222175642848014832e-02,-1.662780903279781342e-02,2.399836294353008270e-02,3.085973672568798065e-02,-3.197441622614860535e-02,-1.018832996487617493e-01,-1.046263948082923889e-01,-1.850423812866210938e-01,5.387287139892578125e-01,-3.516280949115753174e-01,-5.991486832499504089e-04,6.332994438707828522e-03,3.304396057501435280e-03,-2.313181030331179500e-04,6.330964155495166779e-03,7.384526543319225311e-03,5.575102986767888069e-04,-4.825437208637595177e-04,5.669998470693826675e-03
5.210610479116439819e-02,-1.577481813728809357e-02,2.779868617653846741e-02,3.049477748572826385e-02,-3.601673617959022522e-02,-1.023768112063407898e-01,-9.927881509065628052e-02,-1.746797114610671997e-01,5.060687661170959473e-01,-3.320321738719940186e-01,-3.276134884799830616e-05,6.520127411931753159e-03,3.404546529054641724e-03,-2.230158279417082667e-04,6.353547330945730209e-03,7.067542988806962967e-03,1.284922240301966667e-03,-4.708325723186135292e-04,5.629892926663160324e-03
5.106619745492935181e-02,-1.620755717158317566e-02,2.920695580542087555e-02,3.527294844388961792e-02,-4.252826794981956482e-02,-1.035450026392936707e-01,-9.503064304590225220e-02,-1.617095321416854858e-01,4.729388356208801270e-01,-3.110470473766326904e-01,-3.782148414757102728e-04,6.645050831139087677e-03,3.462141845375299454e-03,-2.317804173799231648e-04,6.391362287104129791e-03,6.770369131118059158e-03,1.930741593241691589e-03,-4.591773322317749262e-04,5.520917009562253952e-03
5.051469430327415466e-02,-1.794164814054965973e-02,2.934149652719497681e-02,4.405234381556510925e-02,-5.145911872386932373e-02,-1.040435805916786194e-01,-9.183453023433685303e-02,-1.461643278598785400e-01,4.388172626495361328e-01,-2.906438112258911133e-01,-1.467376132495701313e-04,6.776492111384868622e-03,3.553752321749925613e-03,-2.315492602065205574e-04,6.537199951708316803e-03,6.608987692743539810e-03,2.493293024599552155e-03,-4.322435706853866577e-04,5.512732081115245819e-03
5.082258954644203186e-02,-2.065514400601387024e-02,2.920852787792682648e-02,5.452536791563034058e-02,-6.124796345829963684e-02,-1.026791557669639587e-01,-8.953993022441864014e-02,-1.285356134176254272e-01,4.035315513610839844e-01,-2.687364220619201660e-01,7.670224877074360847e-04,6.886268965899944305e-03,3.610775573179125786e-03,-2.211106329923495650e-04,6.607207469642162323e-03,6.356294732540845871e-03,2.781572518870234489e-03,-3.969548561144620180e-04,5.440722685307264328e-03
4.981528222560882568e-02,-2.416389435529708862e-02,2.786017395555973053e-02,6.830578297376632690e-02,-7.281519472599029541e-02,-1.040086001157760620e-01,-8.786761760711669922e-02,-1.096801161766052246e-01,3.677807152271270752e-01,-2.492508739233016968e-01,3.371667989995330572e-04,6.909441202878952026e-03,3.640487091615796089e-03,-2.215256972704082727e-04,6.635524332523345947e-03,6.250061094760894775e-03,2.863150788471102715e-03,-3.928169899154454470e-04,5.357074551284313202e-03
4.927095770835876465e-02,-2.810183726251125336e-02,2.490246109664440155e-02,8.578439056873321533e-02,-8.638256788253784180e-02,-1.040398553013801575e-01,-8.664239197969436646e-02,-9.057176858186721802e-02,3.328303694725036621e-01,-2.295163124799728394e-01,4.867334791924804449e-04,6.904899608343839645e-03,3.676147665828466415e-03,-2.105212333844974637e-04,6.531976629048585892e-03,6.232798099517822266e-03,2.894083736464381218e-03,-3.992122365161776543e-04,5.309300497174263000e-03
4.701126739382743835e-02,-3.137575834989547729e-02,2.152119204401969910e-02,1.054232716560363770e-01,-1.078534275293350220e-01,-1.051470041275024414e-01,-8.789437264204025269e-02,-7.979463040828704834e-02,3.204167485237121582e-01,-2.257546782493591309e-01,-4.554018378257751465e-04,6.850523874163627625e-03,2.773914486169815063e-03,-1.382152986479923129e-04,8.236349560320377350e-03,6.315565668046474457e-03,2.224298659712076187e-03,-3.629404818639159203e-04,8.365375921130180359e-03
4.054513201117515564e-02,-3.004048205912113190e-02,2.122526243329048157e-02,1.239909827709197998e-01,-1.415247470140457153e-01,-1.094743385910987854e-01,-8.785595744848251343e-02,-6.392240524291992188e-02,3.101510405540466309e-01,-2.267066091299057007e-01,-3.287157975137233734e-03,6.918859202414751053e-03,-3.599352203309535980e-04,-1.622420968487858772e-04,9.204139001667499542e-03,8.345466107130050659e-03,1.032960251905024052e-03,-3.414800739847123623e-04,1.035189628601074219e-02
3.252663463354110718e-02,-2.704311907291412354e-02,1.838676631450653076e-02,1.459520310163497925e-01,-1.686748266220092773e-01,-1.114602312445640564e-01,-8.642878383398056030e-02,-4.293538630008697510e-02,2.872698903083801270e-01,-2.221942991018295288e-01,-2.947467379271984100e-03,6.904123816639184952e-03,-2.877122955396771431e-03,-1.828471868066117167e-04,8.934474550187587738e-03,9.415620006620883942e-03,4.173117049504071474e-04,-3.403182490728795528e-04,1.033898349851369858e-02
2.322101965546607971e-02,-2.287632599472999573e-02,1.123956684023141861e-02,1.717728972434997559e-01,-1.887651532888412476e-01,-1.121069192886352539e-01,-8.421569317579269409e-02,-2.163364738225936890e-02,2.595986723899841309e-01,-2.146174609661102295e-01,-1.851944369263947010e-03,6.888060364872217178e-03,-4.289081785827875137e-03,-2.047093003056943417e-04,8.327397517859935760e-03,9.406157769262790680e-03,3.098657180089503527e-04,-3.417766711208969355e-04,9.977287612855434418e-03
1.318731438368558884e-02,-1.742283813655376434e-02,-5.078676622360944748e-04,2.006182670593261719e-01,-2.043159902095794678e-01,-1.127197369933128357e-01,-8.136054128408432007e-02,-1.463409047573804855e-03,2.303578108549118042e-01,-2.057473361492156982e-01,-1.049094134941697121e-03,6.870659533888101578e-03,-4.777008667588233948e-03,-2.277019229950383306e-04,7.291374262422323227e-03,9.388498961925506592e-03,2.820866939146071672e-04,-3.405479073990136385e-04,9.113457985222339630e-03
3.495835699141025543e-03,-1.050433889031410217e-02,-1.654442399740219116e-02,2.319588363170623779e-01,-2.162086069583892822e-01,-1.135538890957832336e-01,-7.793373614549636841e-02,1.657375693321228027e-02,2.024422287940979004e-01,-1.971867382526397705e-01,-6.987504311837255955e-04,6.857401691377162933e-03,-4.800943657755851746e-03,-2.210439852206036448e-04,6.160895805805921555e-03,9.371028281748294830e-03,2.544560702517628670e-04,-3.368223842699080706e-04,8.068863302469253540e-03
-2.705945167690515518e-03,-2.576646627858281136e-03,-3.593213111162185669e-02,2.653086483478546143e-01,-2.278321832418441772e-01,-1.136774122714996338e-01,-7.409155368804931641e-02,3.210611268877983093e-02,1.781143993139266968e-01,-1.899341791868209839e-01,1.335706037934869528e-04,6.847261916846036911e-03,-4.830238409340381622e-03,-2.115277748089283705e-04,5.764972418546676636e-03,9.334204718470573425e-03,1.956002233782783151e-04,-3.320151590742170811e-04,7.659917697310447693e-03
-1.074181403964757919e-02,6.202661897987127304e-03,-5.698269978165626526e-02,2.985115647315979004e-01,-2.364075779914855957e-01,-1.147009506821632385e-01,-7.016168534755706787e-02,4.635594412684440613e-02,1.563810557126998901e-01,-1.843218356370925903e-01,-9.829874034039676189e-05,6.836051121354103088e-03,-4.854604136198759079e-03,-2.037691592704504728e-04,5.665021948516368866e-03,9.302025660872459412e-03,1.008326871669851243e-04,-3.245168772991746664e-04,7.447974290698766708e-03
-1.557433977723121643e-02,1.516523770987987518e-02,-8.048643916845321655e-02,3.338213264942169189e-01,-2.444559037685394287e-01,-1.155518814921379089e-01,-6.635144352912902832e-02,6.064047664403915405e-02,1.355230361223220825e-01,-1.793007701635360718e-01,-1.739974977681413293e-04,6.833563558757305145e-03,-4.883668851107358932e-03,-1.964098773896694183e-04,5.662884097546339035e-03,9.291843511164188385e-03,-1.057040208252146840e-04,-3.158172767143696547e-04,7.325906772166490555e-03
-2.002215944230556488e-02,2.411186508834362030e-02,-1.057386770844459534e-01,3.703757226467132568e-01,-2.506153583526611328e-01,-1.162925511598587036e-01,-6.282447278499603271e-02,7.472310960292816162e-02,1.159193739295005798e-01,-1.750501394271850586e-01,-1.837542222347110510e-04,6.833466235548257828e-03,-4.916811827570199966e-03,-1.907890837173908949e-04,5.655787885189056396e-03,9.278139099478721619e-03,-4.237266548443585634e-04,-3.059411828871816397e-04,7.194117177277803421e-03
-2.270749583840370178e-02,3.305343165993690491e-02,-1.329600363969802856e-01,4.081526696681976318e-01,-2.563831806182861328e-01,-1.166809499263763428e-01,-5.937907844781875610e-02,8.880480378866195679e-02,9.723588079214096069e-02,-1.713879406452178955e-01,1.262872046936536208e-06,6.832368206232786179e-03,-4.945335909724235535e-03,-1.839831675169989467e-04,5.633301101624965668e-03,9.272818453609943390e-03,-7.502551306970417500e-04,-2.974236558657139540e-04,7.093312684446573257e-03
-2.268609032034873962e-02,4.160786420106887817e-02,-1.627084612846374512e-01,4.469397068023681641e-01,-2.626276016235351562e-01,-1.168163940310478210e-01,-5.587237700819969177e-02,1.020257547497749329e-01,8.085002750158309937e-02,-1.689869314432144165e-01,2.276053419336676598e-04,6.829887628555297852e-03,-4.972402006387710571e-03,-1.772936520865187049e-04,5.597434937953948975e-03,9.268027730286121368e-03,-1.012325636111199856e-03,-2.897300291806459427e-04,6.974790710955858231e-03
-2.229302003979682922e-02,4.978718236088752747e-02,-1.942753493785858154e-01,4.855132400989532471e-01,-2.720222771167755127e-01,-1.175180375576019287e-01,-5.226346477866172791e-02,1.150561794638633728e-01,6.557126343250274658e-02,-1.673293560743331909e-01,-1.728435599943622947e-04,6.825088057667016983e-03,-5.016206763684749603e-03,-1.746428170008584857e-04,5.570997949689626694e-03,9.266979992389678955e-03,-1.265995437279343605e-03,-2.796190383378416300e-04,6.890064571052789688e-03
-1.765229925513267517e-02,5.718403682112693787e-02,-2.283107638359069824e-01,5.240287780761718750e-01,-2.814224660396575928e-01,-1.179070323705673218e-01,-4.842436313629150391e-02,1.275617033243179321e-01,5.193505436182022095e-02,-1.666213721036911011e-01,-2.420123928459361196e-04,6.821051239967346191e-03,-5.050237756222486496e-03,-1.701383444014936686e-04,5.536188837140798569e-03,9.267263114452362061e-03,-1.475002965889871120e-03,-2.710933622438460588e-04,6.823570933192968369e-03
-1.181262359023094177e-02,6.370979547500610352e-02,-2.643802464008331299e-01,5.622777938842773438e-01,-2.916985154151916504e-01,-1.190261468291282654e-01,-4.440854862332344055e-02,1.396871805191040039e-01,3.957833722233772278e-02,-1.667686700820922852e-01,-9.041866869665682316e-04,6.813312880694866180e-03,-5.099731497466564178e-03,-1.700334105407819152e-04,5.523965694010257721e-03,9.265174157917499542e-03,-1.704720081761479378e-03,-2.643430489115417004e-04,6.737580057233572006e-03
-4.529017489403486252e-03,6.914303451776504517e-02,-3.012014329433441162e-01,5.990036129951477051e-01,-3.034350872039794922e-01,-1.193049848079681396e-01,-4.029530286788940430e-02,1.505169123411178589e-01,2.977650053799152374e-02,-1.682070940732955933e-01,-6.220738287083804607e-04,6.812424398958683014e-03,-5.135082639753818512e-03,-1.656705862842500210e-04,5.524363368749618530e-03,9.269405156373977661e-03,-1.930347178131341934e-03,-2.561907458584755659e-04,6.648627575486898422e-03
3.564513986930251122e-03,7.296056300401687622e-02,-3.394923806190490723e-01,6.356422901153564453e-01,-3.123513460159301758e-01,-1.195571720600128174e-01,-3.618295490741729736e-02,1.594040840864181519e-01,2.357967570424079895e-02,-1.714856922626495361e-01,-4.897910403087735176e-04,6.815689615905284882e-03,-5.161117762327194214e-03,-1.586424186825752258e-04,5.518082529306411743e-03,9.269300848245620728e-03,-2.081899205222725868e-03,-2.498866524547338486e-04,6.537516601383686066e-03
1.327005866914987564e-02,7.455036044120788574e-02,-3.784507811069488525e-01,6.705708503723144531e-01,-3.218909204006195068e-01,-1.197285875678062439e-01,-3.226203098893165588e-02,1.671325117349624634e-01,1.958735100924968719e-02,-1.759544461965560913e-01,-3.832844668067991734e-04,6.824950687587261200e-03,-5.183755420148372650e-03,-1.510782603872939944e-04,5.543828476220369339e-03,9.270806796848773956e-03,-2.173087093979120255e-03,-2.476064255461096764e-04,6.437679752707481384e-03
2.119379676878452301e-02,7.464639097452163696e-02,-4.166432917118072510e-01,7.022011876106262207e-01,-3.302505910396575928e-01,-1.201600357890129089e-01,-2.851627208292484283e-02,1.729573160409927368e-01,1.899265125393867493e-02,-1.821889728307723999e-01,-5.426092538982629776e-04,6.827058270573616028e-03,-5.212208256125450134e-03,-1.437625905964523554e-04,5.547793582081794739e-03,9.270798414945602417e-03,-2.257204148918390274e-03,-2.433513873256742954e-04,6.342971231788396835e-03
3.105739876627922058e-02,7.256732881069183350e-02,-4.538060128688812256e-01,7.290506958961486816e-01,-3.365912139415740967e-01,-1.199377551674842834e-01,-2.478037402033805847e-02,1.776274591684341431e-01,2.036593668162822723e-02,-1.894256770610809326e-01,-1.405330694979056716e-04,6.843803916126489639e-03,-5.229474976658821106e-03,-1.334142434643581510e-04,5.544182378798723221e-03,9.275490418076515198e-03,-2.313802950084209442e-03,-2.354914176976308227e-04,6.298621650785207748e-03
4.020838811993598938e-02,6.856375187635421753e-02,-4.893265068531036377e-01,7.503060698509216309e-01,-3.435219526290893555e-01,-1.202203035354614258e-01,-2.097591385245323181e-02,1.812199354171752930e-01,2.344617061316967010e-02,-1.976385861635208130e-01,-3.374161606188863516e-04,6.852101068943738937e-03,-5.252188071608543396e-03,-1.248962071258574724e-04,5.526910070329904556e-03,9.275802411139011383e-03,-2.376583172008395195e-03,-2.257701853523030877e-04,6.246677134186029434e-03
4.962427914142608643e-02,6.234753876924514771e-02,-5.228518843650817871e-01,7.661437392234802246e-01,-3.471893668174743652e-01,-1.203767433762550354e-01,-1.707438193261623383e-02,1.835988759994506836e-01,2.847368456423282623e-02,-2.068624496459960938e-01,-3.852715890388935804e-04,6.863357499241828918e-03,-5.271510221064090729e-03,-1.162099870271049440e-04,5.519096739590167999e-03,9.277299046516418457e-03,-2.434499328956007957e-03,-2.169242798117920756e-04,6.215437781065702438e-03
5.889245122671127319e-02,5.390711873769760132e-02,-5.546801686286926270e-01,7.787047624588012695e-01,-3.478852510452270508e-01,-1.204838231205940247e-01,-1.298326347023248672e-02,1.838869154453277588e-01,3.709187731146812439e-02,-2.179403603076934814e-01,-4.171153123024851084e-04,6.870287936180830002e-03,-5.290200468152761459e-03,-1.086232296074740589e-04,5.480594467371702194e-03,9.278317913413047791e-03,-2.486075740307569504e-03,-2.086170425172895193e-04,6.177034694701433182e-03
6.616677343845367432e-02,4.420163482427597046e-02,-5.829503536224365234e-01,7.854776978492736816e-01,-3.444696962833404541e-01,-1.209171116352081299e-01,-8.574772626161575317e-03,1.839315891265869141e-01,4.631134495139122009e-02,-2.294790595769882202e-01,-7.018531323410570621e-04,6.870135199278593063e-03,-5.309144034981727600e-03,-1.027091930154711008e-04,5.462150089442729950e-03,9.281263686716556549e-03,-2.535676117986440659e-03,-1.990232995012775064e-04,6.187096238136291504e-03
7.241316884756088257e-02,3.295626863837242126e-02,-6.073623895645141602e-01,7.873027920722961426e-01,-3.374319970607757568e-01,-1.214078441262245178e-01,-3.830365370959043503e-03,1.842492967844009399e-01,5.548471584916114807e-02,-2.412148267030715942e-01,-9.170264238491654396e-04,6.872584111988544464e-03,-5.325930193066596985e-03,-9.671434963820502162e-05,5.452391691505908966e-03,9.283834137022495270e-03,-2.576542785391211510e-03,-1.903213269542902708e-04,6.194642744958400726e-03
7.670293748378753662e-02,2.054932340979576111e-02,-6.286799311637878418e-01,7.869582176208496094e-01,-3.288385570049285889e-01,-1.222928464412689209e-01,1.376642147079110146e-03,1.848340481519699097e-01,6.438632309436798096e-02,-2.530108094215393066e-01,-1.346626901067793369e-03,6.867796182632446289e-03,-5.346966441720724106e-03,-9.600606426829472184e-05,5.412313621491193771e-03,9.293685667216777802e-03,-2.627905691042542458e-03,-1.801276812329888344e-04,6.190362852066755295e-03
8.096064627170562744e-02,6.712734699249267578e-03,-6.466519236564636230e-01,7.839416861534118652e-01,-3.189713656902313232e-01,-1.227229759097099304e-01,7.119635120034217834e-03,1.858572810888290405e-01,7.255252450704574585e-02,-2.645857930183410645e-01,-1.251780893653631210e-03,6.875235587358474731e-03,-5.358882248401641846e-03,-9.078851144295185804e-05,5.379560403525829315e-03,9.299378842115402222e-03,-2.655994379892945290e-03,-1.731632364680990577e-04,6.198759656399488449e-03
8.384503424167633057e-02,-8.372268639504909515e-03,-6.612094640731811523e-01,7.794376611709594727e-01,-3.069087266921997070e-01,-1.234120577573776245e-01,1.330401282757520676e-02,1.884373277425765991e-01,7.821088284254074097e-02,-2.751592099666595459e-01,-1.416006474755704403e-03,6.879051681607961655e-03,-5.374476313591003418e-03,-8.730428089620545506e-05,5.371740087866783142e-03,9.305422194302082062e-03,-2.689627232030034065e-03,-1.636684028198942542e-04,6.211363710463047028e-03
8.502064645290374756e-02,-2.430063858628273010e-02,-6.721534132957458496e-01,7.742497324943542480e-01,-2.934257686138153076e-01,-1.242363080382347107e-01,1.991293020546436310e-02,1.922514736652374268e-01,8.226592093706130981e-02,-2.852043807506561279e-01,-1.600950723513960838e-03,6.880466826260089874e-03,-5.388297140598297119e-03,-8.473316120216622949e-05,5.360753275454044342e-03,9.311217814683914185e-03,-2.718189032748341560e-03,-1.538594806334003806e-04,6.229165010154247284e-03
8.510155975818634033e-02,-4.134192317724227905e-02,-6.795856356620788574e-01,7.691396474838256836e-01,-2.773214578628540039e-01,-1.248793974518775940e-01,2.685411460697650909e-02,1.958875805139541626e-01,8.744761347770690918e-02,-2.960702776908874512e-01,-1.553840003907680511e-03,6.882900837808847427e-03,-5.397463683038949966e-03,-8.173019887180998921e-05,5.349995102733373642e-03,9.316646493971347809e-03,-2.741143573075532913e-03,-1.456039753975346684e-04,6.220623850822448730e-03
8.511658012866973877e-02,-6.015241891145706177e-02,-6.828707456588745117e-01,7.623304128646850586e-01,-2.596964240074157715e-01,-1.252738386392593384e-01,3.393340483307838440e-02,2.000157088041305542e-01,9.265822172164916992e-02,-3.072315454483032227e-01,-1.352982828393578529e-03,6.889193784445524216e-03,-5.403079092502593994e-03,-7.750863005639985204e-05,5.358929280191659927e-03,9.325184859335422516e-03,-2.760038012638688087e-03,-1.376925356453284621e-04,6.204055156558752060e-03
8.201814442873001099e-02,-7.871017605066299438e-02,-6.828146576881408691e-01,7.543062567710876465e-01,-2.409937977790832520e-01,-1.265151202678680420e-01,4.149572551250457764e-02,2.046594768762588501e-01,9.761406481266021729e-02,-3.186111748218536377e-01,-1.931147533468902111e-03,6.887195631861686707e-03,-5.416695028543472290e-03,-7.846528023947030306e-05,5.289056338369846344e-03,9.338500909507274628e-03,-2.790999133139848709e-03,-1.239792618434876204e-04,6.187641061842441559e-03
7.848150283098220825e-02,-9.661221504211425781e-02,-6.800323128700256348e-01,7.452238798141479492e-01,-2.234261780977249146e-01,-1.271578073501586914e-01,4.991306737065315247e-02,2.095411568880081177e-01,1.024524644017219543e-01,-3.301158249378204346e-01,-1.747656962834298611e-03,6.891691125929355621e-03,-5.423440597951412201e-03,-7.475147140212357044e-05,5.239910911768674850e-03,9.353099390864372253e-03,-2.813237253576517105e-03,-1.107541102101095021e-04,6.191206164658069611e-03
7.589992135763168335e-02,-1.140037700533866882e-01,-6.736266613006591797e-01,7.340033054351806641e-01,-2.058001011610031128e-01,-1.270177364349365234e-01,5.907216668128967285e-02,2.144784629344940186e-01,1.082703471183776855e-01,-3.423928022384643555e-01,-8.969816262833774090e-04,6.899989210069179535e-03,-5.421441514045000076e-03,-6.568744720425456762e-05,5.202535074204206467e-03,9.363315068185329437e-03,-2.826582640409469604e-03,-9.994787978939712048e-05,6.192592438310384750e-03
7.133556157350540161e-02,-1.296900659799575806e-01,-6.629889011383056641e-01,7.201682925224304199e-01,-1.878269314765930176e-01,-1.273665875196456909e-01,6.867898255586624146e-02,2.193554490804672241e-01,1.161732450127601624e-01,-3.561936020851135254e-01,-6.719606462866067886e-04,6.902844179421663284e-03,-5.417937878519296646e-03,-5.708583921659737825e-05,5.195321049541234970e-03,9.351306594908237457e-03,-2.835696097463369370e-03,-8.897622319636866450e-05,6.172883324325084686e-03
6.597112864255905151e-02,-1.436581760644912720e-01,-6.483886837959289551e-01,7.055514454841613770e-01,-1.711644828319549561e-01,-1.272648721933364868e-01,7.837186753749847412e-02,2.237339168787002563e-01,1.272836178541183472e-01,-3.720534741878509521e-01,-8.913219062378630042e-05,6.911161355674266815e-03,-5.410837009549140930e-03,-4.685647218138910830e-05,5.201801192015409470e-03,9.324582293629646301e-03,-2.839747583493590355e-03,-7.948719576233997941e-05,6.136062555015087128e-03
6.104780733585357666e-02,-1.561782807111740112e-01,-6.301226615905761719e-01,6.906945109367370605e-01,-1.553595215082168579e-01,-1.266121864318847656e-01,8.786418288946151733e-02,2.279540598392486572e-01,1.411866545677185059e-01,-3.897935152053833008e-01,8.435933850705623627e-04,6.928535178303718567e-03,-5.397006403654813766e-03,-3.455555633991025388e-05,5.214288830757141113e-03,9.283568710088729858e-03,-2.831951947882771492e-03,-7.192321209004148841e-05,6.093189585953950882e-03
5.690940842032432556e-02,-1.670662462711334229e-01,-6.080793738365173340e-01,6.732560396194458008e-01,-1.404123604297637939e-01,-1.254313290119171143e-01,9.692174941301345825e-02,2.310812175273895264e-01,1.592628061771392822e-01,-4.100782871246337891e-01,1.940865651704370975e-03,6.952142342925071716e-03,-5.377111025154590607e-03,-2.104142004100140184e-05,5.210649687796831131e-03,9.186733514070510864e-03,-2.811831422150135040e-03,-6.736406794516369700e-05,5.985956173390150070e-03
5.070134252309799194e-02,-1.751351356506347656e-01,-5.826352238655090332e-01,6.532009840011596680e-01,-1.263292282819747925e-01,-1.245649605989456177e-01,1.053480952978134155e-01,2.335660308599472046e-01,1.806016862392425537e-01,-4.325273036956787109e-01,2.408240921795368195e-03,6.965803448110818863e-03,-5.359652452170848846e-03,-7.890065717219840735e-06,5.213388707488775253e-03,9.099409915506839752e-03,-2.800807589665055275e-03,-6.294802005868405104e-05,5.828815046697854996e-03
4.692644625902175903e-02,-1.815646886825561523e-01,-5.543649196624755859e-01,6.324732303619384766e-01,-1.119325831532478333e-01,-1.226602867245674133e-01,1.130889952182769775e-01,2.360603362321853638e-01,2.041336894035339355e-01,-4.565399587154388428e-01,3.512648399919271469e-03,6.994257215410470963e-03,-5.335117224603891373e-03,5.763860372098861262e-06,5.205806810408830643e-03,9.069751016795635223e-03,-2.754082437604665756e-03,-5.923676872043870389e-05,5.771405994892120361e-03
4.284378513693809509e-02,-1.811292916536331177e-01,-5.437850356101989746e-01,6.405249238014221191e-01,-1.108805611729621887e-01,-1.246146857738494873e-01,1.172734498977661133e-01,2.382557541131973267e-01,2.279039770364761353e-01,-4.790650904178619385e-01,1.447343733161687851e-03,6.863668560981750488e-03,-5.127673503011465073e-03,7.718538654444273561e-06,8.063042536377906799e-03,8.512577041983604431e-03,-2.353170188143849373e-03,-1.150233729276806116e-04,6.679391488432884216e-03
4.274075478315353394e-02,-1.836123764514923096e-01,-5.417099595069885254e-01,6.635043025016784668e-01,-1.325928121805191040e-01,-1.240299493074417114e-01,1.105776801705360413e-01,2.383334636688232422e-01,2.497802078723907471e-01,-4.912120103836059570e-01,6.872608209960162640e-04,6.913582794368267059e-03,-5.126934498548507690e-03,1.566995024404604919e-06,1.095212064683437347e-02,8.435249328613281250e-03,-2.233660779893398285e-03,-9.804442379390820861e-05,7.093094754964113235e-03
4.271506890654563904e-02,-1.884367614984512329e-01,-5.343019962310791016e-01,6.731668114662170410e-01,-1.471285521984100342e-01,-1.178320571780204773e-01,1.007076203823089600e-01,2.361629605293273926e-01,2.724655270576477051e-01,-5.066697001457214355e-01,5.481839762069284916e-04,6.920813117176294327e-03,-5.110859405249357224e-03,8.152182999765500426e-06,1.095395628362894058e-02,8.339497260749340057e-03,-2.207653829827904701e-03,-7.668355829082429409e-05,7.220481988042593002e-03
4.326525703072547913e-02,-1.940942406654357910e-01,-5.228710770606994629e-01,6.739125251770019531e-01,-1.568548977375030518e-01,-1.070496812462806702e-01,8.897169679403305054e-02,2.331147938966751099e-01,2.974101603031158447e-01,-5.226106643676757812e-01,6.710332236252725124e-04,6.918541621416807175e-03,-5.094032734632492065e-03,1.416613122273702174e-05,1.089889463037252426e-02,8.272620849311351776e-03,-2.191385487094521523e-03,-5.829805013490840793e-05,7.353945169597864151e-03
4.445161297917366028e-02,-1.997369676828384399e-01,-5.080023407936096191e-01,6.684314608573913574e-01,-1.635621190071105957e-01,-9.553258121013641357e-02,7.526735961437225342e-02,2.294523417949676514e-01,3.256897032260894775e-01,-5.364700555801391602e-01,9.928462095558643341e-04,6.914697587490081787e-03,-5.075892899185419083e-03,1.911252002173569053e-05,1.081403996795415878e-02,8.232110179960727692e-03,-2.180077368393540382e-03,-4.509625432547181845e-05,7.422244176268577576e-03
4.638262465596199036e-02,-2.047679126262664795e-01,-4.906272590160369873e-01,6.586171388626098633e-01,-1.680290400981903076e-01,-8.324863016605377197e-02,6.001325324177742004e-02,2.252955734729766846e-01,3.568003773689270020e-01,-5.495817065238952637e-01,1.547803753055632114e-03,6.907262373715639114e-03,-5.053844302892684937e-03,2.377219789195805788e-05,1.074441522359848022e-02,8.197695948183536530e-03,-2.166470279917120934e-03,-3.545925937942229211e-05,7.461105473339557648e-03
4.862948879599571228e-02,-2.087763547897338867e-01,-4.716970324516296387e-01,6.453213691711425781e-01,-1.705122143030166626e-01,-7.012214511632919312e-02,4.352566599845886230e-02,2.204117476940155029e-01,3.896545767784118652e-01,-5.626688003540039062e-01,1.891383551992475986e-03,6.895582191646099091e-03,-5.034217145293951035e-03,2.794482134049758315e-05,1.066128071397542953e-02,8.168633095920085907e-03,-2.153149107471108437e-03,-2.600624975457321852e-05,7.464764174073934555e-03
5.083497613668441772e-02,-2.116277664899826050e-01,-4.521063566207885742e-01,6.293914318084716797e-01,-1.712793260812759399e-01,-5.772735178470611572e-02,2.546143159270286560e-02,2.139216512441635132e-01,4.246069192886352539e-01,-5.761995911598205566e-01,1.961094792932271957e-03,6.878430955111980438e-03,-5.017192102968692780e-03,2.836855128407478333e-05,1.052923593670129776e-02,8.142883889377117157e-03,-2.140479627996683121e-03,-2.042441155936103314e-05,7.459716405719518661e-03
5.313252285122871399e-02,-2.129563391208648682e-01,-4.325875937938690186e-01,6.114851236343383789e-01,-1.705769002437591553e-01,-4.443630576133728027e-02,6.870348006486892700e-03,2.057008445262908936e-01,4.606727063655853271e-01,-5.874415040016174316e-01,2.032118383795022964e-03,6.851641926914453506e-03,-4.997970536351203918e-03,2.565604881965555251e-05,1.025332231074571609e-02,8.126483298838138580e-03,-2.123782411217689514e-03,-1.734562101773917675e-05,7.461419329047203064e-03
5.485437810420989990e-02,-2.126798778772354126e-01,-4.134342968463897705e-01,5.918091535568237305e-01,-1.684038341045379639e-01,-3.230346366763114929e-02,-1.207862701267004013e-02,1.956450939178466797e-01,4.964755475521087646e-01,-5.963599681854248047e-01,1.795770367607474327e-03,6.806505378335714340e-03,-4.984396509826183319e-03,1.876834357972256839e-05,9.896969422698020935e-03,8.120075799524784088e-03,-2.110367408022284508e-03,-1.419703676219796762e-05,7.468480616807937622e-03
5.605386942625045776e-02,-2.111608982086181641e-01,-3.943720459938049316e-01,5.700380206108093262e-01,-1.646756678819656372e-01,-2.208091877400875092e-02,-3.146554529666900635e-02,1.836723089218139648e-01,5.315527915954589844e-01,-6.030430197715759277e-01,1.519996207207441330e-03,6.764515768736600876e-03,-4.967907909303903580e-03,7.892810572229791433e-06,9.718690998852252960e-03,8.112609386444091797e-03,-2.096025273203849792e-03,-1.747308124322444201e-05,7.459764368832111359e-03
5.721081420779228210e-02,-2.084909677505493164e-01,-3.751852512359619141e-01,5.462531447410583496e-01,-1.595116704702377319e-01,-1.386018376797437668e-02,-5.096395686268806458e-02,1.694377809762954712e-01,5.666078925132751465e-01,-6.081929206848144531e-01,1.482751918956637383e-03,6.734690163284540176e-03,-4.945443477481603622e-03,-1.756285996634687763e-06,9.563240222632884979e-03,8.101052604615688324e-03,-2.078531309962272644e-03,-2.594268153188750148e-05,7.449846249073743820e-03
5.835338681936264038e-02,-2.047377675771713257e-01,-3.557791709899902344e-01,5.205315351486206055e-01,-1.530177295207977295e-01,-6.544432602822780609e-03,-6.998788565397262573e-02,1.535006910562515259e-01,6.001654267311096191e-01,-6.128532290458679199e-01,1.489684800617396832e-03,6.707797758281230927e-03,-4.920553881675004959e-03,-1.105310457205632702e-05,9.411358274519443512e-03,8.086703717708587646e-03,-2.059875987470149994e-03,-3.536347867338918149e-05,7.447329349815845490e-03
5.954523012042045593e-02,-2.000105530023574829e-01,-3.362601697444915771e-01,4.931267499923706055e-01,-1.452987343072891235e-01,5.024059792049229145e-04,-8.813588321208953857e-02,1.350052505731582642e-01,6.348461508750915527e-01,-6.173441410064697266e-01,1.547980704344809055e-03,6.680788937956094742e-03,-4.891750868409872055e-03,-1.925626929732970893e-05,9.231869131326675415e-03,8.067259564995765686e-03,-2.039507729932665825e-03,-4.625949804903939366e-05,7.450726814568042755e-03
6.037548929452896118e-02,-1.943839341402053833e-01,-3.164671063423156738e-01,4.641271829605102539e-01,-1.364551633596420288e-01,6.842543371021747589e-03,-1.052513793110847473e-01,1.147488579154014587e-01,6.689313650131225586e-01,-6.212171316146850586e-01,1.366461161524057388e-03,6.643835455179214478e-03,-4.866106435656547546e-03,-2.733799374254886061e-05,9.075683541595935822e-03,8.054027333855628967e-03,-2.021856373175978661e-03,-5.553950541070662439e-05,7.454075850546360016e-03
6.141998991370201111e-02,-1.878080070018768311e-01,-2.965556085109710693e-01,4.341309368610382080e-01,-1.268463879823684692e-01,1.354109402745962143e-02,-1.209589242935180664e-01,9.320519119501113892e-02,7.013075351715087891e-01,-6.250249147415161133e-01,1.439568004570901394e-03,6.619247142225503922e-03,-4.832787904888391495e-03,-3.416472100070677698e-05,8.768815547227859497e-03,8.037557825446128845e-03,-2.001577056944370270e-03,-6.873096572235226631e-05,7.450318895280361176e-03
6.240709498524665833e-02,-1.803062856197357178e-01,-2.767038345336914062e-01,4.039440751075744629e-01,-1.169801056385040283e-01,1.734388805925846100e-02,-1.355792731046676636e-01,6.957780569791793823e-02,7.325111031532287598e-01,-6.282953619956970215e-01,1.406052149832248688e-03,6.586926057934761047e-03,-4.799331072717905045e-03,-3.959260357078164816e-05,8.385810069739818573e-03,8.022090420126914978e-03,-1.984510570764541626e-03,-8.269834506791085005e-05,7.441417779773473740e-03
6.244103983044624329e-02,-1.717415004968643188e-01,-2.573204636573791504e-01,3.745548129081726074e-01,-1.072814762592315674e-01,1.738018356263637543e-02,-1.486070603132247925e-01,4.496560990810394287e-02,7.603567838668823242e-01,-6.305752992630004883e-01,5.662076873704791069e-04,6.452195812016725540e-03,-4.773276858031749725e-03,-4.476146568777039647e-05,7.895146496593952179e-03,8.008112199604511261e-03,-1.971566583961248398e-03,-9.216995385941118002e-05,7.417939137667417526e-03
6.315901875495910645e-02,-1.622626334428787231e-01,-2.383012473583221436e-01,3.462445735931396484e-01,-9.811800718307495117e-02,1.727890782058238983e-02,-1.597091406583786011e-01,2.030120976269245148e-02,7.832989692687988281e-01,-6.326382160186767578e-01,6.213342421688139439e-04,6.269506178796291351e-03,-4.719511605799198151e-03,-4.848374373978003860e-05,7.516773883253335953e-03,7.986282929778099060e-03,-1.953930594027042389e-03,-1.061513394233770669e-04,7.406713441014289856e-03
6.420140713453292847e-02,-1.519911140203475952e-01,-2.196925729513168335e-01,3.192673921585083008e-01,-8.959443867206573486e-02,1.632695831358432770e-02,-1.687373071908950806e-01,-3.853273810818791389e-03,8.000896573066711426e-01,-6.307117342948913574e-01,7.889622356742620468e-04,6.240896414965391159e-03,-4.571015480905771255e-03,-5.173733734409324825e-05,7.224450353533029556e-03,7.964949123561382294e-03,-1.934322412125766277e-03,-1.227189495693892241e-04,7.397487759590148926e-03
6.420879811048507690e-02,-1.411905437707901001e-01,-2.018045186996459961e-01,2.941452860832214355e-01,-8.187893033027648926e-02,1.274340134114027023e-02,-1.760796755552291870e-01,-2.683981508016586304e-02,8.102634549140930176e-01,-6.252741217613220215e-01,-3.026494232472032309e-05,6.150130648165941238e-03,-4.374964162707328796e-03,-5.571146539296023548e-05,7.097303867340087891e-03,7.942092604935169220e-03,-1.919400994665920734e-03,-1.368456287309527397e-04,7.347084581851959229e-03
6.429162621498107910e-02,-1.299805939197540283e-01,-1.844518929719924927e-01,2.709306180477142334e-01,-7.516530156135559082e-02,7.714172359555959702e-03,-1.815856546163558960e-01,-4.846586287021636963e-02,8.141481876373291016e-01,-6.172477602958679199e-01,-4.762236494570970535e-04,5.995308514684438705e-03,-4.183129873126745224e-03,-5.861802128492854536e-05,6.997045129537582397e-03,7.915460504591464996e-03,-1.903925556689500809e-03,-1.534449111204594374e-04,7.336528506129980087e-03
6.432750076055526733e-02,-1.184440106153488159e-01,-1.671951562166213989e-01,2.486966550350189209e-01,-6.896527856588363647e-02,1.507511362433433533e-03,-1.847503930330276489e-01,-6.837243586778640747e-02,8.119812011718750000e-01,-6.075010299682617188e-01,-7.745056063868105412e-04,5.919808056205511093e-03,-3.930662758648395538e-03,-6.284241680987179279e-05,6.920332554727792740e-03,7.888576015830039978e-03,-1.883804914541542530e-03,-1.709903590381145477e-04,7.320920471101999283e-03
6.478004902601242065e-02,-1.066899448633193970e-01,-1.498308330774307251e-01,2.269408702850341797e-01,-6.305857002735137939e-02,-3.485154593363404274e-03,-1.852449327707290649e-01,-8.598211407661437988e-02,8.049709796905517578e-01,-5.973280668258666992e-01,-5.821060040034353733e-04,5.883673671633005142e-03,-3.525048727169632912e-03,-6.634198507526889443e-05,6.872980389744043350e-03,7.853943854570388794e-03,-1.859383191913366318e-03,-1.930355356307700276e-04,7.299072109162807465e-03
6.494966149330139160e-02,-9.487729519605636597e-02,-1.331738233566284180e-01,2.066003531217575073e-01,-5.778333544731140137e-02,-9.227455593645572662e-03,-1.834474205970764160e-01,-1.021434962749481201e-01,7.948534488677978516e-01,-5.840451717376708984e-01,-6.328305462375283241e-04,5.831603892147541046e-03,-2.961963647976517677e-03,-7.001413905527442694e-05,6.772618275135755539e-03,7.814656943082809448e-03,-1.835698378272354603e-03,-2.170196676161140203e-04,7.235569879412651062e-03
6.493943929672241211e-02,-8.317145705223083496e-02,-1.173552200198173523e-01,1.876134723424911499e-01,-5.309292674064636230e-02,-1.480087731033563614e-02,-1.796571910381317139e-01,-1.158579215407371521e-01,7.802327275276184082e-01,-5.683237910270690918e-01,-7.275859243236482143e-04,5.775883793830871582e-03,-2.303499961271882057e-03,-7.367808575509116054e-05,6.702899001538753510e-03,7.772587705403566360e-03,-1.809846959076821804e-03,-2.426537103019654751e-04,7.163285277783870697e-03
6.517159938812255859e-02,-7.185884565114974976e-02,-1.022188887000083923e-01,1.697615683078765869e-01,-4.892378300428390503e-02,-2.019582502543926239e-02,-1.744874864816665649e-01,-1.270707249641418457e-01,7.613322734832763672e-01,-5.514012575149536133e-01,-5.154337850399315357e-04,5.747975781559944153e-03,-1.590558676980435848e-03,-7.745872426312416792e-05,6.659986916929483414e-03,7.716051302850246429e-03,-1.776502933353185654e-03,-2.711468550842255354e-04,7.065477315336465836e-03
6.424355506896972656e-02,-6.126242503523826599e-02,-8.713220059871673584e-02,1.518178731203079224e-01,-4.457720369100570679e-02,-2.904552035033702850e-02,-1.683988273143768311e-01,-1.363667398691177368e-01,7.396035790443420410e-01,-5.329098701477050781e-01,-1.300613279454410076e-03,5.717150401324033737e-03,-9.362049167975783348e-04,-8.259803144028410316e-05,6.663003470748662949e-03,7.686056196689605713e-03,-1.742667634971439838e-03,-2.970416971947997808e-04,6.945016328245401382e-03
6.427124142646789551e-02,-5.138612538576126099e-02,-7.264368981122970581e-02,1.349823623895645142e-01,-4.082416743040084839e-02,-3.681663423776626587e-02,-1.614139527082443237e-01,-1.433288305997848511e-01,7.157149314880371094e-01,-5.140984058380126953e-01,-9.134975261986255646e-04,5.703222006559371948e-03,-3.486940404400229454e-04,-8.599420107202604413e-05,6.631463300436735153e-03,7.610280998051166534e-03,-1.691763289272785187e-03,-3.275253693573176861e-04,6.814756896346807480e-03
6.401626020669937134e-02,-4.218045249581336975e-02,-5.887004360556602478e-02,1.190652102231979370e-01,-3.744084760546684265e-02,-4.554460570216178894e-02,-1.535892933607101440e-01,-1.478634476661682129e-01,6.893501281738281250e-01,-4.950135052204132080e-01,-8.270802791230380535e-04,5.720986984670162201e-03,2.440912940073758364e-04,-9.104539640247821808e-05,6.593733094632625580e-03,7.541604340076446533e-03,-1.630658050999045372e-03,-3.585078520700335503e-04,6.711970549076795578e-03
6.337495148181915283e-02,-3.369138762354850769e-02,-4.607927799224853516e-02,1.040655076503753662e-01,-3.432546928524971008e-02,-5.367511883378028870e-02,-1.452877372503280640e-01,-1.496765017509460449e-01,6.605368256568908691e-01,-4.761420488357543945e-01,-1.003116951324045658e-03,5.717377178370952606e-03,8.070971816778182983e-04,-9.685102122602984309e-05,6.559006869792938232e-03,7.500493898987770081e-03,-1.512970309704542160e-03,-3.875975962728261948e-04,6.530205719172954559e-03
6.291663646697998047e-02,-2.629915811121463776e-02,-3.570723533630371094e-02,9.238982200622558594e-02,-3.268371894955635071e-02,-6.083813682198524475e-02,-1.374418586492538452e-01,-1.496611684560775757e-01,6.295184493064880371e-01,-4.549067318439483643e-01,-8.920043474063277245e-04,5.738659296184778214e-03,1.260265242308378220e-03,-1.040033967001363635e-04,6.522147916257381439e-03,7.388846483081579208e-03,-1.238964963704347610e-03,-4.161364340689033270e-04,6.040947977453470230e-03
6.335879862308502197e-02,-2.016830630600452423e-02,-2.623012475669384003e-02,8.145046979188919067e-02,-3.132956847548484802e-02,-6.560450047254562378e-02,-1.305006593465805054e-01,-1.475815176963806152e-01,5.960636734962463379e-01,-4.313565790653228760e-01,-7.969553553266450763e-05,5.902775097638368607e-03,1.688651274889707565e-03,-1.068862693500705063e-04,6.505727302283048630e-03,7.072586566209793091e-03,-7.025886443443596363e-04,-4.320061125326901674e-04,5.810732953250408173e-03
6.295615434646606445e-02,-1.521957013756036758e-02,-1.817533746361732483e-02,7.233662158250808716e-02,-3.069367446005344391e-02,-7.044257968664169312e-02,-1.242232918739318848e-01,-1.431559920310974121e-01,5.605500340461730957e-01,-4.080250263214111328e-01,-2.097331453114748001e-04,6.069532595574855804e-03,2.046216977760195732e-03,-1.119517110055312514e-04,6.514649372547864914e-03,6.746552884578704834e-03,-3.704564369400031865e-05,-4.420455952640622854e-04,5.653992295265197754e-03
6.251194328069686890e-02,-1.150007359683513641e-02,-1.190094090998172760e-02,6.612750887870788574e-02,-3.093012608587741852e-02,-7.309964299201965332e-02,-1.186679974198341370e-01,-1.360457688570022583e-01,5.236731767654418945e-01,-3.883968591690063477e-01,-2.473082568030804396e-04,6.109224632382392883e-03,2.297912025824189186e-03,-1.178499223897233605e-04,6.534839514642953873e-03,6.499829702079296112e-03,6.849908968433737755e-04,-4.449331318028271198e-04,5.502321291714906693e-03
6.155342981219291687e-02,-9.394165128469467163e-03,-7.384463679045438766e-03,6.349670141935348511e-02,-3.360826894640922546e-02,-7.500928640365600586e-02,-1.141676008701324463e-01,-1.271091550588607788e-01,4.880484938621520996e-01,-3.683353662490844727e-01,-6.882423767820000648e-04,6.176044233143329620e-03,2.501223236322402954e-03,-1.269491040147840977e-04,6.616297177970409393e-03,6.378218531608581543e-03,1.494952593930065632e-03,-4.356149584054946899e-04,5.260793026536703110e-03
6.087018176913261414e-02,-8.550170809030532837e-03,-5.116204265505075455e-03,6.489945203065872192e-02,-3.806504607200622559e-02,-7.383111864328384399e-02,-1.105507612228393555e-01,-1.157268434762954712e-01,4.519594609737396240e-01,-3.476617634296417236e-01,-6.725288112647831440e-04,6.201283074915409088e-03,2.583786146715283394e-03,-1.360867026960477233e-04,6.633062381297349930e-03,6.273596081882715225e-03,2.068959176540374756e-03,-4.190585750620812178e-04,5.143751390278339386e-03
6.013022735714912415e-02,-8.839079178869724274e-03,-4.707819782197475433e-03,7.000901550054550171e-02,-4.435535147786140442e-02,-7.257022708654403687e-02,-1.075269579887390137e-01,-1.022178381681442261e-01,4.145897030830383301e-01,-3.255324065685272217e-01,-6.532581173814833164e-04,6.238650064915418625e-03,2.652115421369671822e-03,-1.451658754376694560e-04,6.637812126427888870e-03,6.213608663529157639e-03,2.382278209552168846e-03,-4.039484192617237568e-04,5.119166802614927292e-03
5.921849980950355530e-02,-9.996820241212844849e-03,-4.759459290653467178e-03,7.749079912900924683e-02,-5.204233154654502869e-02,-7.213205844163894653e-02,-1.049219220876693726e-01,-8.648328483104705811e-02,3.770589828491210938e-01,-3.032806217670440674e-01,-7.147470605559647083e-04,6.270902231335639954e-03,2.729148836806416512e-03,-1.505676918895915151e-04,6.675468292087316513e-03,6.192774046212434769e-03,2.501975977793335915e-03,-4.003105859737843275e-04,5.135625600814819336e-03
5.830573663115501404e-02,-1.199591532349586487e-02,-5.942799150943756104e-03,8.849254250526428223e-02,-6.163707748055458069e-02,-7.015382498502731323e-02,-1.029713973402976990e-01,-6.865122169256210327e-02,3.396476805210113525e-01,-2.809274196624755859e-01,-7.046128739602863789e-04,6.272095255553722382e-03,2.806083997711539268e-03,-1.559991505928337574e-04,6.690990645438432693e-03,6.166315637528896332e-03,2.580714877694845200e-03,-4.042776417918503284e-04,5.098514258861541748e-03
5.658081918954849243e-02,-1.470654085278511047e-02,-9.255342185497283936e-03,1.037943810224533081e-01,-7.332708686590194702e-02,-6.877639144659042358e-02,-1.013343557715415955e-01,-5.066293478012084961e-02,3.036942481994628906e-01,-2.589013576507568359e-01,-1.312942127697169781e-03,6.258831825107336044e-03,2.852932550013065338e-03,-1.637929381104186177e-04,6.621059495955705643e-03,6.153564900159835815e-03,2.616213634610176086e-03,-4.129567823838442564e-04,5.027963779866695404e-03
5.568645894527435303e-02,-1.684326678514480591e-02,-1.168135274201631546e-02,1.206558868288993835e-01,-9.711533039808273315e-02,-7.018350064754486084e-02,-1.033176556229591370e-01,-4.382356628775596619e-02,3.007487952709197998e-01,-2.425704002380371094e-01,-2.575582591816782951e-03,6.251702085137367249e-03,1.373169943690299988e-03,-9.496443090029060841e-05,9.398528374731540680e-03,6.529851350933313370e-03,1.508130808360874653e-03,-3.655445179902017117e-04,9.353116154670715332e-03
5.391088500618934631e-02,-1.680688373744487762e-02,-1.181755959987640381e-02,1.370382905006408691e-01,-1.317224949598312378e-01,-7.379219681024551392e-02,-1.027618870139122009e-01,-2.370160445570945740e-02,2.817565202713012695e-01,-2.398032546043395996e-01,-4.579330328851938248e-03,6.358701270073652267e-03,-1.618581009097397327e-03,-1.397785090375691652e-04,9.789553470909595490e-03,9.024121798574924469e-03,1.354212436126545072e-04,-3.519931051414459944e-04,1.020554266870021820e-02
5.074453726410865784e-02,-1.638280227780342102e-02,-1.495715882629156113e-02,1.574245989322662354e-01,-1.615104824304580688e-01,-7.483179122209548950e-02,-1.015599966049194336e-01,-1.877368544228374958e-03,2.553077340126037598e-01,-2.329254150390625000e-01,-3.007576335221529007e-03,6.357406731694936752e-03,-3.617984708398580551e-03,-1.561838289489969611e-04,9.175480343401432037e-03,9.822055697441101074e-03,-5.281791090965270996e-04,-3.568336833268404007e-04,1.007576473057270050e-02
4.444936290383338928e-02,-1.500134542584419250e-02,-2.171175926923751831e-02,1.798275709152221680e-01,-1.855705082416534424e-01,-7.469435781240463257e-02,-9.980958700180053711e-02,1.894515566527843475e-02,2.262479811906814575e-01,-2.239978909492492676e-01,-9.638512856326997280e-04,6.347544025629758835e-03,-4.555016290396451950e-03,-1.722465531202033162e-04,8.073675446212291718e-03,9.802370332181453705e-03,-6.047468050383031368e-04,-3.595785528887063265e-04,9.496941231191158295e-03
3.555271029472351074e-02,-1.225834805518388748e-02,-3.278047218918800354e-02,2.051041573286056519e-01,-2.035327404737472534e-01,-7.522425800561904907e-02,-9.743800014257431030e-02,3.841445967555046082e-02,1.963116228580474854e-01,-2.142315804958343506e-01,-2.365135514992289245e-05,6.333707831799983978e-03,-4.751526284962892532e-03,-1.815964933484792709e-04,6.784682627767324448e-03,9.780357591807842255e-03,-6.297222571447491646e-04,-3.589603002183139324e-04,8.608021773397922516e-03
2.641095966100692749e-02,-7.998764514923095703e-03,-4.782584682106971741e-02,2.331722974777221680e-01,-2.168925255537033081e-01,-7.633412629365921021e-02,-9.440453350543975830e-02,5.579287558794021606e-02,1.680530309677124023e-01,-2.050438672304153442e-01,1.145417845691554248e-04,6.321321707218885422e-03,-4.771543201059103012e-03,-1.737490238156169653e-04,5.619498435407876968e-03,9.759952314198017120e-03,-6.539684254676103592e-04,-3.557371383067220449e-04,7.772857788950204849e-03
1.928550377488136292e-02,-2.675642026588320732e-03,-6.609850376844406128e-02,2.638571858406066895e-01,-2.292459160089492798e-01,-7.728950679302215576e-02,-9.094487130641937256e-02,7.113265991210937500e-02,1.427007168531417847e-01,-1.972010582685470581e-01,2.536651445552706718e-04,6.310400087386369705e-03,-4.792042542248964310e-03,-1.658395922277122736e-04,5.146929994225502014e-03,9.720479138195514679e-03,-6.811431958340108395e-04,-3.507802612148225307e-04,7.321941200643777847e-03
1.176963653415441513e-02,3.692239290103316307e-03,-8.615685999393463135e-02,2.961838841438293457e-01,-2.399244606494903564e-01,-7.808622717857360840e-02,-8.723342418670654297e-02,8.464644849300384521e-02,1.209677383303642273e-01,-1.911706626415252686e-01,3.960164322052150965e-04,6.304193288087844849e-03,-4.816114436835050583e-03,-1.584201236255466938e-04,5.081559997051954269e-03,9.663516655564308167e-03,-7.122121169231832027e-04,-3.436042461544275284e-04,7.190545089542865753e-03
5.238515790551900864e-03,1.088403817266225815e-02,-1.077005639672279358e-01,3.307209312915802002e-01,-2.481542229652404785e-01,-7.870289683341979980e-02,-8.323205262422561646e-02,9.743151813745498657e-02,1.020951196551322937e-01,-1.865151524543762207e-01,5.256322911009192467e-04,6.306879688054323196e-03,-4.877115134149789810e-03,-1.553428737679496408e-04,5.162440240383148193e-03,9.656192734837532043e-03,-8.054733043536543846e-04,-3.341824340168386698e-04,7.199073676019906998e-03
4.160324169788509607e-04,1.838271878659725189e-02,-1.305228918790817261e-01,3.669605255126953125e-01,-2.547207176685333252e-01,-7.851739227771759033e-02,-7.915981113910675049e-02,1.099831312894821167e-01,8.505156636238098145e-02,-1.831535547971725464e-01,1.196135068312287331e-03,6.310168188065290451e-03,-4.912979900836944580e-03,-1.504268584540113807e-04,5.181429442018270493e-03,9.606871753931045532e-03,-8.631274104118347168e-04,-3.262335958424955606e-04,7.132360246032476425e-03
-4.694233182817697525e-03,2.592681348323822021e-02,-1.550918370485305786e-01,4.052379131317138672e-01,-2.629947364330291748e-01,-7.897866517305374146e-02,-7.507316768169403076e-02,1.216546967625617981e-01,7.115358114242553711e-02,-1.816858500242233276e-01,9.632810251787304878e-04,6.309380289167165756e-03,-4.947860725224018097e-03,-1.454822777304798365e-04,5.185719113796949387e-03,9.566628374159336090e-03,-9.341288241557776928e-04,-3.172446740791201591e-04,7.041138131171464920e-03
-6.562216207385063171e-03,3.336315974593162537e-02,-1.819059252738952637e-01,4.449466764926910400e-01,-2.701005339622497559e-01,-7.926013320684432983e-02,-7.075768709182739258e-02,1.326046586036682129e-01,5.996055901050567627e-02,-1.817879676818847656e-01,8.531915373168885708e-04,6.309903226792812347e-03,-4.987445194274187088e-03,-1.411670382367447019e-04,5.185517948120832443e-03,9.566172026097774506e-03,-1.012543565593659878e-03,-3.079562447965145111e-04,6.998120341449975967e-03
-7.341518998146057129e-03,4.045388847589492798e-02,-2.102914005517959595e-01,4.839113652706146240e-01,-2.761879563331604004e-01,-7.994553446769714355e-02,-6.628094613552093506e-02,1.434917449951171875e-01,4.991630464792251587e-02,-1.827037483453750610e-01,3.306976577732712030e-04,6.310569588094949722e-03,-5.036075599491596222e-03,-1.411146804457530379e-04,5.201073829084634781e-03,9.567850269377231598e-03,-1.128812786191701889e-03,-2.972886431962251663e-04,6.919872481375932693e-03
-5.052712745964527130e-03,4.640959575772285461e-02,-2.412098944187164307e-01,5.230575203895568848e-01,-2.823657989501953125e-01,-8.077928423881530762e-02,-6.170374155044555664e-02,1.540350317955017090e-01,4.117192700505256653e-02,-1.844484061002731323e-01,-2.069888578262180090e-04,6.308928597718477249e-03,-5.090064834803342819e-03,-1.422552741132676601e-04,5.211759824305772781e-03,9.568043984472751617e-03,-1.294661546126008034e-03,-2.874828351195901632e-04,6.844528950750827789e-03
-1.482036313973367214e-03,5.107544362545013428e-02,-2.739382982254028320e-01,5.617189407348632812e-01,-2.924064993858337402e-01,-8.191846311092376709e-02,-5.714689940214157104e-02,1.642665416002273560e-01,3.339033946394920349e-02,-1.868261247873306274e-01,-8.129592752084136009e-04,6.306555122137069702e-03,-5.160616710782051086e-03,-1.453031727578490973e-04,5.242346320301294327e-03,9.567035362124443054e-03,-1.538640935905277729e-03,-2.800895599648356438e-04,6.754391826689243317e-03
3.657911205664277077e-03,5.424171313643455505e-02,-3.079809248447418213e-01,5.989489555358886719e-01,-3.023690879344940186e-01,-8.293338865041732788e-02,-5.264424160122871399e-02,1.739055514335632324e-01,2.685377560555934906e-02,-1.899333149194717407e-01,-1.093763043172657490e-03,6.307319272309541702e-03,-5.207593087106943130e-03,-1.448945986339822412e-04,5.265258718281984329e-03,9.567572735249996185e-03,-1.806476386263966560e-03,-2.729113039094954729e-04,6.668393034487962723e-03
1.225908286869525909e-02,5.528626963496208191e-02,-3.434959053993225098e-01,6.344643235206604004e-01,-3.109167814254760742e-01,-8.327261358499526978e-02,-4.821250587701797485e-02,1.817650347948074341e-01,2.362222969532012939e-02,-1.947114616632461548e-01,-7.264668820425868034e-04,6.316151469945907593e-03,-5.233929026871919632e-03,-1.413419086020439863e-04,5.284136626869440079e-03,9.571527130901813507e-03,-1.990110846236348152e-03,-2.665767678990960121e-04,6.572256796061992645e-03
2.013005129992961884e-02,5.479063466191291809e-02,-3.792234957218170166e-01,6.668313145637512207e-01,-3.197690546512603760e-01,-8.422135561704635620e-02,-4.379995539784431458e-02,1.888155192136764526e-01,2.187994308769702911e-02,-2.003754973411560059e-01,-9.988141246140003204e-04,6.320110522210597992e-03,-5.271218717098236084e-03,-1.376835716655477881e-04,5.294594913721084595e-03,9.572293609380722046e-03,-2.118671080097556114e-03,-2.593998215161263943e-04,6.498147733509540558e-03
3.146407008171081543e-02,5.209403112530708313e-02,-4.157791435718536377e-01,6.971361637115478516e-01,-3.278400003910064697e-01,-8.416094630956649780e-02,-3.928120806813240051e-02,1.953677237033843994e-01,2.061838656663894653e-02,-2.062713503837585449e-01,-3.077161090914160013e-04,6.341212429106235504e-03,-5.294363480061292648e-03,-1.308414211962372065e-04,5.293553695082664490e-03,9.580540470778942108e-03,-2.183712553232908249e-03,-2.523860894143581390e-04,6.440069526433944702e-03
4.036188498139381409e-02,4.813914373517036438e-02,-4.513746201992034912e-01,7.227628827095031738e-01,-3.349421918392181396e-01,-8.468511700630187988e-02,-3.475004807114601135e-02,1.996228694915771484e-01,2.316992543637752533e-02,-2.141282409429550171e-01,-3.683517570607364178e-04,6.348857190459966660e-03,-5.319524556398391724e-03,-1.245046878466382623e-04,5.291312001645565033e-03,9.580835700035095215e-03,-2.246699994429945946e-03,-2.430001040920615196e-04,6.345861591398715973e-03
4.637143015861511230e-02,4.271714016795158386e-02,-4.856837987899780273e-01,7.445818781852722168e-01,-3.384972214698791504e-01,-8.579937368631362915e-02,-3.029887937009334564e-02,2.024554312229156494e-01,2.812677621841430664e-02,-2.232984900474548340e-01,-8.599019492976367474e-04,6.350443698465824127e-03,-5.351870320737361908e-03,-1.229039189638569951e-04,5.308542400598526001e-03,9.581734426319599152e-03,-2.321623731404542923e-03,-2.432235050946474075e-04,6.261917762458324432e-03
5.320734903216362000e-02,3.497193008661270142e-02,-5.183677673339843750e-01,7.616118192672729492e-01,-3.405003845691680908e-01,-8.633679896593093872e-02,-2.596115879714488983e-02,2.052584886550903320e-01,3.289341181516647339e-02,-2.324406653642654419e-01,-7.364107877947390079e-04,6.366762798279523849e-03,-5.370919592678546906e-03,-1.171262629213742912e-04,5.323778837919235229e-03,9.588298387825489044e-03,-2.376696793362498283e-03,-2.349915012018755078e-04,6.225540302693843842e-03
5.775457993149757385e-02,2.561595290899276733e-02,-5.493706464767456055e-01,7.742278575897216797e-01,-3.401835560798645020e-01,-8.733155578374862671e-02,-2.168915234506130219e-02,2.071428745985031128e-01,3.882644325494766235e-02,-2.422606498003005981e-01,-1.055945525877177715e-03,6.372248753905296326e-03,-5.396494176238775253e-03,-1.131840544985607266e-04,5.317700095474720001e-03,9.590395726263523102e-03,-2.441503806039690971e-03,-2.248550736112520099e-04,6.151571404188871384e-03
6.239326670765876770e-02,1.441739778965711594e-02,-5.784909725189208984e-01,7.821775078773498535e-01,-3.370371758937835693e-01,-8.785430341958999634e-02,-1.727146841585636139e-02,2.087925970554351807e-01,4.452654719352722168e-02,-2.519732415676116943e-01,-9.060959564521908760e-04,6.388073787093162537e-03,-5.414087790995836258e-03,-1.078604182112030685e-04,5.298298783600330353e-03,9.598251432180404663e-03,-2.485007047653198242e-03,-2.174912369810044765e-04,6.136041600257158279e-03
6.586012244224548340e-02,1.902080955915153027e-03,-6.054476499557495117e-01,7.864874601364135742e-01,-3.323573172092437744e-01,-8.834464848041534424e-02,-1.255773566663265228e-02,2.104405909776687622e-01,4.963069036602973938e-02,-2.614709436893463135e-01,-8.538268157280981541e-04,6.400949321687221527e-03,-5.432991310954093933e-03,-1.032898580888286233e-04,5.271715112030506134e-03,9.605591185390949249e-03,-2.526293275877833366e-03,-2.098279510391876101e-04,6.124360021203756332e-03
6.618775427341461182e-02,-1.165986992418766022e-02,-6.298291087150573730e-01,7.891730070114135742e-01,-3.271348774433135986e-01,-8.957575261592864990e-02,-7.612081244587898254e-03,2.126267403364181519e-01,5.367108806967735291e-02,-2.706524133682250977e-01,-1.462466432712972164e-03,6.401515100151300430e-03,-5.455581005662679672e-03,-1.039525886881165206e-04,5.273339804261922836e-03,9.614263661205768585e-03,-2.582542831078171730e-03,-1.999913802137598395e-04,6.111936643719673157e-03
6.691382825374603271e-02,-2.676160261034965515e-02,-6.514722108840942383e-01,7.911183238029479980e-01,-3.203836977481842041e-01,-8.997583389282226562e-02,-2.234839368611574173e-03,2.146790176630020142e-01,5.807224288582801819e-02,-2.801165580749511719e-01,-1.181153464131057262e-03,6.413419265300035477e-03,-5.469571333378553391e-03,-9.987787780119106174e-05,5.242862738668918610e-03,9.622575715184211731e-03,-2.614035503938794136e-03,-1.933815219672396779e-04,6.124184466898441315e-03
6.795959174633026123e-02,-4.295982047915458679e-02,-6.704320907592773438e-01,7.916256785392761230e-01,-3.107484281063079834e-01,-8.974654227495193481e-02,3.882346674799919128e-03,2.161991596221923828e-01,6.334126740694046021e-02,-2.901231050491333008e-01,-4.945243126712739468e-04,6.427194923162460327e-03,-5.480532068759202957e-03,-9.396907262271270156e-05,5.162945017218589783e-03,9.633931331336498260e-03,-2.642398932948708534e-03,-1.880911149783059955e-04,6.131045520305633545e-03
6.695035845041275024e-02,-5.934359133243560791e-02,-6.864674091339111328e-01,7.900653481483459473e-01,-3.008503019809722900e-01,-9.018116444349288940e-02,1.087265741080045700e-02,2.177353799343109131e-01,6.874632090330123901e-02,-3.004270493984222412e-01,-6.199700874276459217e-04,6.429745815694332123e-03,-5.493474192917346954e-03,-9.071993554243817925e-05,5.088239442557096481e-03,9.639398194849491119e-03,-2.671186113730072975e-03,-1.801289181457832456e-04,6.147291976958513260e-03
6.515225023031234741e-02,-7.622280716896057129e-02,-6.990671157836914062e-01,7.864503264427185059e-01,-2.900020778179168701e-01,-9.068984538316726685e-02,1.866427250206470490e-02,2.196942865848541260e-01,7.391072064638137817e-02,-3.108844757080078125e-01,-7.454812293872237206e-04,6.434808485209941864e-03,-5.504922010004520416e-03,-8.859766967361792922e-05,5.056345369666814804e-03,9.646200574934482574e-03,-2.699409145861864090e-03,-1.716264378046616912e-04,6.163482088595628738e-03
6.369028240442276001e-02,-9.392435848712921143e-02,-7.074307799339294434e-01,7.800807952880859375e-01,-2.792413532733917236e-01,-9.120131283998489380e-02,2.726767398416996002e-02,2.229690551757812500e-01,7.759762555360794067e-02,-3.209490478038787842e-01,-8.311077253893017769e-04,6.442131940275430679e-03,-5.512083880603313446e-03,-8.570030331611633301e-05,5.021414253860712051e-03,9.652447886765003204e-03,-2.724161138758063316e-03,-1.640511909499764442e-04,6.201711017638444901e-03
5.963967740535736084e-02,-1.105764135718345642e-01,-7.121326327323913574e-01,7.726560831069946289e-01,-2.659093439579010010e-01,-9.236152470111846924e-02,3.680505231022834778e-02,2.268933653831481934e-01,8.105777949094772339e-02,-3.312628269195556641e-01,-1.404295675456523895e-03,6.438813637942075729e-03,-5.523446947336196899e-03,-8.844812691677361727e-05,4.966487176716327667e-03,9.659062139689922333e-03,-2.752650529146194458e-03,-1.536209456389769912e-04,6.216172128915786743e-03
5.414634570479393005e-02,-1.261918842792510986e-01,-7.128729820251464844e-01,7.634599208831787109e-01,-2.521604001522064209e-01,-9.320969879627227783e-02,4.703493416309356689e-02,2.315157800912857056e-01,8.420638740062713623e-02,-3.417289555072784424e-01,-1.505218795500695705e-03,6.444365717470645905e-03,-5.529900547116994858e-03,-8.768801490077748895e-05,4.951100330799818039e-03,9.667323902249336243e-03,-2.775657456368207932e-03,-1.427674869773909450e-04,6.219583097845315933e-03
4.914112389087677002e-02,-1.414148062467575073e-01,-7.109469771385192871e-01,7.538518905639648438e-01,-2.380588054656982422e-01,-9.329708665609359741e-02,5.793122574687004089e-02,2.360556274652481079e-01,8.824550360441207886e-02,-3.529097437858581543e-01,-9.137718006968498230e-04,6.455298978835344315e-03,-5.530222319066524506e-03,-8.290812547784298658e-05,4.916612990200519562e-03,9.679957292973995209e-03,-2.793150721117854118e-03,-1.323254691669717431e-04,6.206559017300605774e-03
4.473944753408432007e-02,-1.563425511121749878e-01,-7.052190899848937988e-01,7.414215207099914551e-01,-2.237320244312286377e-01,-9.322042763233184814e-02,6.925233453512191772e-02,2.415069639682769775e-01,9.199053049087524414e-02,-3.643281459808349609e-01,-3.617384063545614481e-04,6.470851134508848190e-03,-5.524786654859781265e-03,-7.453252328559756279e-05,4.920661449432373047e-03,9.687721729278564453e-03,-2.802676521241664886e-03,-1.222856662934646010e-04,6.198279093950986862e-03
3.970567509531974792e-02,-1.701449304819107056e-01,-6.955991983413696289e-01,7.270988225936889648e-01,-2.073827087879180908e-01,-9.317092597484588623e-02,8.060954511165618896e-02,2.464217841625213623e-01,9.860553592443466187e-02,-3.776324093341827393e-01,-2.107783984683919698e-05,6.482919678092002869e-03,-5.516850855201482773e-03,-6.538128945976495743e-05,4.945142194628715515e-03,9.672642685472965240e-03,-2.807042794302105904e-03,-1.128820367739535868e-04,6.149963010102510452e-03
3.577768430113792419e-02,-1.828419566154479980e-01,-6.818172931671142578e-01,7.109834551811218262e-01,-1.915042996406555176e-01,-9.253855049610137939e-02,9.181425720453262329e-02,2.505635917186737061e-01,1.087899804115295410e-01,-3.931789398193359375e-01,6.890257936902344227e-04,6.502188276499509811e-03,-5.502696614712476730e-03,-5.328724000719375908e-05,4.958660807460546494e-03,9.634753689169883728e-03,-2.802388044074177742e-03,-1.053395753842778504e-04,6.105759181082248688e-03
3.270291909575462341e-02,-1.936935782432556152e-01,-6.639536619186401367e-01,6.933963894844055176e-01,-1.747635304927825928e-01,-9.180051833391189575e-02,1.027790382504463196e-01,2.547037601470947266e-01,1.214901134371757507e-01,-4.105274677276611328e-01,1.261797850020229816e-03,6.521694827824831009e-03,-5.484862718731164932e-03,-3.996336818090640008e-05,4.970513284206390381e-03,9.615846909582614899e-03,-2.790829399600625038e-03,-9.844529995461925864e-05,6.068781483918428421e-03
2.890533953905105591e-02,-2.016905695199966431e-01,-6.418571472167968750e-01,6.739071011543273926e-01,-1.621449291706085205e-01,-9.133240580558776855e-02,1.129198595881462097e-01,2.579731047153472900e-01,1.382564604282379150e-01,-4.304741621017456055e-01,1.827885862439870834e-03,6.541476119309663773e-03,-5.464412271976470947e-03,-2.659324854903388768e-05,4.983366932719945908e-03,9.566109627485275269e-03,-2.781881717965006828e-03,-9.415917884325608611e-05,5.894374568015336990e-03
2.504573576152324677e-02,-2.072827368974685669e-01,-6.162280440330505371e-01,6.537273526191711426e-01,-1.480517685413360596e-01,-9.031078219413757324e-02,1.221868544816970825e-01,2.606829702854156494e-01,1.583888381719589233e-01,-4.526105821132659912e-01,2.500839065760374069e-03,6.563575472682714462e-03,-5.442856810986995697e-03,-1.168484141089720652e-05,4.977897740900516510e-03,9.533759206533432007e-03,-2.771155210211873055e-03,-8.921591506805270910e-05,5.752837751060724258e-03
2.419639565050601959e-02,-2.065344452857971191e-01,-5.948984026908874512e-01,6.374973058700561523e-01,-1.019398197531700134e-01,-9.112849831581115723e-02,1.296570152044296265e-01,2.630764544010162354e-01,1.808151453733444214e-01,-4.765095710754394531e-01,2.424946054816246033e-03,6.566868629306554794e-03,-5.232299678027629852e-03,-2.365479303989559412e-06,5.119892768561840057e-03,9.456915780901908875e-03,-2.568786032497882843e-03,-9.308123117079958320e-05,5.562136881053447723e-03
2.771678008139133453e-02,-2.056165635585784912e-01,-5.965056419372558594e-01,6.604341864585876465e-01,-9.516500681638717651e-02,-9.454057365655899048e-02,1.295046955347061157e-01,2.660803496837615967e-01,2.001875787973403931e-01,-4.958978593349456787e-01,3.851082510664127767e-05,6.398173980414867401e-03,-5.176727660000324249e-03,-6.890595614095218480e-06,9.089697152376174927e-03,8.757007308304309845e-03,-2.341279294341802597e-03,-1.575752685312181711e-04,6.674689240753650665e-03
2.786088176071643829e-02,-2.104298919439315796e-01,-5.942728519439697266e-01,6.810570955276489258e-01,-1.153973340988159180e-01,-9.063981473445892334e-02,1.213966384530067444e-01,2.660767138004302979e-01,2.192778587341308594e-01,-5.063766241073608398e-01,-3.776487137656658888e-04,6.427309475839138031e-03,-5.166755057871341705e-03,-7.510380328312749043e-06,1.076400000602006912e-02,8.580632507801055908e-03,-2.320028375834226608e-03,-1.400577748427167535e-04,7.076540961861610413e-03
2.822914160788059235e-02,-2.168659120798110962e-01,-5.869838595390319824e-01,6.892613172531127930e-01,-1.291501671075820923e-01,-8.074614405632019043e-02,1.105305403470993042e-01,2.639009356498718262e-01,2.395748645067214966e-01,-5.187525749206542969e-01,-4.124374827370047569e-04,6.422386039048433304e-03,-5.160468164831399918e-03,-1.999692358367610723e-06,1.077576167881488800e-02,8.483082987368106842e-03,-2.311246236786246300e-03,-1.141973698395304382e-04,7.273290771991014481e-03
2.910650148987770081e-02,-2.237532436847686768e-01,-5.755816102027893066e-01,6.893243193626403809e-01,-1.386168301105499268e-01,-6.967853009700775146e-02,9.695615619421005249e-02,2.607806622982025146e-01,2.630922496318817139e-01,-5.302133560180664062e-01,-2.496133674867451191e-04,6.417800206691026688e-03,-5.151835270226001740e-03,2.557289917604066432e-06,1.071363408118486404e-02,8.425331674516201019e-03,-2.304716501384973526e-03,-9.285404667025431991e-05,7.435108534991741180e-03
3.056544251739978790e-02,-2.301727831363677979e-01,-5.606492757797241211e-01,6.836519837379455566e-01,-1.452967673540115356e-01,-5.707396194338798523e-02,8.206183463335037231e-02,2.578606605529785156e-01,2.891851067543029785e-01,-5.438541173934936523e-01,3.115111394436098635e-05,6.404346320778131485e-03,-5.143150221556425095e-03,6.258558187255403027e-06,1.062433235347270966e-02,8.383788168430328369e-03,-2.297848230227828026e-03,-7.489079871447756886e-05,7.568737491965293884e-03
3.307181224226951599e-02,-2.356520742177963257e-01,-5.430029034614562988e-01,6.736236214637756348e-01,-1.497973352670669556e-01,-4.268683120608329773e-02,6.622122228145599365e-02,2.544792294502258301e-01,3.184241056442260742e-01,-5.577797293663024902e-01,8.214365807361900806e-04,6.390882190316915512e-03,-5.128595978021621704e-03,9.948586921382229775e-06,1.054217480123043060e-02,8.344242349267005920e-03,-2.286942675709724426e-03,-6.236519402591511607e-05,7.645099889487028122e-03
3.515664115548133850e-02,-2.398731410503387451e-01,-5.236547589302062988e-01,6.599632501602172852e-01,-1.521845310926437378e-01,-2.937964163720607758e-02,4.915130138397216797e-02,2.499982565641403198e-01,3.504309058189392090e-01,-5.688572525978088379e-01,7.197631057351827621e-04,6.368153728544712067e-03,-5.118786357343196869e-03,1.125049766415031627e-05,1.047330722212791443e-02,8.314186707139015198e-03,-2.277621766552329063e-03,-4.842561975237913430e-05,7.649776991456747055e-03
3.762283921241760254e-02,-2.428445219993591309e-01,-5.034292340278625488e-01,6.434753537178039551e-01,-1.527800410985946655e-01,-1.408675499260425568e-02,3.116215020418167114e-02,2.441560178995132446e-01,3.846784830093383789e-01,-5.809923410415649414e-01,8.859176305122673512e-04,6.343998946249485016e-03,-5.107673350721597672e-03,1.002095723379170522e-05,1.037489902228116989e-02,8.282697759568691254e-03,-2.266841242089867592e-03,-3.977006781497038901e-05,7.637330796569585800e-03
3.969626873731613159e-02,-2.443269789218902588e-01,-4.828718006610870361e-01,6.246169209480285645e-01,-1.516998857259750366e-01,-2.864496200345456600e-04,1.204089354723691940e-02,2.363546937704086304e-01,4.208292067050933838e-01,-5.919492244720458984e-01,7.456549210473895073e-04,6.306047085672616959e-03,-5.099005531519651413e-03,6.710080015182029456e-06,1.024462003260850906e-02,8.270703256130218506e-03,-2.257996937260031700e-03,-3.242993261665105820e-05,7.628066930919885635e-03
4.130024090409278870e-02,-2.441938221454620361e-01,-4.623751044273376465e-01,6.037135124206542969e-01,-1.490437090396881104e-01,1.113380957394838333e-02,-7.725552190095186234e-03,2.260384857654571533e-01,4.587266445159912109e-01,-6.027666926383972168e-01,5.277220043353736401e-04,6.253512576222419739e-03,-5.089147482067346573e-03,-4.224124268148443662e-07,1.002296339720487595e-02,8.262930437922477722e-03,-2.247645985335111618e-03,-2.822016722348053008e-05,7.626796606928110123e-03
4.292104020714759827e-02,-2.426200360059738159e-01,-4.420331418514251709e-01,5.809233188629150391e-01,-1.449583172798156738e-01,2.217528969049453735e-02,-2.753087505698204041e-02,2.137214839458465576e-01,4.963856935501098633e-01,-6.116161346435546875e-01,5.466892616823315620e-04,6.223639938980340958e-03,-5.069778300821781158e-03,-1.190834882436320186e-05,9.729141369462013245e-03,8.247696794569492340e-03,-2.229834906756877899e-03,-3.507724613882601261e-05,7.603957783430814743e-03
4.486395046114921570e-02,-2.396507710218429565e-01,-4.219069778919219971e-01,5.565271973609924316e-01,-1.396216154098510742e-01,3.307581692934036255e-02,-4.705740511417388916e-02,1.989419013261795044e-01,5.347201824188232422e-01,-6.181362271308898926e-01,8.313748403452336788e-04,6.196148693561553955e-03,-5.045739468187093735e-03,-2.290824340889230371e-05,9.380719624459743500e-03,8.232181891798973083e-03,-2.210080390796065331e-03,-4.458082912606187165e-05,7.583572529256343842e-03
4.652729630470275879e-02,-2.352976500988006592e-01,-4.018766283988952637e-01,5.306190848350524902e-01,-1.330779790878295898e-01,4.224126785993576050e-02,-6.597770005464553833e-02,1.822647154331207275e-01,5.720362663269042969e-01,-6.248790621757507324e-01,7.652789936400949955e-04,6.165419239550828934e-03,-5.024797748774290085e-03,-3.263986218371428549e-05,9.093338623642921448e-03,8.217137306928634644e-03,-2.194363623857498169e-03,-5.444469206850044429e-05,7.567367982119321823e-03
4.791562259197235107e-02,-2.296782732009887695e-01,-3.818422555923461914e-01,5.034320354461669922e-01,-1.255348026752471924e-01,4.868587106466293335e-02,-8.420030027627944946e-02,1.634348183870315552e-01,6.082569360733032227e-01,-6.300141811370849609e-01,6.044759647920727730e-04,6.120137404650449753e-03,-5.006543826311826706e-03,-4.148685184190981090e-05,8.870578370988368988e-03,8.207308128476142883e-03,-2.181290183216333389e-03,-6.264144758461043239e-05,7.565043866634368896e-03
4.894091561436653137e-02,-2.231113165616989136e-01,-3.617527782917022705e-01,4.753040373325347900e-01,-1.171914711594581604e-01,5.183907225728034973e-02,-1.020659208297729492e-01,1.424005031585693359e-01,6.432352662086486816e-01,-6.334180831909179688e-01,3.474085242487490177e-04,6.074380129575729370e-03,-4.987519700080156326e-03,-4.880402775597758591e-05,8.699930272996425629e-03,8.192231878638267517e-03,-2.169400919228792191e-03,-7.135498890420421958e-05,7.553037721663713455e-03
4.982778802514076233e-02,-2.156821042299270630e-01,-3.414265513420104980e-01,4.464155733585357666e-01,-1.082599461078643799e-01,5.236904323101043701e-02,-1.192179098725318909e-01,1.194822043180465698e-01,6.765534877777099609e-01,-6.351289749145507812e-01,1.716707192827016115e-04,6.031023338437080383e-03,-4.965879954397678375e-03,-5.600809890893287957e-05,8.549342863261699677e-03,8.179424330592155457e-03,-2.155587775632739067e-03,-8.203785546356812119e-05,7.552425377070903778e-03
5.117531493306159973e-02,-2.072506994009017944e-01,-3.208982050418853760e-01,4.173741638660430908e-01,-9.915924072265625000e-02,5.220637843012809753e-02,-1.347473114728927612e-01,9.489594399929046631e-02,7.095428705215454102e-01,-6.361947655677795410e-01,4.111712914891541004e-04,6.002917885780334473e-03,-4.931866191327571869e-03,-6.025430775480344892e-05,8.367691189050674438e-03,8.158643729984760284e-03,-2.137355972081422806e-03,-9.704048716230317950e-05,7.560147903859615326e-03
5.238847434520721436e-02,-1.978648453950881958e-01,-3.005543947219848633e-01,3.890290558338165283e-01,-9.026615321636199951e-02,5.027486383914947510e-02,-1.485060900449752808e-01,6.920240819454193115e-02,7.404589056968688965e-01,-6.340196132659912109e-01,3.894698747899383307e-04,5.970520433038473129e-03,-4.899881314486265182e-03,-6.356630910886451602e-05,8.067421615123748779e-03,8.138410747051239014e-03,-2.121759112924337387e-03,-1.109388758777640760e-04,7.550659589469432831e-03
5.366361141204833984e-02,-1.876476407051086426e-01,-2.803206443786621094e-01,3.612911999225616455e-01,-8.159519731998443604e-02,4.705542698502540588e-02,-1.602447479963302612e-01,4.318976402282714844e-02,7.667919397354125977e-01,-6.295608878135681152e-01,3.862782614305615425e-04,5.938358139246702194e-03,-4.862807225435972214e-03,-6.725885032210499048e-05,7.884731516242027283e-03,8.118458092212677002e-03,-2.104383427649736404e-03,-1.276367984246462584e-04,7.549546658992767334e-03
5.458850786089897156e-02,-1.766612678766250610e-01,-2.605890929698944092e-01,3.351381123065948486e-01,-7.364655286073684692e-02,4.105385392904281616e-02,-1.700271070003509521e-01,1.716015487909317017e-02,7.879074215888977051e-01,-6.227157711982727051e-01,1.085968979168683290e-04,5.882609635591506958e-03,-4.829681012779474258e-03,-6.975432916078716516e-05,7.631679531186819077e-03,8.094567805528640747e-03,-2.092306734994053841e-03,-1.417841122020035982e-04,7.530611008405685425e-03
5.587661638855934143e-02,-1.649079173803329468e-01,-2.416119724512100220e-01,3.111218810081481934e-01,-6.676673144102096558e-02,3.659552335739135742e-02,-1.772473305463790894e-01,-7.154988124966621399e-03,8.024495840072631836e-01,-6.126274466514587402e-01,1.932634040713310242e-04,5.853136070072650909e-03,-4.720910917967557907e-03,-7.361756433965638280e-05,7.369875442236661911e-03,8.072160184383392334e-03,-2.072330797091126442e-03,-1.580416283104568720e-04,7.509721908718347549e-03
5.638819560408592224e-02,-1.525913029909133911e-01,-2.234117835760116577e-01,2.891967594623565674e-01,-6.083725392818450928e-02,3.041734173893928528e-02,-1.822533905506134033e-01,-3.027033433318138123e-02,8.114459514617919922e-01,-6.022084355354309082e-01,-3.743039269465953112e-04,5.779114551842212677e-03,-4.556728526949882507e-03,-7.700960850343108177e-05,7.249674294143915176e-03,8.046238683164119720e-03,-2.058316953480243683e-03,-1.743463217280805111e-04,7.489083334803581238e-03
5.639062449336051941e-02,-1.401151716709136963e-01,-2.057411372661590576e-01,2.687776386737823486e-01,-5.560115352272987366e-02,2.333989180624485016e-02,-1.855012476444244385e-01,-5.129768699407577515e-02,8.134797811508178711e-01,-5.889268517494201660e-01,-1.114394166506826878e-03,5.682220216840505600e-03,-4.383581224828958511e-03,-8.084126602625474334e-05,7.162492722272872925e-03,8.015868254005908966e-03,-2.042412525042891502e-03,-1.920700160553678870e-04,7.427066564559936523e-03
5.688727274537086487e-02,-1.277545690536499023e-01,-1.887940913438796997e-01,2.501681149005889893e-01,-5.128926411271095276e-02,1.639994047582149506e-02,-1.872420310974121094e-01,-7.040537148714065552e-02,8.093094229698181152e-01,-5.731668472290039062e-01,-1.095796003937721252e-03,5.612508859485387802e-03,-4.156501032412052155e-03,-8.232391701312735677e-05,7.079714909195899963e-03,7.967668585479259491e-03,-2.024831948801875114e-03,-2.135233225999400020e-04,7.357207592576742172e-03
5.712260305881500244e-02,-1.155662313103675842e-01,-1.726199239492416382e-01,2.333927899599075317e-01,-4.784607887268066406e-02,8.790900930762290955e-03,-1.872091889381408691e-01,-8.742793649435043335e-02,8.006724119186401367e-01,-5.582004189491271973e-01,-1.232505310326814651e-03,5.558721721172332764e-03,-3.788398811593651772e-03,-8.565291500417515635e-05,7.016757503151893616e-03,7.924081757664680481e-03,-2.003314439207315445e-03,-2.360622020205482841e-04,7.298470474779605865e-03
5.680602043867111206e-02,-1.037826910614967346e-01,-1.569919586181640625e-01,2.175043672323226929e-01,-4.473477974534034729e-02,8.930338080972433090e-04,-1.856302618980407715e-01,-1.020914688706398010e-01,7.880425453186035156e-01,-5.405122041702270508e-01,-1.632229308597743511e-03,5.494662094861268997e-03,-3.310177708044648170e-03,-8.976786921266466379e-05,6.961401086300611496e-03,7.885118015110492706e-03,-1.979516120627522469e-03,-2.608835638966411352e-04,7.202759850770235062e-03
5.692810565233230591e-02,-9.255251288414001465e-02,-1.421438157558441162e-01,2.022520005702972412e-01,-4.181434586644172668e-02,-6.249258294701576233e-03,-1.827233135700225830e-01,-1.147696599364280701e-01,7.716115117073059082e-01,-5.239314436912536621e-01,-1.364834140986204147e-03,5.463780835270881653e-03,-2.707054372876882553e-03,-9.314846829511225224e-05,6.894019898027181625e-03,7.821084931492805481e-03,-1.945813302882015705e-03,-2.914835349656641483e-04,7.050801534205675125e-03
5.652205273509025574e-02,-8.181790262460708618e-02,-1.274551302194595337e-01,1.862720847129821777e-01,-3.833658620715141296e-02,-1.436701137572526932e-02,-1.783223748207092285e-01,-1.248065754771232605e-01,7.505426406860351562e-01,-5.055754780769348145e-01,-1.502507133409380913e-03,5.448035895824432373e-03,-1.980475382879376411e-03,-9.773093916010111570e-05,6.858812179416418076e-03,7.788841612637042999e-03,-1.911229337565600872e-03,-3.227727138437330723e-04,6.993148010224103928e-03
5.577734857797622681e-02,-7.145947217941284180e-02,-1.131707429885864258e-01,1.700468361377716064e-01,-3.454719111323356628e-02,-2.272421494126319885e-02,-1.720260828733444214e-01,-1.321084350347518921e-01,7.261713743209838867e-01,-4.857251644134521484e-01,-1.705393311567604542e-03,5.412476602941751480e-03,-1.192941330373287201e-03,-1.016256574075669050e-04,6.802723277360200882e-03,7.759561296552419662e-03,-1.875386107712984085e-03,-3.532636328600347042e-04,6.927012465894222260e-03
5.495298653841018677e-02,-6.179361045360565186e-02,-9.952750802040100098e-02,1.541855037212371826e-01,-3.080047294497489929e-02,-3.233595192432403564e-02,-1.645727604627609253e-01,-1.373500972986221313e-01,6.992986202239990234e-01,-4.657645225524902344e-01,-1.754633965902030468e-03,5.413477309048175812e-03,-4.361305618658661842e-04,-1.057128683896735311e-04,6.771961227059364319e-03,7.713747676461935043e-03,-1.823377329856157303e-03,-3.853006346616894007e-04,6.776123773306608200e-03
5.509291216731071472e-02,-5.285650491714477539e-02,-8.587727695703506470e-02,1.377333551645278931e-01,-2.675164677202701569e-02,-4.004926979541778564e-02,-1.562998294830322266e-01,-1.395914107561111450e-01,6.695158481597900391e-01,-4.477045834064483643e-01,-8.726457017473876476e-04,5.524399690330028534e-03,3.643580421339720488e-04,-1.085927506210282445e-04,6.734383292496204376e-03,7.624979596585035324e-03,-1.710313488729298115e-03,-4.176305665168911219e-04,6.683052517473697662e-03
5.465403199195861816e-02,-4.492746293544769287e-02,-7.326575368642807007e-02,1.217328459024429321e-01,-2.266209386289119720e-02,-4.699533805251121521e-02,-1.478954106569290161e-01,-1.395955830812454224e-01,6.381599307060241699e-01,-4.297254681587219238e-01,-7.172175101004540920e-04,5.676391534507274628e-03,1.145012793131172657e-03,-1.123149777413345873e-04,6.700082682073116302e-03,7.483215071260929108e-03,-1.393669983372092247e-03,-4.463473742362111807e-04,6.262634415179491043e-03
5.399560183286666870e-02,-3.831848874688148499e-02,-6.270457804203033447e-02,1.074971705675125122e-01,-1.912906207144260406e-02,-5.266718193888664246e-02,-1.400164514780044556e-01,-1.381211280822753906e-01,6.050108075141906738e-01,-4.130036830902099609e-01,-7.160996319726109505e-04,5.731393117457628250e-03,1.756367739289999008e-03,-1.146853319369256496e-04,6.659393664449453354e-03,7.329519372433423996e-03,-8.456958457827568054e-04,-4.631823685485869646e-04,5.548279266804456711e-03
5.279900133609771729e-02,-3.331283479928970337e-02,-5.433845147490501404e-02,9.556972980499267578e-02,-1.642406359314918518e-02,-5.779245123267173767e-02,-1.331783235073089600e-01,-1.348503530025482178e-01,5.700616836547851562e-01,-3.983674049377441406e-01,-1.132365199737250805e-03,5.748752038925886154e-03,2.139561576768755913e-03,-1.236708631040528417e-04,6.654198281466960907e-03,7.123875897377729416e-03,-1.069500503945164382e-04,-4.724265309050679207e-04,4.875183105468750000e-03
5.200329050421714783e-02,-2.986636571586132050e-02,-4.852892458438873291e-02,8.725553750991821289e-02,-1.536328904330730438e-02,-5.940574780106544495e-02,-1.272912770509719849e-01,-1.289052814245223999e-01,5.334380865097045898e-01,-3.840567469596862793e-01,-1.063684001564979553e-03,5.787193309515714645e-03,2.358854748308658600e-03,-1.286499318666756153e-04,6.639268714934587479e-03,6.760063581168651581e-03,7.233744836412370205e-04,-4.666733148042112589e-04,4.575606435537338257e-03
5.160227417945861816e-02,-2.796040661633014679e-02,-4.511482268571853638e-02,8.267884701490402222e-02,-1.606699638068675995e-02,-5.980530008673667908e-02,-1.219466552138328552e-01,-1.213141083717346191e-01,4.966227114200592041e-01,-3.680612146854400635e-01,-6.843862356618046761e-04,5.889713764190673828e-03,2.490676939487457275e-03,-1.342112518614158034e-04,6.633218843489885330e-03,6.261676549911499023e-03,1.554717076942324638e-03,-4.450509732123464346e-04,4.425849299877882004e-03
5.092876404523849487e-02,-2.751371823251247406e-02,-4.368738457560539246e-02,8.162499219179153442e-02,-1.845433004200458527e-02,-6.117657199501991272e-02,-1.169447451829910278e-01,-1.121606081724166870e-01,4.601090550422668457e-01,-3.538505733013153076e-01,-6.293433252722024918e-04,6.014578975737094879e-03,2.586500253528356552e-03,-1.409083779435604811e-04,6.639584433287382126e-03,5.790085531771183014e-03,2.288831630721688271e-03,-4.134133923798799515e-04,4.351696465164422989e-03
5.035266652703285217e-02,-2.824362367391586304e-02,-4.362493380904197693e-02,8.396386355161666870e-02,-2.263204008340835571e-02,-6.120968237519264221e-02,-1.123492568731307983e-01,-1.002151221036911011e-01,4.230185151100158691e-01,-3.385616242885589600e-01,-4.736311384476721287e-04,6.078978069126605988e-03,2.685355255380272865e-03,-1.447376416763290763e-04,6.662703119218349457e-03,5.397865083068609238e-03,2.863380126655101776e-03,-3.736194339580833912e-04,4.360694438219070435e-03
4.965885728597640991e-02,-3.029989078640937805e-02,-4.393808916211128235e-02,8.924921602010726929e-02,-2.806397341191768646e-02,-6.150791421532630920e-02,-1.085768938064575195e-01,-8.591718226671218872e-02,3.870833516120910645e-01,-3.237196505069732666e-01,-4.433976137079298496e-04,6.125657353550195694e-03,2.795409644022583961e-03,-1.541887468192726374e-04,6.868709344416856766e-03,5.115724634379148483e-03,3.292555455118417740e-03,-3.370981721673160791e-04,4.467064049094915390e-03
4.960240423679351807e-02,-3.394086658954620361e-02,-4.426968097686767578e-02,9.726173430681228638e-02,-3.627110645174980164e-02,-6.132179126143455505e-02,-1.060566231608390808e-01,-7.052227109670639038e-02,3.542276322841644287e-01,-3.091698586940765381e-01,9.379471157444640994e-05,6.265781354159116745e-03,2.877649851143360138e-03,-1.560804084874689579e-04,6.889223121106624603e-03,4.903699271380901337e-03,3.563402919098734856e-03,-2.708954561967402697e-04,4.407596774399280548e-03
4.944129288196563721e-02,-3.885558992624282837e-02,-4.647372290492057800e-02,1.099085360765457153e-01,-4.619382321834564209e-02,-6.028948724269866943e-02,-1.050034984946250916e-01,-5.337239801883697510e-02,3.202396333217620850e-01,-2.934288382530212402e-01,3.577443712856620550e-04,6.297887768596410751e-03,2.943224972113966942e-03,-1.645461888983845711e-04,6.954158656299114227e-03,4.612922668457031250e-03,3.641387913376092911e-03,-2.569930802565068007e-04,4.381278064101934433e-03
4.899729043245315552e-02,-4.467310756444931030e-02,-5.022717267274856567e-02,1.261859238147735596e-01,-5.828195437788963318e-02,-5.912778526544570923e-02,-1.068120673298835754e-01,-3.717152029275894165e-02,2.898301184177398682e-01,-2.626293599605560303e-01,3.263211110606789589e-04,6.279317196458578110e-03,2.908411435782909393e-03,-1.599705865373834968e-04,6.929058115929365158e-03,4.506439436227083206e-03,3.566616680473089218e-03,-2.487904566805809736e-04,4.444831982254981995e-03
4.781301319599151611e-02,-4.838490486145019531e-02,-5.214521661400794983e-02,1.435602903366088867e-01,-8.351731300354003906e-02,-6.112165749073028564e-02,-1.108747869729995728e-01,-3.126850351691246033e-02,2.889965176582336426e-01,-2.459196895360946655e-01,-1.598290866240859032e-03,6.289154291152954102e-03,1.312441192567348480e-03,-9.558391320751979947e-05,9.438876993954181671e-03,5.050771404057741165e-03,2.270644297823309898e-03,-2.017423394136130810e-04,8.953953161835670471e-03
4.678022861480712891e-02,-4.812860116362571716e-02,-5.208374187350273132e-02,1.603431254625320435e-01,-1.232647970318794250e-01,-6.523220241069793701e-02,-1.110028401017189026e-01,-1.163912471383810043e-02,2.710468173027038574e-01,-2.436674684286117554e-01,-4.130912944674491882e-03,6.400582846254110336e-03,-1.866332720965147018e-03,-1.621650008019059896e-04,9.528816677629947662e-03,7.959833368659019470e-03,6.624989327974617481e-04,-1.849122199928388000e-04,9.681040421128273010e-03
4.061459377408027649e-02,-4.605377838015556335e-02,-5.385078117251396179e-02,1.791101396083831787e-01,-1.566814780235290527e-01,-6.712086498737335205e-02,-1.101012229919433594e-01,9.538259357213973999e-03,2.463339418172836304e-01,-2.373740971088409424e-01,-3.554357914254069328e-03,6.389498244971036911e-03,-4.200764931738376617e-03,-2.030683972407132387e-04,8.972413837909698486e-03,9.456709958612918854e-03,-4.266028408892452717e-04,-1.853499416029080749e-04,9.641378186643123627e-03
3.130659088492393494e-02,-4.238478466868400574e-02,-5.907040461897850037e-02,2.019599974155426025e-01,-1.840776503086090088e-01,-6.705082207918167114e-02,-1.084919422864913940e-01,2.937418036162853241e-02,2.197065502405166626e-01,-2.293824553489685059e-01,-1.717411447316408157e-03,6.379477679729461670e-03,-5.333040375262498856e-03,-2.394005423411726952e-04,7.834542542695999146e-03,9.498640894889831543e-03,-8.261582115665078163e-04,-1.876482710940763354e-04,9.267422370612621307e-03
2.152127400040626526e-02,-3.750862181186676025e-02,-6.781152635812759399e-02,2.269696146249771118e-01,-2.057399600744247437e-01,-6.691910326480865479e-02,-1.063056513667106628e-01,4.775732010602951050e-02,1.925112009048461914e-01,-2.206784188747406006e-01,-3.148378455080091953e-04,6.369814276695251465e-03,-5.567391868680715561e-03,-2.531836798880249262e-04,6.758054252713918686e-03,9.481064975261688232e-03,-8.565581520088016987e-04,-1.884390076156705618e-04,8.586229756474494934e-03
9.876898489892482758e-03,-3.194879367947578430e-02,-8.003114163875579834e-02,2.536590695381164551e-01,-2.213992625474929810e-01,-6.795088201761245728e-02,-1.037956029176712036e-01,6.392107158899307251e-02,1.670143455266952515e-01,-2.125904709100723267e-01,-2.542933507356792688e-04,6.354592274874448776e-03,-5.587778054177761078e-03,-2.465981815475970507e-04,5.877034272998571396e-03,9.464462287724018097e-03,-8.882074034772813320e-04,-1.848494866862893105e-04,7.682922761887311935e-03
1.038541086018085480e-03,-2.579933963716030121e-02,-9.566127508878707886e-02,2.828344106674194336e-01,-2.327300459146499634e-01,-6.877145171165466309e-02,-1.007884889841079712e-01,7.773397862911224365e-02,1.446850448846817017e-01,-2.059342265129089355e-01,-6.756724178558215499e-05,6.341380067169666290e-03,-5.604412406682968140e-03,-2.405520499451085925e-04,5.389643833041191101e-03,9.449017234146595001e-03,-9.181307977996766567e-04,-1.809418172342702746e-04,7.276422344148159027e-03
-3.922432195395231247e-03,-1.925582997500896454e-02,-1.140361949801445007e-01,3.144522011280059814e-01,-2.422444224357604980e-01,-6.942952424287796021e-02,-9.729287028312683105e-02,9.041543304920196533e-02,1.246730983257293701e-01,-2.000791132450103760e-01,1.004394653136841953e-04,6.334569770842790604e-03,-5.627715028822422028e-03,-2.331732684979215264e-04,5.344934761524200439e-03,9.444640949368476868e-03,-9.600460762158036232e-04,-1.740364386932924390e-04,7.204640656709671021e-03
-8.155709132552146912e-03,-1.257687341421842575e-02,-1.341039389371871948e-01,3.475251495838165283e-01,-2.516542673110961914e-01,-7.024886459112167358e-02,-9.352287650108337402e-02,1.019229888916015625e-01,1.080243065953254700e-01,-1.965828239917755127e-01,2.001772008952684700e-05,6.333893164992332458e-03,-5.685085896402597427e-03,-2.332010917598381639e-04,5.354498978704214096e-03,9.439892135560512543e-03,-1.080230111256241798e-03,-1.653322251513600349e-04,7.136315107345581055e-03
-1.171522401273250580e-02,-5.660819355398416519e-03,-1.562787443399429321e-01,3.826327323913574219e-01,-2.599343061447143555e-01,-7.073137164115905762e-02,-8.952873945236206055e-02,1.122467815876007080e-01,9.421467781066894531e-02,-1.945382356643676758e-01,1.404909271514043212e-04,6.333114579319953918e-03,-5.717273335903882980e-03,-2.311962016392499208e-04,5.304668098688125610e-03,9.435259737074375153e-03,-1.146508730016648769e-03,-1.575443748151883483e-04,7.056687492877244949e-03
-1.336303167045116425e-02,1.105465693399310112e-03,-1.804672032594680786e-01,4.190478324890136719e-01,-2.682770192623138428e-01,-7.095351070165634155e-02,-8.543206751346588135e-02,1.223275512456893921e-01,8.186694234609603882e-02,-1.933815181255340576e-01,3.036732960026711226e-04,6.335530895739793777e-03,-5.746056791394948959e-03,-2.292838908033445477e-04,5.318586248904466629e-03,9.433518163859844208e-03,-1.212871051393449306e-03,-1.497704943176358938e-04,6.966793909668922424e-03
-1.336115971207618713e-02,7.502939086407423019e-03,-2.069229036569595337e-01,4.568749368190765381e-01,-2.765850424766540527e-01,-7.139024883508682251e-02,-8.129332214593887329e-02,1.318987905979156494e-01,7.158618420362472534e-02,-1.934717893600463867e-01,1.126885254052467644e-04,6.334536708891391754e-03,-5.780688486993312836e-03,-2.297062892466783524e-04,5.318796262145042419e-03,9.433021768927574158e-03,-1.294792979024350643e-03,-1.410385448252782226e-04,6.888556759804487228e-03
-1.481942553073167801e-02,1.382049266248941422e-02,-2.347355484962463379e-01,4.950190484523773193e-01,-2.855338752269744873e-01,-7.287188619375228882e-02,-7.710512727499008179e-02,1.410102397203445435e-01,6.356065720319747925e-02,-1.950201839208602905e-01,-1.000247080810368061e-03,6.331908050924539566e-03,-5.830529145896434784e-03,-2.368749701417982578e-04,5.331095773726701736e-03,9.431712329387664795e-03,-1.470652525313198566e-03,-1.354025444015860558e-04,6.827829405665397644e-03
-1.405530702322721481e-02,1.938095130026340485e-02,-2.642249763011932373e-01,5.341557860374450684e-01,-2.947767078876495361e-01,-7.382791489362716675e-02,-7.291239500045776367e-02,1.494405269622802734e-01,5.783855542540550232e-02,-1.978830248117446899e-01,-1.360568683594465256e-03,6.330826319754123688e-03,-5.879715550690889359e-03,-2.416702191112563014e-04,5.355337634682655334e-03,9.433411061763763428e-03,-1.718113431707024574e-03,-1.315859699388965964e-04,6.767574232071638107e-03
-1.142186112701892853e-02,2.384151890873908997e-02,-2.951792180538177490e-01,5.728693604469299316e-01,-3.028625249862670898e-01,-7.413534075021743774e-02,-6.875748932361602783e-02,1.571551561355590820e-01,5.387575551867485046e-02,-2.017219066619873047e-01,-1.071900478564202785e-03,6.332359276711940765e-03,-5.916904192417860031e-03,-2.440182433929294348e-04,5.373425316065549850e-03,9.440423920750617981e-03,-1.926982309669256210e-03,-1.270749198738485575e-04,6.689690984785556793e-03
-7.171254605054855347e-03,2.710941806435585022e-02,-3.275889456272125244e-01,6.103998422622680664e-01,-3.099511563777923584e-01,-7.420767098665237427e-02,-6.453483551740646362e-02,1.643503010272979736e-01,5.105786770582199097e-02,-2.062286585569381714e-01,-7.236062665469944477e-04,6.337156519293785095e-03,-5.945343058556318283e-03,-2.432624751236289740e-04,5.374318454414606094e-03,9.446561336517333984e-03,-2.035335171967744827e-03,-1.204141954076476395e-04,6.619811989367008209e-03
-2.315887017175555229e-03,2.885043248534202576e-02,-3.613815307617187500e-01,6.465276479721069336e-01,-3.173250257968902588e-01,-7.469523698091506958e-02,-6.032948568463325500e-02,1.717451512813568115e-01,4.777242243289947510e-02,-2.106356173753738403e-01,-8.674018899910151958e-04,6.342903710901737213e-03,-5.980850197374820709e-03,-2.445720019750297070e-04,5.384047981351613998e-03,9.450787678360939026e-03,-2.121454337611794472e-03,-1.166130095953121781e-04,6.521726958453655243e-03
4.421964753419160843e-03,2.892693504691123962e-02,-3.964436352252960205e-01,6.797678470611572266e-01,-3.221205770969390869e-01,-7.509205490350723267e-02,-5.596894025802612305e-02,1.779806315898895264e-01,4.616073146462440491e-02,-2.159134298563003540e-01,-8.993317605927586555e-04,6.348459050059318542e-03,-6.011213641613721848e-03,-2.437634975649416447e-04,5.337170790880918503e-03,9.454941377043724060e-03,-2.191750099882483482e-03,-1.084360847016796470e-04,6.452248897403478622e-03
1.222831290215253830e-02,2.779281511902809143e-02,-4.319597482681274414e-01,7.087017893791198730e-01,-3.278518915176391602e-01,-7.560092955827713013e-02,-5.118018388748168945e-02,1.830695122480392456e-01,4.627032950520515442e-02,-2.221169918775558472e-01,-1.003033365122973919e-03,6.352964323014020920e-03,-6.040534935891628265e-03,-2.428685547783970833e-04,5.278477910906076431e-03,9.459098801016807556e-03,-2.259599743410944939e-03,-9.926113852998241782e-05,6.432840600609779358e-03
2.160066366195678711e-02,2.466330491006374359e-02,-4.677155017852783203e-01,7.329831719398498535e-01,-3.340986371040344238e-01,-7.614921778440475464e-02,-4.609029740095138550e-02,1.867066025733947754e-01,4.855124279856681824e-02,-2.294538021087646484e-01,-1.100674038752913475e-03,6.361369043588638306e-03,-6.065006367862224579e-03,-2.415035705780610442e-04,5.257908720523118973e-03,9.462566114962100983e-03,-2.328647999092936516e-03,-9.121254697674885392e-05,6.365323904901742935e-03
3.199247270822525024e-02,1.948524080216884613e-02,-5.026283264160156250e-01,7.521646022796630859e-01,-3.390060663223266602e-01,-7.629287242889404297e-02,-4.072009772062301636e-02,1.890339702367782593e-01,5.266661196947097778e-02,-2.377185672521591187e-01,-8.233502740040421486e-04,6.372847128659486771e-03,-6.082987412810325623e-03,-2.383689716225489974e-04,5.234299227595329285e-03,9.469302371144294739e-03,-2.384223043918609619e-03,-8.437249925918877125e-05,6.329565308988094330e-03
3.749148547649383545e-02,1.349320821464061737e-02,-5.352191925048828125e-01,7.659687995910644531e-01,-3.414090275764465332e-01,-7.754128426313400269e-02,-3.522056341171264648e-02,1.902770549058914185e-01,5.834329500794410706e-02,-2.469043433666229248e-01,-1.577286049723625183e-03,6.368833594024181366e-03,-6.112269591540098190e-03,-2.413767215330153704e-04,5.226643290370702744e-03,9.472855366766452789e-03,-2.460417803376913071e-03,-8.603109745308756828e-05,6.258187349885702133e-03
4.339687898755073547e-02,5.263095255941152573e-03,-5.656257271766662598e-01,7.754262089729309082e-01,-3.423863053321838379e-01,-7.841006666421890259e-02,-2.952901273965835571e-02,1.911753565073013306e-01,6.452389061450958252e-02,-2.564260661602020264e-01,-1.735171535983681679e-03,6.376062519848346710e-03,-6.130745168775320053e-03,-2.405009436188265681e-04,5.221387371420860291e-03,9.477936662733554840e-03,-2.518886234611272812e-03,-7.773092511342838407e-05,6.253173574805259705e-03
4.940903931856155396e-02,-5.152464844286441803e-03,-5.936162471771240234e-01,7.820260524749755859e-01,-3.438684046268463135e-01,-7.919670641422271729e-02,-2.354171499609947205e-02,1.916480511426925659e-01,7.172293961048126221e-02,-2.666150927543640137e-01,-1.757480204105377197e-03,6.384284235537052155e-03,-6.145567633211612701e-03,-2.389551373198628426e-04,5.213287193328142166e-03,9.481251239776611328e-03,-2.568537835031747818e-03,-7.072664448060095310e-05,6.248760502785444260e-03
5.366155877709388733e-02,-1.708772592246532440e-02,-6.183824539184570312e-01,7.856464982032775879e-01,-3.412559926509857178e-01,-7.995160669088363647e-02,-1.732523553073406219e-02,1.918130367994308472e-01,7.978820055723190308e-02,-2.774435877799987793e-01,-1.735958270728588104e-03,6.388690322637557983e-03,-6.160063669085502625e-03,-2.370601432630792260e-04,5.215451586991548538e-03,9.484574198722839355e-03,-2.618790837004780769e-03,-6.351806950988247991e-05,6.224776152521371841e-03
5.533833429217338562e-02,-3.034256026148796082e-02,-6.395739316940307617e-01,7.865356206893920898e-01,-3.348582684993743896e-01,-8.058258146047592163e-02,-1.099938433617353439e-02,1.920999586582183838e-01,8.781555294990539551e-02,-2.884063720703125000e-01,-1.631139311939477921e-03,6.393168121576309204e-03,-6.173916626721620560e-03,-2.356040640734136105e-04,5.221412982791662216e-03,9.491753764450550079e-03,-2.667200053110718727e-03,-5.614878318738192320e-05,6.199968978762626648e-03
5.552847310900688171e-02,-4.477281495928764343e-02,-6.576365232467651367e-01,7.859926223754882812e-01,-3.257475197315216064e-01,-8.126121759414672852e-02,-4.222607240080833435e-03,1.938468515872955322e-01,9.339480847120285034e-02,-2.983753681182861328e-01,-1.624266617000102997e-03,6.403758656233549118e-03,-6.186955608427524567e-03,-2.337739424547180533e-04,5.194648168981075287e-03,9.499972686171531677e-03,-2.702763769775629044e-03,-4.888117837253957987e-05,6.224818993359804153e-03
5.553431808948516846e-02,-6.067397817969322205e-02,-6.724889278411865234e-01,7.837598323822021484e-01,-3.148948848247528076e-01,-8.213815093040466309e-02,3.153022611513733864e-03,1.964387148618698120e-01,9.796960651874542236e-02,-3.081312775611877441e-01,-1.781595288775861263e-03,6.410409230738878250e-03,-6.197354756295681000e-03,-2.326003886992111802e-04,5.176513455808162689e-03,9.504886344075202942e-03,-2.733776345849037170e-03,-4.136759889661334455e-05,6.237432360649108887e-03
5.556840822100639343e-02,-7.785276323556900024e-02,-6.833422780036926270e-01,7.789101004600524902e-01,-3.034459054470062256e-01,-8.262287080287933350e-02,1.102805230766534805e-02,1.992048472166061401e-01,1.028191596269607544e-01,-3.182496130466461182e-01,-1.523002982139587402e-03,6.418599281460046768e-03,-6.203222088515758514e-03,-2.311735006514936686e-04,5.157958716154098511e-03,9.513823315501213074e-03,-2.760095754638314247e-03,-3.477159043541178107e-05,6.236240267753601074e-03
5.626166239380836487e-02,-9.654426574707031250e-02,-6.906741857528686523e-01,7.729820609092712402e-01,-2.888921499252319336e-01,-8.306474983692169189e-02,1.946665532886981964e-02,2.028232514858245850e-01,1.069479212164878845e-01,-3.283311128616333008e-01,-1.364842522889375687e-03,6.431038957089185715e-03,-6.206113845109939575e-03,-2.280582266394048929e-04,5.130757112056016922e-03,9.519725106656551361e-03,-2.784352516755461693e-03,-2.898250204452779144e-05,6.246169097721576691e-03
5.679878592491149902e-02,-1.152785196900367737e-01,-6.937168836593627930e-01,7.650892734527587891e-01,-2.733997702598571777e-01,-8.348114788532257080e-02,2.866447158157825470e-02,2.072978913784027100e-01,1.107466593384742737e-01,-3.386004269123077393e-01,-1.225915504619479179e-03,6.437755655497312546e-03,-6.205528043210506439e-03,-2.257239248137921095e-04,5.101530347019433975e-03,9.527024812996387482e-03,-2.807406941428780556e-03,-2.210488491982687265e-05,6.272078491747379303e-03
5.425984784960746765e-02,-1.329602450132369995e-01,-6.931605339050292969e-01,7.564352154731750488e-01,-2.556187808513641357e-01,-8.514527976512908936e-02,3.851846605539321899e-02,2.132089883089065552e-01,1.133189722895622253e-01,-3.487590253353118896e-01,-2.220078138634562492e-03,6.436878815293312073e-03,-6.214249879121780396e-03,-2.295702433912083507e-04,5.083422642201185226e-03,9.548107162117958069e-03,-2.841679146513342857e-03,-8.662703294248785824e-06,6.257994566112756729e-03
5.313416570425033569e-02,-1.508410125970840454e-01,-6.897725462913513184e-01,7.487704753875732422e-01,-2.396604716777801514e-01,-8.591019362211227417e-02,4.894885048270225525e-02,2.196180373430252075e-01,1.159666702151298523e-01,-3.592417538166046143e-01,-2.090421039611101151e-03,6.444514263421297073e-03,-6.215302273631095886e-03,-2.279503678437322378e-04,5.069172475486993790e-03,9.561455808579921722e-03,-2.862887689843773842e-03,3.351584609845303930e-06,6.257675122469663620e-03
5.074670538306236267e-02,-1.676919013261795044e-01,-6.824123263359069824e-01,7.389948368072509766e-01,-2.223580032587051392e-01,-8.664401620626449585e-02,5.963276699185371399e-02,2.261895388364791870e-01,1.195534095168113708e-01,-3.705623447895050049e-01,-1.972019672393798828e-03,6.451580207794904709e-03,-6.212092936038970947e-03,-2.221329486928880215e-04,5.073730833828449249e-03,9.566274471580982208e-03,-2.876063808798789978e-03,1.294424509978853166e-05,6.218206603080034256e-03
4.760419577360153198e-02,-1.833559274673461914e-01,-6.707729101181030273e-01,7.264253497123718262e-01,-2.053096890449523926e-01,-8.677712082862854004e-02,7.025023549795150757e-02,2.314032912254333496e-01,1.270665377378463745e-01,-3.841837048530578613e-01,-1.335527864284813404e-03,6.461411714553833008e-03,-6.202709861099720001e-03,-2.139334101229906082e-04,5.086062941700220108e-03,9.557559154927730560e-03,-2.882656641304492950e-03,1.900791721709538251e-05,6.150648929178714752e-03
4.211840406060218811e-02,-1.967112421989440918e-01,-6.550293564796447754e-01,7.120304107666015625e-01,-1.872268170118331909e-01,-8.681287616491317749e-02,8.075274527072906494e-02,2.365744411945343018e-01,1.366318464279174805e-01,-3.992785215377807617e-01,-7.292704540304839611e-04,6.473749876022338867e-03,-6.192206405103206635e-03,-2.055247750831767917e-04,5.103498697280883789e-03,9.546438232064247131e-03,-2.888181712478399277e-03,2.608762224554084241e-05,6.109819281846284866e-03
3.785761445760726929e-02,-2.089551389217376709e-01,-6.352772116661071777e-01,6.958292722702026367e-01,-1.701590567827224731e-01,-8.609325438737869263e-02,9.103356301784515381e-02,2.414623200893402100e-01,1.488648951053619385e-01,-4.161610305309295654e-01,3.960590111091732979e-04,6.497276481240987778e-03,-6.171716377139091492e-03,-1.933602907229214907e-04,5.109343212097883224e-03,9.495515376329421997e-03,-2.878999337553977966e-03,3.127959644189104438e-05,6.058913189917802811e-03
3.439538925886154175e-02,-2.194546014070510864e-01,-6.119751334190368652e-01,6.777255535125732422e-01,-1.532376259565353394e-01,-8.519199490547180176e-02,1.010280102491378784e-01,2.456641644239425659e-01,1.643946170806884766e-01,-4.351668357849121094e-01,1.397273270413279533e-03,6.521031726151704788e-03,-6.147823296487331390e-03,-1.796410797396674752e-04,5.101313348859548569e-03,9.400019422173500061e-03,-2.851050579920411110e-03,3.505771383061073720e-05,5.988920573145151138e-03
3.022697195410728455e-02,-2.276063263416290283e-01,-5.857112407684326172e-01,6.583577394485473633e-01,-1.360161155462265015e-01,-8.462018519639968872e-02,1.104030013084411621e-01,2.490076273679733276e-01,1.834026277065277100e-01,-4.564364850521087646e-01,1.912387553602457047e-03,6.535720080137252808e-03,-6.125208456069231033e-03,-1.663955190451815724e-04,5.099389236420392990e-03,9.330644272267818451e-03,-2.838570624589920044e-03,3.570599074009805918e-05,5.808325950056314468e-03
2.733120508491992950e-02,-2.340288013219833374e-01,-5.565960407257080078e-01,6.374642848968505859e-01,-1.172754690051078796e-01,-8.389122039079666138e-02,1.186676993966102600e-01,2.512966394424438477e-01,2.059857398271560669e-01,-4.799306392669677734e-01,2.823466900736093521e-03,6.563443690538406372e-03,-6.097949109971523285e-03,-1.518964418210089207e-04,5.081146489828824997e-03,9.276214055716991425e-03,-2.820116234943270683e-03,3.614617889979854226e-05,5.581417120993137360e-03
2.532468363642692566e-02,-2.330282777547836304e-01,-5.568975210189819336e-01,6.620339155197143555e-01,-1.250795572996139526e-01,-8.661835640668869019e-02,1.202270761132240295e-01,2.532404959201812744e-01,2.267936021089553833e-01,-4.980144202709197998e-01,6.309467134997248650e-04,6.414911709725856781e-03,-5.939851980656385422e-03,-1.570142630953341722e-04,9.853155352175235748e-03,8.682515472173690796e-03,-2.536091022193431854e-03,-4.124579936615191400e-05,6.858299020677804947e-03
2.539494819939136505e-02,-2.371539622545242310e-01,-5.533825159072875977e-01,6.796189546585083008e-01,-1.437405943870544434e-01,-8.535819500684738159e-02,1.135395616292953491e-01,2.530330717563629150e-01,2.465693950653076172e-01,-5.071766972541809082e-01,1.992349571082741022e-04,6.445695180445909500e-03,-5.939675960689783096e-03,-1.544885890325531363e-04,1.087183877825737000e-02,8.583809249103069305e-03,-2.529687713831663132e-03,-2.271954690513666719e-05,7.019637152552604675e-03
2.583369053900241852e-02,-2.431021183729171753e-01,-5.458847284317016602e-01,6.861008405685424805e-01,-1.562995463609695435e-01,-7.886595278978347778e-02,1.042684391140937805e-01,2.499435245990753174e-01,2.679315209388732910e-01,-5.144742131233215332e-01,2.436769282212480903e-04,6.446559913456439972e-03,-5.936741828918457031e-03,-1.485588581999763846e-04,1.082521118223667145e-02,8.493863977491855621e-03,-2.525159390643239021e-03,-2.959527819257345982e-06,7.117523811757564545e-03
2.730609476566314697e-02,-2.497883290052413940e-01,-5.349659919738769531e-01,6.847933530807495117e-01,-1.647319793701171875e-01,-6.720658391714096069e-02,9.317182749509811401e-02,2.451999932527542114e-01,2.921596467494964600e-01,-5.231984257698059082e-01,8.519391994923353195e-04,6.443383637815713882e-03,-5.927389021962881088e-03,-1.432864082744345069e-04,1.075241621583700180e-02,8.425941690802574158e-03,-2.521062502637505531e-03,1.206064371217507869e-05,7.239384111016988754e-03
2.887747809290885925e-02,-2.564429938793182373e-01,-5.208709239959716797e-01,6.778975129127502441e-01,-1.701613217592239380e-01,-5.617860704660415649e-02,7.987827807664871216e-02,2.396577745676040649e-01,3.197540640830993652e-01,-5.330693721771240234e-01,9.621232165955007076e-04,6.437093950808048248e-03,-5.922185722738504410e-03,-1.392481208313256502e-04,1.065786276012659073e-02,8.381914347410202026e-03,-2.521086251363158226e-03,2.866256181732751429e-05,7.348592858761548996e-03
3.121149167418479919e-02,-2.623359858989715576e-01,-5.040419101715087891e-01,6.671279668807983398e-01,-1.738467514514923096e-01,-4.547870159149169922e-02,6.497198343276977539e-02,2.339099645614624023e-01,3.492187857627868652e-01,-5.439851284027099609e-01,1.297481590881943703e-03,6.426633335649967194e-03,-5.911109037697315216e-03,-1.357262954115867615e-04,1.058441400527954102e-02,8.350206539034843445e-03,-2.518398687243461609e-03,3.997610110673122108e-05,7.404015865176916122e-03
3.359217569231987000e-02,-2.670788764953613281e-01,-4.854902625083923340e-01,6.536176800727844238e-01,-1.760065704584121704e-01,-3.490716964006423950e-02,4.882158711552619934e-02,2.278275340795516968e-01,3.800663053989410400e-01,-5.558145046234130859e-01,1.209944486618041992e-03,6.411551963537931442e-03,-5.902308039367198944e-03,-1.332138344878330827e-04,1.051042135804891586e-02,8.322526700794696808e-03,-2.514782827347517014e-03,5.259037789073772728e-05,7.416828069835901260e-03
3.592449426651000977e-02,-2.704580426216125488e-01,-4.660127758979797363e-01,6.378328204154968262e-01,-1.767361909151077271e-01,-2.553678862750530243e-02,3.128725662827491760e-02,2.203926891088485718e-01,4.124641716480255127e-01,-5.668920874595642090e-01,9.513208060525357723e-04,6.390771362930536270e-03,-5.895911250263452530e-03,-1.316381094511598349e-04,1.040206290781497955e-02,8.306685835123062134e-03,-2.513184444978833199e-03,6.124527135398238897e-05,7.407477591186761856e-03
3.810977935791015625e-02,-2.724030911922454834e-01,-4.464335739612579346e-01,6.202849149703979492e-01,-1.761696636676788330e-01,-1.584389433264732361e-02,1.290127355605363846e-02,2.115621417760848999e-01,4.452492594718933105e-01,-5.771489739418029785e-01,7.386800716631114483e-04,6.349092815071344376e-03,-5.889718886464834213e-03,-1.343404292128980160e-04,1.020931731909513474e-02,8.298625238239765167e-03,-2.509083598852157593e-03,7.061006181174889207e-05,7.413336075842380524e-03
4.019213095307350159e-02,-2.729092240333557129e-01,-4.274243116378784180e-01,6.013219952583312988e-01,-1.743463724851608276e-01,-5.657791160047054291e-03,-6.004218943417072296e-03,2.003524899482727051e-01,4.794473350048065186e-01,-5.863956809043884277e-01,7.433155551552772522e-04,6.318771280348300934e-03,-5.878629628568887711e-03,-1.392529957229271531e-04,9.811026975512504578e-03,8.284957148134708405e-03,-2.501736162230372429e-03,7.267335604410618544e-05,7.401400245726108551e-03
4.136550799012184143e-02,-2.719539403915405273e-01,-4.092628955841064453e-01,5.808688998222351074e-01,-1.710947751998901367e-01,4.839377477765083313e-03,-2.481848560273647308e-02,1.871415674686431885e-01,5.137171149253845215e-01,-5.939129590988159180e-01,3.379887202754616737e-04,6.259553600102663040e-03,-5.869777407497167587e-03,-1.513129827799275517e-04,9.354749694466590881e-03,8.279927074909210205e-03,-2.495899330824613571e-03,7.576367352157831192e-05,7.389031350612640381e-03
4.279267042875289917e-02,-2.698473930358886719e-01,-3.914218544960021973e-01,5.587413311004638672e-01,-1.665362715721130371e-01,1.637889631092548370e-02,-4.367381334304809570e-02,1.718381345272064209e-01,5.488232970237731934e-01,-5.990904569625854492e-01,5.397102213464677334e-04,6.231354083865880966e-03,-5.849685054272413254e-03,-1.625136064831167459e-04,9.157702326774597168e-03,8.264725096523761749e-03,-2.483878750354051590e-03,6.658073107246309519e-05,7.350370753556489944e-03
4.377138614654541016e-02,-2.666550874710083008e-01,-3.734458088874816895e-01,5.351652503013610840e-01,-1.608850061893463135e-01,2.477153763175010681e-02,-6.291769444942474365e-02,1.548727899789810181e-01,5.838851928710937500e-01,-6.075454354286193848e-01,3.382849972695112228e-04,6.198862567543983459e-03,-5.834462586790323257e-03,-1.734390098135918379e-04,9.044314734637737274e-03,8.259170688688755035e-03,-2.476621652022004128e-03,5.946594683337025344e-05,7.330060936510562897e-03
4.487993568181991577e-02,-2.622860670089721680e-01,-3.552269637584686279e-01,5.104983448982238770e-01,-1.544499695301055908e-01,3.148116543889045715e-02,-8.175464719533920288e-02,1.365496665239334106e-01,6.183541417121887207e-01,-6.124231815338134766e-01,3.597052709665149450e-04,6.171993445605039597e-03,-5.814128555357456207e-03,-1.831034169299528003e-04,8.917258121073246002e-03,8.245036005973815918e-03,-2.467785961925983429e-03,4.821355105377733707e-05,7.302884943783283234e-03
4.599187895655632019e-02,-2.568252086639404297e-01,-3.366822898387908936e-01,4.848753511905670166e-01,-1.473394483327865601e-01,3.609283640980720520e-02,-9.984464943408966064e-02,1.165843456983566284e-01,6.530384421348571777e-01,-6.139305233955383301e-01,3.457352286204695702e-04,6.146723870187997818e-03,-5.791895557194948196e-03,-1.921101793413981795e-04,8.812665008008480072e-03,8.230375126004219055e-03,-2.459114883095026016e-03,3.542233753250911832e-05,7.277104537934064865e-03
4.766173288226127625e-02,-2.504801452159881592e-01,-3.173854649066925049e-01,4.579923152923583984e-01,-1.394998580217361450e-01,4.051749408245086670e-02,-1.169328391551971436e-01,9.621666371822357178e-02,6.851214766502380371e-01,-6.144981980323791504e-01,7.083451491780579090e-04,6.127003580331802368e-03,-5.762729793787002563e-03,-2.009067684412002563e-04,8.748867549002170563e-03,8.212951943278312683e-03,-2.447091508656740189e-03,1.920507929753512144e-05,7.255371659994125366e-03
4.890999943017959595e-02,-2.433317601680755615e-01,-2.972765564918518066e-01,4.296190440654754639e-01,-1.307359784841537476e-01,4.127226769924163818e-02,-1.331650018692016602e-01,7.456119358539581299e-02,7.150127291679382324e-01,-6.168828010559082031e-01,4.988990840502083302e-04,6.102414801716804504e-03,-5.738241598010063171e-03,-2.092351787723600864e-04,8.649128489196300507e-03,8.200979791581630707e-03,-2.437670482322573662e-03,3.897223450621822849e-06,7.247937377542257309e-03
5.047403275966644287e-02,-2.352908700704574585e-01,-2.766775190830230713e-01,4.001618921756744385e-01,-1.213143169879913330e-01,4.081159830093383789e-02,-1.476149708032608032e-01,5.141679570078849792e-02,7.431722283363342285e-01,-6.188572645187377930e-01,5.810584989376366138e-04,6.072235293686389923e-03,-5.705490242689847946e-03,-2.143361343769356608e-04,8.493027649819850922e-03,8.185300044715404510e-03,-2.423499943688511848e-03,-1.351017090200912207e-05,7.256378419697284698e-03
5.161860585212707520e-02,-2.264012843370437622e-01,-2.560439109802246094e-01,3.705869019031524658e-01,-1.116713881492614746e-01,3.792995586991310120e-02,-1.603275686502456665e-01,2.752644941210746765e-02,7.675955891609191895e-01,-6.176724433898925781e-01,3.005417820531874895e-04,6.036952137947082520e-03,-5.679970141500234604e-03,-2.189083170378580689e-04,8.229775354266166687e-03,8.169122971594333649e-03,-2.414087997749447823e-03,-2.639738340803887695e-05,7.254096213728189468e-03
5.241287872195243835e-02,-2.166075110435485840e-01,-2.360456883907318115e-01,3.422879278659820557e-01,-1.025204360485076904e-01,3.337626904249191284e-02,-1.711163371801376343e-01,3.422424662858247757e-03,7.880200743675231934e-01,-6.169373393058776855e-01,-5.923022035858593881e-05,5.972600076347589493e-03,-5.649992730468511581e-03,-2.235988213215023279e-04,7.758802734315395355e-03,8.151095360517501831e-03,-2.404581755399703979e-03,-3.826247484539635479e-05,7.235883269459009171e-03
5.339733138680458069e-02,-2.060044556856155396e-01,-2.168067544698715210e-01,3.157179355621337891e-01,-9.419918805360794067e-02,2.861858159303665161e-02,-1.797476857900619507e-01,-2.002443931996822357e-02,8.027380704879760742e-01,-6.139631271362304688e-01,-6.277500506257638335e-05,5.931431893259286880e-03,-5.586664192378520966e-03,-2.277481835335493088e-04,7.317392621189355850e-03,8.128963410854339600e-03,-2.392005641013383865e-03,-5.377499110181815922e-05,7.226857356727123260e-03
5.422230437397956848e-02,-1.946522295475006104e-01,-1.986423432826995850e-01,2.914169132709503174e-01,-8.692225813865661621e-02,2.280403301119804382e-02,-1.860054582357406616e-01,-4.261645302176475525e-02,8.115483522415161133e-01,-6.091179847717285156e-01,-1.739257422741502523e-04,5.899752024561166763e-03,-5.455967038869857788e-03,-2.318129554623737931e-04,6.978462450206279755e-03,8.106145076453685760e-03,-2.380114514380693436e-03,-6.974193092901259661e-05,7.215457502752542496e-03
5.457484349608421326e-02,-1.828788518905639648e-01,-1.810402274131774902e-01,2.684406340122222900e-01,-8.021108061075210571e-02,1.699303463101387024e-02,-1.899416595697402954e-01,-6.310772895812988281e-02,8.138234019279479980e-01,-6.028388142585754395e-01,-5.830014124512672424e-04,5.862630903720855713e-03,-5.243782885372638702e-03,-2.374920295551419258e-04,6.889813113957643509e-03,8.082161657512187958e-03,-2.366808010265231133e-03,-8.657007856527343392e-05,7.197615690529346466e-03
5.456281825900077820e-02,-1.708743870258331299e-01,-1.640328466892242432e-01,2.468691319227218628e-01,-7.412810623645782471e-02,1.174508780241012573e-02,-1.914865076541900635e-01,-8.148909360170364380e-02,8.111782073974609375e-01,-5.953081250190734863e-01,-1.058771042153239250e-03,5.807100329548120499e-03,-4.946153145283460617e-03,-2.423990663373842835e-04,6.801882758736610413e-03,8.055603131651878357e-03,-2.352843061089515686e-03,-1.042009971570223570e-04,7.172363810241222382e-03
5.441300943493843079e-02,-1.589763909578323364e-01,-1.473103314638137817e-01,2.263925075531005859e-01,-6.859447062015533447e-02,5.001110490411520004e-03,-1.911311745643615723e-01,-9.819641709327697754e-02,8.037636876106262207e-01,-5.856608748435974121e-01,-1.409912249073386192e-03,5.753810983151197433e-03,-4.574976861476898193e-03,-2.469025785103440285e-04,6.767778191715478897e-03,8.022801019251346588e-03,-2.338223392143845558e-03,-1.261145807802677155e-04,7.131814025342464447e-03
5.443207174539566040e-02,-1.475180536508560181e-01,-1.307069063186645508e-01,2.067570239305496216e-01,-6.355157494544982910e-02,-2.547398442402482033e-03,-1.893658787012100220e-01,-1.126282364130020142e-01,7.915551066398620605e-01,-5.748621225357055664e-01,-1.440939959138631821e-03,5.718104075640439987e-03,-4.094362724572420120e-03,-2.517557295504957438e-04,6.745346821844577789e-03,7.980517111718654633e-03,-2.318338956683874130e-03,-1.508448622189462185e-04,7.072062231600284576e-03
5.441304296255111694e-02,-1.364254206418991089e-01,-1.143931299448013306e-01,1.877600699663162231e-01,-5.880576372146606445e-02,-1.128468196839094162e-02,-1.860119253396987915e-01,-1.250673681497573853e-01,7.751010656356811523e-01,-5.610437393188476562e-01,-1.394666032865643501e-03,5.688358563929796219e-03,-3.483518026769161224e-03,-2.573514939285814762e-04,6.696369498968124390e-03,7.944416254758834839e-03,-2.296083839610219002e-03,-1.781974424375221133e-04,7.026113104075193405e-03
5.395786836743354797e-02,-1.255148947238922119e-01,-9.915138781070709229e-02,1.703339815139770508e-01,-5.470807105302810669e-02,-2.115131914615631104e-02,-1.806208491325378418e-01,-1.356626749038696289e-01,7.555997371673583984e-01,-5.444025993347167969e-01,-1.592109445482492447e-03,5.633181426674127579e-03,-2.750395331531763077e-03,-2.627189969643950462e-04,6.624625064432621002e-03,7.914952002465724945e-03,-2.273147692903876305e-03,-2.045713190454989672e-04,6.969721522182226181e-03
5.417545884847640991e-02,-1.149796620011329651e-01,-8.511825650930404663e-02,1.546516269445419312e-01,-5.143298581242561340e-02,-2.895851060748100281e-02,-1.737169921398162842e-01,-1.436001062393188477e-01,7.326803207397460938e-01,-5.248513817787170410e-01,-1.014548703096807003e-03,5.623674951493740082e-03,-1.891319174319505692e-03,-2.680696488823741674e-04,6.565479096025228500e-03,7.853869348764419556e-03,-2.236807951703667641e-03,-2.355362667003646493e-04,6.848871242254972458e-03
5.442700162529945374e-02,-1.052519381046295166e-01,-7.235092669725418091e-02,1.405490636825561523e-01,-4.881288856267929077e-02,-3.655623272061347961e-02,-1.662552356719970703e-01,-1.495463997125625610e-01,7.076342105865478516e-01,-5.028465390205383301e-01,-5.011757602915167809e-04,5.659100133925676346e-03,-9.498030995018780231e-04,-2.739571791607886553e-04,6.532420404255390167e-03,7.771268952637910843e-03,-2.174733206629753113e-03,-2.680657198652625084e-04,6.624278612434864044e-03
5.349073186516761780e-02,-9.650093317031860352e-02,-6.027878075838088989e-02,1.273355782032012939e-01,-4.647928476333618164e-02,-4.586646333336830139e-02,-1.586164683103561401e-01,-1.526540219783782959e-01,6.802638769149780273e-01,-4.839060604572296143e-01,-1.075157313607633114e-03,5.654147826135158539e-03,-9.492548997513949871e-05,-2.813546743709594011e-04,6.543824449181556702e-03,7.728660479187965393e-03,-2.098290482535958290e-03,-2.966665197163820267e-04,6.517812144011259079e-03
5.270508676767349243e-02,-8.862422406673431396e-02,-4.907310381531715393e-02,1.155695468187332153e-01,-4.484774172306060791e-02,-5.389128625392913818e-02,-1.506135612726211548e-01,-1.528792977333068848e-01,6.515038609504699707e-01,-4.634127616882324219e-01,-1.218776684254407883e-03,5.641289521008729935e-03,6.250543519854545593e-04,-2.825669362209737301e-04,6.529172416776418686e-03,7.687550969421863556e-03,-2.033846918493509293e-03,-3.269986191298812628e-04,6.439951714128255844e-03
5.227679014205932617e-02,-8.176985383033752441e-02,-3.854772076010704041e-02,1.044164970517158508e-01,-4.345290735363960266e-02,-6.119101867079734802e-02,-1.424282193183898926e-01,-1.513470113277435303e-01,6.211259961128234863e-01,-4.399401843547821045e-01,-9.734226041473448277e-04,5.725954659283161163e-03,1.237773569300770760e-03,-2.817008062265813351e-04,6.516682449728250504e-03,7.633385714143514633e-03,-1.885695499368011951e-03,-3.575713199097663164e-04,6.317233666777610779e-03
5.239462852478027344e-02,-7.619575411081314087e-02,-3.013724088668823242e-02,9.639642387628555298e-02,-4.353575780987739563e-02,-6.672634929418563843e-02,-1.348767280578613281e-01,-1.481001377105712891e-01,5.888153910636901855e-01,-4.170934855937957764e-01,-3.140813205391168594e-04,5.910858977586030960e-03,1.733429497107863426e-03,-2.770291757769882679e-04,6.502980366349220276e-03,7.433358114212751389e-03,-1.552993198856711388e-03,-3.864059690386056900e-04,6.013971753418445587e-03
5.210407450795173645e-02,-7.184915244579315186e-02,-2.316027320921421051e-02,9.045246988534927368e-02,-4.451259225606918335e-02,-7.136132568120956421e-02,-1.278474628925323486e-01,-1.428442299365997314e-01,5.557079911231994629e-01,-3.961285352706909180e-01,-2.315650490345433354e-04,6.183649878948926926e-03,2.130798995494842529e-03,-2.709217660594731569e-04,6.509127095341682434e-03,7.119365036487579346e-03,-1.041064737364649773e-03,-4.069286223966628313e-04,5.901650525629520416e-03
5.104553699493408203e-02,-6.881964206695556641e-02,-1.813830807805061340e-02,8.756222575902938843e-02,-4.685804247856140137e-02,-7.512203603982925415e-02,-1.215220242738723755e-01,-1.353942751884460449e-01,5.217857956886291504e-01,-3.768116533756256104e-01,-7.092867163009941578e-04,6.259771995246410370e-03,2.335373545065522194e-03,-2.743257791735231876e-04,6.523904390633106232e-03,6.971731781959533691e-03,-4.498456255532801151e-04,-4.254211089573800564e-04,5.584849044680595398e-03
4.997337609529495239e-02,-6.718499213457107544e-02,-1.549027021974325180e-02,8.839679509401321411e-02,-5.093982070684432983e-02,-7.653245329856872559e-02,-1.159371212124824524e-01,-1.259091496467590332e-01,4.866195023059844971e-01,-3.574448525905609131e-01,-9.386736201122403145e-04,6.254115607589483261e-03,2.412968315184116364e-03,-2.833700564224272966e-04,6.515481509268283844e-03,6.919176317751407623e-03,1.740461448207497597e-04,-4.335266421549022198e-04,5.290748551487922668e-03
4.885184764862060547e-02,-6.695951521396636963e-02,-1.535585243254899979e-02,9.365555644035339355e-02,-5.714258551597595215e-02,-7.574744522571563721e-02,-1.111772283911705017e-01,-1.143932268023490906e-01,4.507112801074981689e-01,-3.392426669597625732e-01,-1.059374772012233734e-03,6.255279760807752609e-03,2.475514309480786324e-03,-2.927923342213034630e-04,6.533658597618341446e-03,6.841471884399652481e-03,7.751606171950697899e-04,-4.356889985501766205e-04,5.105516407638788223e-03
4.886742308735847473e-02,-6.796688586473464966e-02,-1.545762270689010620e-02,1.013018861413002014e-01,-6.489563733339309692e-02,-7.502893358469009399e-02,-1.073178574442863464e-01,-1.014524102210998535e-01,4.153244495391845703e-01,-3.198404014110565186e-01,-1.564973063068464398e-04,6.377155426889657974e-03,2.553796861320734024e-03,-2.884088899008929729e-04,6.565726827830076218e-03,6.626374088227748871e-03,1.296447007916867733e-03,-4.219872935209423304e-04,5.113087594509124756e-03
4.887652769684791565e-02,-7.002563774585723877e-02,-1.686671562492847443e-02,1.132749766111373901e-01,-7.505448162555694580e-02,-7.501815259456634521e-02,-1.046183332800865173e-01,-8.704337477684020996e-02,3.806650340557098389e-01,-2.979361116886138916e-01,3.773718490265309811e-04,6.528046913444995880e-03,2.646696055307984352e-03,-2.778632624540477991e-04,6.595332641154527664e-03,6.154081784188747406e-03,1.724907429888844490e-03,-4.028416879009455442e-04,5.093546584248542786e-03
4.889845103025436401e-02,-7.282211631536483765e-02,-1.962912641465663910e-02,1.291539072990417480e-01,-8.734007179737091064e-02,-7.503312826156616211e-02,-1.028556823730468750e-01,-7.122482359409332275e-02,3.454041779041290283e-01,-2.743422687053680420e-01,7.618035306222736835e-04,6.556947715580463409e-03,2.721375785768032074e-03,-2.660713507793843746e-04,6.577303167432546616e-03,5.719177890568971634e-03,1.966714859008789062e-03,-3.808138135354965925e-04,5.043885670602321625e-03
4.868936911225318909e-02,-7.608957588672637939e-02,-2.391045168042182922e-02,1.484929770231246948e-01,-1.013980358839035034e-01,-7.507237792015075684e-02,-1.017940342426300049e-01,-5.504462122917175293e-02,3.105778992176055908e-01,-2.519053220748901367e-01,8.304150542244315147e-04,6.552312523126602173e-03,2.781917108222842216e-03,-2.594595425762236118e-04,6.477583665400743484e-03,5.474655423313379288e-03,2.054878277704119682e-03,-3.777158854063600302e-04,4.954257048666477203e-03
4.871603846549987793e-02,-7.964139431715011597e-02,-2.944937534630298615e-02,1.703753620386123657e-01,-1.167578473687171936e-01,-7.514069974422454834e-02,-1.014625504612922668e-01,-3.956577181816101074e-02,2.766477465629577637e-01,-2.290491461753845215e-01,1.113373902626335621e-03,6.547471508383750916e-03,2.832252066582441330e-03,-2.438717347104102373e-04,6.363093387335538864e-03,5.455872043967247009e-03,2.086534630507230759e-03,-3.856886178255081177e-04,4.916985984891653061e-03
4.628667980432510376e-02,-8.042801916599273682e-02,-3.155283257365226746e-02,1.902305483818054199e-01,-1.469630002975463867e-01,-7.762308418750762939e-02,-1.030456349253654480e-01,-3.184575587511062622e-02,2.776395380496978760e-01,-2.271245867013931274e-01,-1.755261910147964954e-03,6.655743345618247986e-03,6.088484078645706177e-04,-1.892681175377219915e-04,9.492869488894939423e-03,6.484729703515768051e-03,7.321775192394852638e-04,-3.312196640763431787e-04,1.010684762150049210e-02
4.116303846240043640e-02,-7.772458344697952271e-02,-3.284656628966331482e-02,2.099200785160064697e-01,-1.793002337217330933e-01,-8.203288167715072632e-02,-1.020621880888938904e-01,-1.041270233690738678e-02,2.568999826908111572e-01,-2.242357283830642700e-01,-4.200251772999763489e-03,6.693531759083271027e-03,-2.289883792400360107e-03,-2.513550862204283476e-04,9.271174669265747070e-03,9.064424782991409302e-03,-3.465019108261913061e-04,-3.252137685194611549e-04,1.009702589362859726e-02
3.260898962616920471e-02,-7.318010181188583374e-02,-3.727305680513381958e-02,2.326578199863433838e-01,-2.046419233083724976e-01,-8.313146978616714478e-02,-1.002975404262542725e-01,1.071615982800722122e-02,2.319594472646713257e-01,-2.179190218448638916e-01,-3.266128012910485268e-03,6.678401492536067963e-03,-4.251928068697452545e-03,-2.859965024981647730e-04,8.487672545015811920e-03,9.928240440785884857e-03,-9.072403772734105587e-04,-3.256961936131119728e-04,9.945506229996681213e-03
2.334641292691230774e-02,-6.705342978239059448e-02,-4.619157686829566956e-02,2.590634822845458984e-01,-2.230556458234786987e-01,-8.278238773345947266e-02,-9.783592075109481812e-02,3.010301850736141205e-02,2.059052288532257080e-01,-2.103186696767807007e-01,-1.495650736615061760e-03,6.666017230600118637e-03,-5.116698797792196274e-03,-3.160012711305171251e-04,7.320421282202005386e-03,9.909942746162414551e-03,-9.656845359131693840e-04,-3.263907274231314659e-04,9.357299655675888062e-03
1.276394724845886230e-02,-5.940831080079078674e-02,-5.949635058641433716e-02,2.877105772495269775e-01,-2.357121407985687256e-01,-8.349706232547760010e-02,-9.474415332078933716e-02,4.734880104660987854e-02,1.806003153324127197e-01,-2.027549892663955688e-01,-1.111838035285472870e-03,6.650081835687160492e-03,-5.242120474576950073e-03,-3.267404390498995781e-04,6.136605981737375259e-03,9.891830384731292725e-03,-9.915943956002593040e-04,-3.239399811718612909e-04,8.387791924178600311e-03
6.506001576781272888e-03,-5.053588002920150757e-02,-7.599951326847076416e-02,3.169127106666564941e-01,-2.451457530260086060e-01,-8.317518979310989380e-02,-9.112481027841567993e-02,6.242619454860687256e-02,1.570881158113479614e-01,-1.957230269908905029e-01,8.697573503013700247e-05,6.638537626713514328e-03,-5.259335041046142578e-03,-3.165434754919260740e-04,5.527425557374954224e-03,9.869541972875595093e-03,-1.020511495880782604e-03,-3.213917952962219715e-04,7.767059374600648880e-03
1.086319913156330585e-03,-4.065903276205062866e-02,-9.588175266981124878e-02,3.484416604042053223e-01,-2.539815008640289307e-01,-8.369028568267822266e-02,-8.710671961307525635e-02,7.641050964593887329e-02,1.346702277660369873e-01,-1.888039410114288330e-01,1.793369156075641513e-04,6.627082824707031250e-03,-5.283950828015804291e-03,-3.040222800336778164e-04,5.418227985501289368e-03,9.852981194853782654e-03,-1.060922048054635525e-03,-3.153674770146608353e-04,7.566137239336967468e-03
-2.105278661474585533e-03,-3.053857386112213135e-02,-1.182320564985275269e-01,3.818667829036712646e-01,-2.628766298294067383e-01,-8.433139324188232422e-02,-8.288306742906570435e-02,8.908049017190933228e-02,1.152726709842681885e-01,-1.839764565229415894e-01,1.034311790135689080e-04,6.623579654842615128e-03,-5.333968903869390488e-03,-2.968469052575528622e-04,5.417715758085250854e-03,9.842672385275363922e-03,-1.159309060312807560e-03,-3.071925020776689053e-04,7.430514786392450333e-03
-3.831417998299002647e-03,-2.051122859120368958e-02,-1.424560993909835815e-01,4.164226353168487549e-01,-2.737903594970703125e-01,-8.448167145252227783e-02,-7.869414240121841431e-02,1.003340184688568115e-01,9.902929514646530151e-02,-1.807152777910232544e-01,3.590038686525076628e-04,6.622826214879751205e-03,-5.358625669032335281e-03,-2.904212742578238249e-04,5.392515566200017929e-03,9.825843386352062225e-03,-1.218903926201164722e-03,-3.001519071403890848e-04,7.298269309103488922e-03
-4.833287093788385391e-03,-1.078939903527498245e-02,-1.688168644905090332e-01,4.526522755622863770e-01,-2.840755283832550049e-01,-8.479971438646316528e-02,-7.469563931226730347e-02,1.102693304419517517e-01,8.617618680000305176e-02,-1.792836636304855347e-01,2.600337029434740543e-04,6.621805950999259949e-03,-5.385548807680606842e-03,-2.842264657374471426e-04,5.394609179347753525e-03,9.810921736061573029e-03,-1.296055619604885578e-03,-2.914689248427748680e-04,7.163959555327892303e-03
-4.459096118807792664e-03,-1.856627641245722771e-03,-1.969973146915435791e-01,4.894317686557769775e-01,-2.924323976039886475e-01,-8.552728593349456787e-02,-7.100843638181686401e-02,1.199693977832794189e-01,7.507360726594924927e-02,-1.789912134408950806e-01,-2.410170127404853702e-04,6.620641797780990601e-03,-5.424674600362777710e-03,-2.828146971296519041e-04,5.436805076897144318e-03,9.807151742279529572e-03,-1.447621500119566917e-03,-2.823790127877146006e-04,7.052080705761909485e-03
-2.743106568232178688e-03,6.262724753469228745e-03,-2.268414944410324097e-01,5.268652439117431641e-01,-3.019598722457885742e-01,-8.629336208105087280e-02,-6.762024760246276855e-02,1.292523592710494995e-01,6.602545082569122314e-02,-1.799674034118652344e-01,-6.736657232977449894e-04,6.620135158300399780e-03,-5.469614174216985703e-03,-2.830712764989584684e-04,5.475964862853288651e-03,9.806096553802490234e-03,-1.664274488575756550e-03,-2.740191994234919548e-04,6.958499550819396973e-03
5.304187652654945850e-04,1.386266481131315231e-02,-2.581726014614105225e-01,5.646706819534301758e-01,-3.121534883975982666e-01,-8.639768511056900024e-02,-6.432181596755981445e-02,1.385209858417510986e-01,5.785983428359031677e-02,-1.815041899681091309e-01,-4.367112705949693918e-04,6.620713975280523300e-03,-5.510870367288589478e-03,-2.803271054290235043e-04,5.492821335792541504e-03,9.809506125748157501e-03,-1.870530657470226288e-03,-2.655248972587287426e-04,6.889219395816326141e-03
2.892448566854000092e-03,2.090600691735744476e-02,-2.914094030857086182e-01,6.028770804405212402e-01,-3.224232196807861328e-01,-8.705005049705505371e-02,-6.108190119266510010e-02,1.473378539085388184e-01,5.076098069548606873e-02,-1.837265342473983765e-01,-7.959305075928568840e-04,6.617274601012468338e-03,-5.555470474064350128e-03,-2.771833678707480431e-04,5.498072132468223572e-03,9.807725436985492706e-03,-2.050077077001333237e-03,-2.592432720120996237e-04,6.772199179977178574e-03
9.613745845854282379e-03,2.622176893055438995e-02,-3.269016742706298828e-01,6.401425600051879883e-01,-3.329693377017974854e-01,-8.737675100564956665e-02,-5.779366567730903625e-02,1.549976915121078491e-01,4.598560184240341187e-02,-1.871821880340576172e-01,-8.039759122766554356e-04,6.620850879698991776e-03,-5.584022030234336853e-03,-2.725203521549701691e-04,5.495471879839897156e-03,9.808611124753952026e-03,-2.151439664885401726e-03,-2.520885900594294071e-04,6.693283561617136002e-03
1.703181862831115723e-02,3.029341623187065125e-02,-3.639220297336578369e-01,6.761676669120788574e-01,-3.437026143074035645e-01,-8.814367651939392090e-02,-5.425988882780075073e-02,1.613342911005020142e-01,4.375371336936950684e-02,-1.920332461595535278e-01,-1.136201201006770134e-03,6.617102771997451782e-03,-5.630116909742355347e-03,-2.698473108466714621e-04,5.445880349725484848e-03,9.808884933590888977e-03,-2.229806501418352127e-03,-2.421907556708902121e-04,6.634145509451627731e-03
2.589171938598155975e-02,3.317881003022193909e-02,-4.007562398910522461e-01,7.078586816787719727e-01,-3.541950881481170654e-01,-8.833155781030654907e-02,-5.043361708521842957e-02,1.663935780525207520e-01,4.386719688773155212e-02,-1.980841904878616333e-01,-8.694672142155468464e-04,6.621817592531442642e-03,-5.654432345181703568e-03,-2.638727019075304270e-04,5.438901484012603760e-03,9.812916629016399384e-03,-2.287196926772594452e-03,-2.347000263398513198e-04,6.613835692405700684e-03
3.310222551226615906e-02,3.487589582800865173e-02,-4.368407726287841797e-01,7.355056405067443848e-01,-3.623387813568115234e-01,-8.897407352924346924e-02,-4.657642543315887451e-02,1.705740541219711304e-01,4.565736651420593262e-02,-2.051067948341369629e-01,-1.075659529305994511e-03,6.624212488532066345e-03,-5.682907998561859131e-03,-2.587200724519789219e-04,5.453909747302532196e-03,9.812296368181705475e-03,-2.360509941354393959e-03,-2.285709633724763989e-04,6.528262980282306671e-03
4.095787554979324341e-02,3.459668532013893127e-02,-4.716242849826812744e-01,7.580923438072204590e-01,-3.687884509563446045e-01,-8.876767754554748535e-02,-4.288783296942710876e-02,1.733299195766448975e-01,4.976887255907058716e-02,-2.132736742496490479e-01,-4.816509608644992113e-04,6.636651698499917984e-03,-5.702054593712091446e-03,-2.507230092305690050e-04,5.458818748593330383e-03,9.818360209465026855e-03,-2.423147903755307198e-03,-2.212226827396079898e-04,6.424008868634700775e-03
4.842556267976760864e-02,3.205510601401329041e-02,-5.047431588172912598e-01,7.756354212760925293e-01,-3.721298873424530029e-01,-8.888211101293563843e-02,-3.944275900721549988e-02,1.758480966091156006e-01,5.428892001509666443e-02,-2.217925041913986206e-01,-4.249885678291320801e-04,6.651412695646286011e-03,-5.720632616430521011e-03,-2.411542809568345547e-04,5.478011444211006165e-03,9.818445891141891479e-03,-2.483023796230554581e-03,-2.138085401384159923e-04,6.357321515679359436e-03
5.550622567534446716e-02,2.755644544959068298e-02,-5.356438159942626953e-01,7.875863313674926758e-01,-3.717925846576690674e-01,-8.898475766181945801e-02,-3.599254041910171509e-02,1.780972033739089966e-01,5.906442925333976746e-02,-2.305222153663635254e-01,-3.942170005757361650e-04,6.662845145910978317e-03,-5.741126835346221924e-03,-2.340117061976343393e-04,5.456459242850542068e-03,9.823272936046123505e-03,-2.538427477702498436e-03,-2.061039413092657924e-04,6.320892367511987686e-03
6.066652387380599976e-02,2.138614654541015625e-02,-5.645208358764648438e-01,7.956402301788330078e-01,-3.693723082542419434e-01,-8.975728601217269897e-02,-3.231551870703697205e-02,1.800677776336669922e-01,6.401825696229934692e-02,-2.394918948411941528e-01,-9.322161204181611538e-04,6.662138272076845169e-03,-5.767025984823703766e-03,-2.316298196092247963e-04,5.431332625448703766e-03,9.827035479247570038e-03,-2.602434949949383736e-03,-1.971635938389226794e-04,6.291742902249097824e-03
6.650625169277191162e-02,1.272854860872030258e-02,-5.912016034126281738e-01,8.003734350204467773e-01,-3.648727834224700928e-01,-9.037322551012039185e-02,-2.834703773260116577e-02,1.816044598817825317e-01,6.958446651697158813e-02,-2.488707453012466431e-01,-1.116389408707618713e-03,6.670196074992418289e-03,-5.787585396319627762e-03,-2.262515481561422348e-04,5.407719872891902924e-03,9.829065762460231781e-03,-2.654898213222622871e-03,-1.895635359687730670e-04,6.277346983551979065e-03
7.321655005216598511e-02,1.836409210227429867e-03,-6.152149438858032227e-01,8.024826645851135254e-01,-3.588154911994934082e-01,-9.072561562061309814e-02,-2.390893176198005676e-02,1.834982335567474365e-01,7.462903112173080444e-02,-2.581523954868316650e-01,-1.022316864691674709e-03,6.681232247501611710e-03,-5.802147090435028076e-03,-2.214162959717214108e-04,5.375659558922052383e-03,9.835372678935527802e-03,-2.690972760319709778e-03,-1.832253910833969712e-04,6.292916834354400635e-03
7.786265760660171509e-02,-9.975773282349109650e-03,-6.353430747985839844e-01,8.009322881698608398e-01,-3.525215983390808105e-01,-9.154986590147018433e-02,-1.893416233360767365e-02,1.856602877378463745e-01,7.967424392700195312e-02,-2.676925957202911377e-01,-1.352801802568137646e-03,6.679042242467403412e-03,-5.820088088512420654e-03,-2.198246802436187863e-04,5.353532731533050537e-03,9.839766658842563629e-03,-2.737353090196847916e-03,-1.748152426443994045e-04,6.302541121840476990e-03
8.190090954303741455e-02,-2.348292246460914612e-02,-6.518330574035644531e-01,7.968256473541259766e-01,-3.436406552791595459e-01,-9.260644018650054932e-02,-1.351344119757413864e-02,1.884897500276565552e-01,8.407717198133468628e-02,-2.771652936935424805e-01,-1.690157339908182621e-03,6.678691133856773376e-03,-5.837649572640657425e-03,-2.190994127886369824e-04,5.345707293599843979e-03,9.846569970250129700e-03,-2.783362753689289093e-03,-1.664333394728600979e-04,6.306452210992574692e-03
8.312281966209411621e-02,-3.824579343199729919e-02,-6.645239591598510742e-01,7.908045649528503418e-01,-3.314635455608367920e-01,-9.450018405914306641e-02,-7.820631377398967743e-03,1.920466423034667969e-01,8.772127330303192139e-02,-2.865641117095947266e-01,-2.568350872024893761e-03,6.673722062259912491e-03,-5.857814569026231766e-03,-2.225610805908218026e-04,5.348009057343006134e-03,9.857784025371074677e-03,-2.843958325684070587e-03,-1.563951373100280762e-04,6.290378049015998840e-03
8.357742428779602051e-02,-5.416554585099220276e-02,-6.736734509468078613e-01,7.842636108398437500e-01,-3.178072571754455566e-01,-9.566247463226318359e-02,-1.775556360371410847e-03,1.956923305988311768e-01,9.157532453536987305e-02,-2.962345182895660400e-01,-2.481167437508702278e-03,6.676494609564542770e-03,-5.872069858014583588e-03,-2.219558955403044820e-04,5.331948865205049515e-03,9.866542182862758636e-03,-2.884549088776111603e-03,-1.476882316637784243e-04,6.291229277849197388e-03
8.210071921348571777e-02,-7.070538401603698730e-02,-6.794672012329101562e-01,7.774741649627685547e-01,-3.026452660560607910e-01,-9.682656824588775635e-02,4.638667684048414230e-03,1.995700001716613770e-01,9.543841332197189331e-02,-3.061375617980957031e-01,-2.433552872389554977e-03,6.680642720311880112e-03,-5.882646422833204269e-03,-2.198698784923180938e-04,5.312346387654542923e-03,9.872836060822010040e-03,-2.911566989496350288e-03,-1.398609310854226351e-04,6.279216147959232330e-03
7.949746400117874146e-02,-8.786392956972122192e-02,-6.819018721580505371e-01,7.705435156822204590e-01,-2.864592671394348145e-01,-9.792412072420120239e-02,1.150113344192504883e-02,2.041611522436141968e-01,9.861376136541366577e-02,-3.159677982330322266e-01,-2.326925750821828842e-03,6.685202475637197495e-03,-5.891709588468074799e-03,-2.180321025662124157e-04,5.289596971124410629e-03,9.881811216473579407e-03,-2.937980694696307182e-03,-1.317960268352180719e-04,6.282363552600145340e-03
7.584141194820404053e-02,-1.054679378867149353e-01,-6.815360188484191895e-01,7.626636624336242676e-01,-2.710145115852355957e-01,-9.899358451366424561e-02,1.889409683644771576e-02,2.088172435760498047e-01,1.018874868750572205e-01,-3.260534107685089111e-01,-2.241387031972408295e-03,6.689856760203838348e-03,-5.902481731027364731e-03,-2.149116189684718847e-04,5.237275734543800354e-03,9.895496070384979248e-03,-2.965786261484026909e-03,-1.202041385113261640e-04,6.251248531043529510e-03
7.091198116540908813e-02,-1.228572949767112732e-01,-6.784874796867370605e-01,7.522842288017272949e-01,-2.544880509376525879e-01,-9.998932480812072754e-02,2.686555869877338409e-02,2.137744277715682983e-01,1.046982482075691223e-01,-3.361400961875915527e-01,-2.084235893562436104e-03,6.696885451674461365e-03,-5.909807048738002777e-03,-2.123795857187360525e-04,5.202592350542545319e-03,9.910421445965766907e-03,-2.989785978570580482e-03,-1.075699328794144094e-04,6.237253081053495407e-03
6.547712534666061401e-02,-1.402457803487777710e-01,-6.726047992706298828e-01,7.408038973808288574e-01,-2.400190979242324829e-01,-1.011536717414855957e-01,3.521689027547836304e-02,2.192675471305847168e-01,1.075294986367225647e-01,-3.465858697891235352e-01,-2.106695668771862984e-03,6.703772582113742828e-03,-5.913697183132171631e-03,-2.085180167341604829e-04,5.193968303501605988e-03,9.917517192661762238e-03,-3.008607542142271996e-03,-9.522095206193625927e-05,6.222861818969249725e-03
6.066553667187690735e-02,-1.572320312261581421e-01,-6.632723808288574219e-01,7.282752394676208496e-01,-2.242100238800048828e-01,-1.017941236495971680e-01,4.380162060260772705e-02,2.253309339284896851e-01,1.110059916973114014e-01,-3.577534854412078857e-01,-1.572749228216707706e-03,6.715709809213876724e-03,-5.911726504564285278e-03,-2.026318834396079183e-04,5.200834479182958603e-03,9.927081875503063202e-03,-3.021450480446219444e-03,-8.367027476197108626e-05,6.220802199095487595e-03
5.528884381055831909e-02,-1.723566502332687378e-01,-6.500801444053649902e-01,7.137762308120727539e-01,-2.095402926206588745e-01,-1.018206700682640076e-01,5.259661003947257996e-02,2.302431613206863403e-01,1.185146570205688477e-01,-3.713424801826477051e-01,-6.134376162663102150e-04,6.730226799845695496e-03,-5.901457741856575012e-03,-1.924139360198751092e-04,5.180646665394306183e-03,9.869270958006381989e-03,-3.027851926162838936e-03,-7.497357000829651952e-05,6.188653409481048584e-03
4.973898455500602722e-02,-1.851337254047393799e-01,-6.330617666244506836e-01,6.973940730094909668e-01,-1.922297179698944092e-01,-1.013609021902084351e-01,6.156475469470024109e-02,2.347676604986190796e-01,1.290644109249114990e-01,-3.869160711765289307e-01,5.715907900594174862e-04,6.758247502148151398e-03,-5.884927231818437576e-03,-1.805328793125227094e-04,5.172939039766788483e-03,9.751190431416034698e-03,-3.028190694749355316e-03,-6.626098911510780454e-05,6.170098669826984406e-03
4.278188943862915039e-02,-1.952046900987625122e-01,-6.124310493469238281e-01,6.785325407981872559e-01,-1.743456125259399414e-01,-1.011902317404747009e-01,7.046192884445190430e-02,2.389159351587295532e-01,1.426706761121749878e-01,-4.045825898647308350e-01,1.155611942522227764e-03,6.775998976081609726e-03,-5.868338979780673981e-03,-1.688228512648493052e-04,5.168571136891841888e-03,9.570414200425148010e-03,-3.022535704076290131e-03,-5.997523476253263652e-05,6.103171035647392273e-03
3.740599006414413452e-02,-2.034100741147994995e-01,-5.889862179756164551e-01,6.587221026420593262e-01,-1.558403521776199341e-01,-1.003428325057029724e-01,7.910883426666259766e-02,2.422229945659637451e-01,1.599561423063278198e-01,-4.245270192623138428e-01,2.148619154468178749e-03,6.801697891205549240e-03,-5.845399573445320129e-03,-1.554928603582084179e-04,5.162979476153850555e-03,9.406022727489471436e-03,-3.000933676958084106e-03,-5.516562305274419487e-05,6.027886178344488144e-03
3.552753850817680359e-02,-2.098141312599182129e-01,-5.626436471939086914e-01,6.382485032081604004e-01,-1.370212435722351074e-01,-9.853909909725189209e-02,8.753043413162231445e-02,2.458430081605911255e-01,1.791095435619354248e-01,-4.459281265735626221e-01,3.622092539444565773e-03,6.853846367448568344e-03,-5.814728792756795883e-03,-1.418088795617222786e-04,5.150686949491500854e-03,9.279011748731136322e-03,-2.907817950472235680e-03,-5.034766218159347773e-05,6.000549066811800003e-03
3.382783383131027222e-02,-2.089749574661254883e-01,-5.431019067764282227e-01,6.255701184272766113e-01,-1.026661247014999390e-01,-9.972758591175079346e-02,9.451264142990112305e-02,2.488315552473068237e-01,2.003242224454879761e-01,-4.686647951602935791e-01,3.075587330386042595e-03,6.803357508033514023e-03,-5.605357233434915543e-03,-1.332540850853547454e-04,5.529762711375951767e-03,8.969312533736228943e-03,-2.591382944956421852e-03,-9.658529597800225019e-05,5.791828967630863190e-03
3.375981748104095459e-02,-2.099846601486206055e-01,-5.461394190788269043e-01,6.565970182418823242e-01,-1.267175972461700439e-01,-9.942200779914855957e-02,9.080434590578079224e-02,2.505984008312225342e-01,2.196035087108612061e-01,-4.817689955234527588e-01,1.947940443642437458e-03,6.759438198059797287e-03,-5.585039500147104263e-03,-1.473997253924608231e-04,1.059741247445344925e-02,8.454266935586929321e-03,-2.423658501356840134e-03,-1.227604225277900696e-04,7.029714062809944153e-03
3.396151959896087646e-02,-2.141428142786026001e-01,-5.406250953674316406e-01,6.694942116737365723e-01,-1.429425030946731567e-01,-9.340398758649826050e-02,8.351965993642807007e-02,2.500930726528167725e-01,2.384760975837707520e-01,-4.933065772056579590e-01,1.438488485291600227e-03,6.772925611585378647e-03,-5.579737946391105652e-03,-1.412208657711744308e-04,1.071720756590366364e-02,8.368846029043197632e-03,-2.411294262856245041e-03,-1.015993912005797029e-04,7.210051640868186951e-03
3.440185263752937317e-02,-2.193664610385894775e-01,-5.304217338562011719e-01,6.722946166992187500e-01,-1.539105325937271118e-01,-8.544866740703582764e-02,7.415059208869934082e-02,2.485279738903045654e-01,2.605960667133331299e-01,-5.054033994674682617e-01,1.064855139702558517e-03,6.772481370717287064e-03,-5.572285503149032593e-03,-1.355084968963637948e-04,1.072007417678833008e-02,8.311045356094837189e-03,-2.404586877673864365e-03,-8.240453462349250913e-05,7.398936431854963303e-03
3.564307093620300293e-02,-2.247140705585479736e-01,-5.165161490440368652e-01,6.681582331657409668e-01,-1.612791866064071655e-01,-7.624194771051406860e-02,6.326214969158172607e-02,2.460671067237854004e-01,2.866948246955871582e-01,-5.170457959175109863e-01,1.174951670691370964e-03,6.768042687326669693e-03,-5.560052581131458282e-03,-1.308998325839638710e-04,1.063313335180282593e-02,8.269060403108596802e-03,-2.398456679657101631e-03,-6.785411096643656492e-05,7.494626566767692566e-03
3.751120716333389282e-02,-2.296498864889144897e-01,-4.997018277645111084e-01,6.591349244117736816e-01,-1.662385165691375732e-01,-6.549669802188873291e-02,5.117883905768394470e-02,2.430656254291534424e-01,3.160125315189361572e-01,-5.290696620941162109e-01,1.440766034647822380e-03,6.761130876839160919e-03,-5.545059684664011002e-03,-1.275444956263527274e-04,1.056352071464061737e-02,8.230777457356452942e-03,-2.389292931184172630e-03,-5.644375778501853347e-05,7.549946196377277374e-03
3.925533220171928406e-02,-2.338571101427078247e-01,-4.808445572853088379e-01,6.462634801864624023e-01,-1.690792888402938843e-01,-5.452400073409080505e-02,3.777843713760375977e-02,2.394856810569763184e-01,3.470890522003173828e-01,-5.413132309913635254e-01,1.287785009481012821e-03,6.747440434992313385e-03,-5.533461458981037140e-03,-1.247494219569489360e-04,1.050516124814748764e-02,8.204671554267406464e-03,-2.380973193794488907e-03,-4.511528823059052229e-05,7.555457763373851776e-03
4.176672175526618958e-02,-2.370460331439971924e-01,-4.608028531074523926e-01,6.305561065673828125e-01,-1.703023165464401245e-01,-4.220010712742805481e-02,2.312803640961647034e-02,2.347727268934249878e-01,3.793440461158752441e-01,-5.557040572166442871e-01,1.665653195232152939e-03,6.732315290719270706e-03,-5.516492761671543121e-03,-1.233035436598584056e-04,1.042293477803468704e-02,8.181431330740451813e-03,-2.370184287428855896e-03,-4.057844125782139599e-05,7.542145904153585434e-03
4.403223469853401184e-02,-2.391503304243087769e-01,-4.404769837856292725e-01,6.127041578292846680e-01,-1.700199693441390991e-01,-3.121154010295867920e-02,6.745842751115560532e-03,2.277553528547286987e-01,4.136949181556701660e-01,-5.678724050521850586e-01,1.614738022908568382e-03,6.706705782562494278e-03,-5.503817927092313766e-03,-1.239516714122146368e-04,1.026284694671630859e-02,8.160758763551712036e-03,-2.359813544899225235e-03,-3.475501216598786414e-05,7.547145709395408630e-03
4.636367410421371460e-02,-2.398319989442825317e-01,-4.206759333610534668e-01,5.934329628944396973e-01,-1.684926897287368774e-01,-1.984978839755058289e-02,-1.048532128334045410e-02,2.185730040073394775e-01,4.483151435852050781e-01,-5.776180624961853027e-01,1.701480825431644917e-03,6.682068575173616409e-03,-5.486967042088508606e-03,-1.284297613892704248e-04,9.843509644269943237e-03,8.142120204865932465e-03,-2.346922643482685089e-03,-3.468908471404574811e-05,7.540624123066663742e-03
4.847183451056480408e-02,-2.391724586486816406e-01,-4.015788733959197998e-01,5.727159976959228516e-01,-1.656717956066131592e-01,-9.144420735538005829e-03,-2.838204428553581238e-02,2.067574113607406616e-01,4.836605489253997803e-01,-5.891278386116027832e-01,1.670386409386992455e-03,6.652401760220527649e-03,-5.468162242323160172e-03,-1.377840962959453464e-04,9.411220438778400421e-03,8.126229047775268555e-03,-2.332956762984395027e-03,-3.852516965707764030e-05,7.525875698775053024e-03
5.030473321676254272e-02,-2.376182228326797485e-01,-3.830834925174713135e-01,5.502964258193969727e-01,-1.613931208848953247e-01,1.593755674548447132e-03,-4.675467684864997864e-02,1.920330673456192017e-01,5.205352902412414551e-01,-6.003163456916809082e-01,1.593670574948191643e-03,6.615923251956701279e-03,-5.447632633149623871e-03,-1.488466659793630242e-04,9.150578640401363373e-03,8.109590038657188416e-03,-2.317594131454825401e-03,-4.358701698947697878e-05,7.514592725783586502e-03
5.197848379611968994e-02,-2.352083325386047363e-01,-3.648751378059387207e-01,5.259911417961120605e-01,-1.556670367717742920e-01,1.352688297629356384e-02,-6.500133872032165527e-02,1.753540635108947754e-01,5.569860935211181641e-01,-6.076659560203552246e-01,1.539625343866646290e-03,6.589899770915508270e-03,-5.422855261713266373e-03,-1.595872017787769437e-04,8.985802531242370605e-03,8.094086311757564545e-03,-2.301004482433199883e-03,-5.210361268837004900e-05,7.506932131946086884e-03
5.221556872129440308e-02,-2.321121096611022949e-01,-3.465202152729034424e-01,4.994032979011535645e-01,-1.482547372579574585e-01,2.149420417845249176e-02,-8.374279737472534180e-02,1.558368355035781860e-01,5.942031741142272949e-01,-6.124390363693237305e-01,5.093714571557939053e-04,6.550844293087720871e-03,-5.407202988862991333e-03,-1.704995083855465055e-04,8.874008432030677795e-03,8.086995221674442291e-03,-2.291415585204958916e-03,-5.609407890005968511e-05,7.502113003283739090e-03
5.314111337065696716e-02,-2.282259464263916016e-01,-3.275626003742218018e-01,4.707446098327636719e-01,-1.395676732063293457e-01,2.924115210771560669e-02,-1.016925573348999023e-01,1.339544504880905151e-01,6.318066716194152832e-01,-6.193513870239257812e-01,5.206061759963631630e-04,6.523290649056434631e-03,-5.379601381719112396e-03,-1.790446403902024031e-04,8.765391074120998383e-03,8.072374388575553894e-03,-2.275613136589527130e-03,-6.913780816830694675e-05,7.499683182686567307e-03
5.399628356099128723e-02,-2.232751101255416870e-01,-3.081342875957489014e-01,4.412093460559844971e-01,-1.302983015775680542e-01,3.278600797057151794e-02,-1.185298189520835876e-01,1.095808148384094238e-01,6.688759922981262207e-01,-6.267858743667602539e-01,4.201193514745682478e-04,6.487845443189144135e-03,-5.355094559490680695e-03,-1.856420858530327678e-04,8.592001162469387054e-03,8.061961270868778229e-03,-2.262952039018273354e-03,-8.095407247310504317e-05,7.504113018512725830e-03
5.518873780965805054e-02,-2.172551900148391724e-01,-2.882779538631439209e-01,4.111458659172058105e-01,-1.206792369484901428e-01,3.440387547016143799e-02,-1.333578675985336304e-01,8.317323774099349976e-02,7.055307030677795410e-01,-6.333441138267517090e-01,5.455857026390731335e-04,6.460966542363166809e-03,-5.321576725691556931e-03,-1.920968352351337671e-04,8.447255939245223999e-03,8.046241477131843567e-03,-2.247478580102324486e-03,-9.594379662303254008e-05,7.510703988373279572e-03
5.622371658682823181e-02,-2.103221565485000610e-01,-2.679245471954345703e-01,3.805590867996215820e-01,-1.106980666518211365e-01,3.383655101060867310e-02,-1.460474580526351929e-01,5.554299801588058472e-02,7.402836084365844727e-01,-6.397559046745300293e-01,4.504985699895769358e-04,6.426529958844184875e-03,-5.292377900332212448e-03,-1.965028641279786825e-04,8.300771936774253845e-03,8.030992932617664337e-03,-2.232878003269433975e-03,-1.095966217690147460e-04,7.520735729485750198e-03
5.755408853292465210e-02,-2.023749351501464844e-01,-2.476638853549957275e-01,3.506473302841186523e-01,-1.010053157806396484e-01,3.188370540738105774e-02,-1.564632058143615723e-01,2.720133028924465179e-02,7.716834545135498047e-01,-6.444333791732788086e-01,5.736008170060813427e-04,6.397782824933528900e-03,-5.249824840575456619e-03,-1.998704392462968826e-04,7.962809875607490540e-03,8.012402802705764771e-03,-2.217653673142194748e-03,-1.254639064427465200e-04,7.518302183598279953e-03
5.854297056794166565e-02,-1.935621201992034912e-01,-2.278977632522583008e-01,3.222084641456604004e-01,-9.196118265390396118e-02,2.786855958402156830e-02,-1.649858951568603516e-01,-7.586150313727557659e-04,7.975003719329833984e-01,-6.485065817832946777e-01,3.602702345233410597e-04,6.329734344035387039e-03,-5.211539100855588913e-03,-2.036617515841498971e-04,7.653834298253059387e-03,7.991476915776729584e-03,-2.205910859629511833e-03,-1.390063989674672484e-04,7.503367029130458832e-03
5.963980406522750854e-02,-1.842205673456192017e-01,-2.085009813308715820e-01,2.951259315013885498e-01,-8.358643203973770142e-02,2.372619882225990295e-02,-1.719005107879638672e-01,-2.787389233708381653e-02,8.183004856109619141e-01,-6.491591334342956543e-01,3.010549698956310749e-04,6.282556336373090744e-03,-5.138865206390619278e-03,-2.079427213175222278e-04,7.505920249968767166e-03,7.967940531671047211e-03,-2.189742866903543472e-03,-1.548641448607668281e-04,7.477761246263980865e-03
6.038438528776168823e-02,-1.745086312294006348e-01,-1.898066848516464233e-01,2.699219286441802979e-01,-7.606731355190277100e-02,1.965443603694438934e-02,-1.773553490638732910e-01,-5.295009166002273560e-02,8.320327997207641602e-01,-6.463600397109985352e-01,-2.212043000326957554e-05,6.213366519659757614e-03,-5.037955008447170258e-03,-2.120173594448715448e-04,7.368282414972782135e-03,7.943594828248023987e-03,-2.176935784518718719e-03,-1.704965688986703753e-04,7.433160208165645599e-03
6.029723957180976868e-02,-1.646812856197357178e-01,-1.719443053007125854e-01,2.465452253818511963e-01,-6.935451179742813110e-02,1.355758402496576309e-02,-1.815755367279052734e-01,-7.688771933317184448e-02,8.399139642715454102e-01,-6.396276950836181641e-01,-8.869908633641898632e-04,6.092682480812072754e-03,-4.913539625704288483e-03,-2.168581995647400618e-04,7.254589814692735672e-03,7.916354574263095856e-03,-2.163009252399206161e-03,-1.872369903139770031e-04,7.368944585323333740e-03
6.064449250698089600e-02,-1.547531187534332275e-01,-1.548091322183609009e-01,2.245697528123855591e-01,-6.330388784408569336e-02,9.149754419922828674e-03,-1.839691102504730225e-01,-9.876012802124023438e-02,8.412892222404479980e-01,-6.304801106452941895e-01,-1.017927424982190132e-03,5.965975578874349594e-03,-4.704959224909543991e-03,-2.212787076132372022e-04,7.120594847947359085e-03,7.886373437941074371e-03,-2.144677564501762390e-03,-2.068273752229288220e-04,7.317417766898870468e-03
6.060174852609634399e-02,-1.449923962354660034e-01,-1.379899531602859497e-01,2.031086087226867676e-01,-5.740552023053169250e-02,3.605539212003350258e-03,-1.847886890172958374e-01,-1.194754764437675476e-01,8.388257026672363281e-01,-6.192539334297180176e-01,-1.358230947516858578e-03,5.913342814892530441e-03,-4.370260518044233322e-03,-2.262689959025010467e-04,7.064035162329673767e-03,7.854977622628211975e-03,-2.126127947121858597e-03,-2.277484309161081910e-04,7.264017593115568161e-03
6.056233868002891541e-02,-1.354643851518630981e-01,-1.217207461595535278e-01,1.828723400831222534e-01,-5.209914594888687134e-02,-2.927131718024611473e-03,-1.841373890638351440e-01,-1.384529620409011841e-01,8.321139216423034668e-01,-6.063191890716552734e-01,-1.459782826714217663e-03,5.854006391018629074e-03,-3.933131694793701172e-03,-2.309406700078397989e-04,6.986098363995552063e-03,7.817891426384449005e-03,-2.106961561366915703e-03,-2.525170566514134407e-04,7.207653950899839401e-03
6.004343926906585693e-02,-1.262023001909255981e-01,-1.059178635478019714e-01,1.638867259025573730e-01,-4.736923426389694214e-02,-1.090790890157222748e-02,-1.818563342094421387e-01,-1.548122316598892212e-01,8.204550147056579590e-01,-5.916767716407775879e-01,-1.856801798567175865e-03,5.799219943583011627e-03,-3.400290617719292641e-03,-2.363829407840967178e-04,6.942831911146640778e-03,7.790592499077320099e-03,-2.086772350594401360e-03,-2.759976487141102552e-04,7.163004484027624130e-03
5.978976190090179443e-02,-1.174082234501838684e-01,-9.065663814544677734e-02,1.463440656661987305e-01,-4.342277348041534424e-02,-2.045812830328941345e-02,-1.780994236469268799e-01,-1.690015494823455811e-01,8.043867945671081543e-01,-5.740393400192260742e-01,-1.761815394274890423e-03,5.759902298450469971e-03,-2.819952322170138359e-03,-2.407168940408155322e-04,6.905185058712959290e-03,7.744160480797290802e-03,-2.061886480078101158e-03,-3.050665836781263351e-04,7.090624421834945679e-03
5.989001691341400146e-02,-1.090989783406257629e-01,-7.528537511825561523e-02,1.288245767354965210e-01,-3.952872008085250854e-02,-3.042275458574295044e-02,-1.728471964597702026e-01,-1.804745048284530640e-01,7.844825983047485352e-01,-5.544078350067138672e-01,-1.330100814811885357e-03,5.759527906775474548e-03,-2.113225171342492104e-03,-2.465782163199037313e-04,6.878039333969354630e-03,7.701101247221231461e-03,-2.028968650847673416e-03,-3.355591907165944576e-04,7.051521446555852890e-03
5.956965684890747070e-02,-1.010358408093452454e-01,-5.974180623888969421e-02,1.108334735035896301e-01,-3.532696887850761414e-02,-4.047297313809394836e-02,-1.657466143369674683e-01,-1.885877847671508789e-01,7.610090374946594238e-01,-5.331232547760009766e-01,-1.302974415011703968e-03,5.749026313424110413e-03,-1.292341738007962704e-03,-2.531789941713213921e-04,6.834915373474359512e-03,7.674200925976037979e-03,-1.996076665818691254e-03,-3.658058412838727236e-04,7.021468598395586014e-03
5.897206440567970276e-02,-9.311992675065994263e-02,-4.496162384748458862e-02,9.374087303876876831e-02,-3.146422281861305237e-02,-5.009211227297782898e-02,-1.567287594079971313e-01,-1.936998218297958374e-01,7.346143722534179688e-01,-5.112571716308593750e-01,-1.382765825837850571e-03,5.715631414204835892e-03,-4.249993653502315283e-04,-2.552428341004997492e-04,6.767641287297010422e-03,7.648365572094917297e-03,-1.961456378921866417e-03,-3.955421561840921640e-04,6.971820257604122162e-03
5.824087560176849365e-02,-8.575753122568130493e-02,-3.106453642249107361e-02,7.779883593320846558e-02,-2.809036895632743835e-02,-6.062927469611167908e-02,-1.467638164758682251e-01,-1.963382363319396973e-01,7.054066658020019531e-01,-4.870894551277160645e-01,-1.427233219146728516e-03,5.717297550290822983e-03,3.714762569870799780e-04,-2.583580790087580681e-04,6.732933223247528076e-03,7.609012536704540253e-03,-1.919327420182526112e-03,-4.280921712052077055e-04,6.857381202280521393e-03
5.823086947202682495e-02,-7.938278466463088989e-02,-1.852347515523433685e-02,6.399562954902648926e-02,-2.577458135783672333e-02,-7.047808170318603516e-02,-1.369881927967071533e-01,-1.965825110673904419e-01,6.739074587821960449e-01,-4.621435999870300293e-01,-7.735703838989138603e-04,5.786012392491102219e-03,1.064118114300072193e-03,-2.568936033640056849e-04,6.711806170642375946e-03,7.503362372517585754e-03,-1.818459597416222095e-03,-4.611715849023312330e-04,6.617565639317035675e-03
5.865932628512382507e-02,-7.402945309877395630e-02,-7.851209491491317749e-03,5.253555998206138611e-02,-2.447264268994331360e-02,-7.819190621376037598e-02,-1.277111470699310303e-01,-1.948970556259155273e-01,6.406163573265075684e-01,-4.363607168197631836e-01,1.145669011748395860e-04,5.934705957770347595e-03,1.700187218375504017e-03,-2.441153192194178700e-04,6.658072117716073990e-03,7.316878531128168106e-03,-1.572939916513860226e-03,-4.863874346483498812e-04,6.322045344859361649e-03
5.828630924224853516e-02,-6.951120495796203613e-02,1.772485440596938133e-03,4.175301641225814819e-02,-2.326104044914245605e-02,-8.497192710638046265e-02,-1.187443211674690247e-01,-1.914899498224258423e-01,6.071777939796447754e-01,-4.099677503108978271e-01,1.414778089383617043e-04,6.029496900737285614e-03,2.263987436890602112e-03,-2.296374150319024920e-04,6.642210297286510468e-03,7.228814065456390381e-03,-1.260666409507393837e-03,-5.089205806143581867e-04,6.225392688065767288e-03
5.771276727318763733e-02,-6.576965004205703735e-02,9.693711064755916595e-03,3.350764140486717224e-02,-2.318503335118293762e-02,-8.812246471643447876e-02,-1.103179529309272766e-01,-1.850126534700393677e-01,5.730224847793579102e-01,-3.867402672767639160e-01,8.471743058180436492e-05,6.044930312782526016e-03,2.706616185605525970e-03,-2.144292957382276654e-04,6.636981852352619171e-03,7.196634076535701752e-03,-9.619789780117571354e-04,-5.294489674270153046e-04,6.168891210108995438e-03
5.682590976357460022e-02,-6.302908807992935181e-02,1.548340357840061188e-02,2.897858619689941406e-02,-2.487574145197868347e-02,-8.995660394430160522e-02,-1.025447696447372437e-01,-1.757908314466476440e-01,5.373471975326538086e-01,-3.642313480377197266e-01,-1.495604374213144183e-04,6.069919560104608536e-03,2.956671407446265221e-03,-2.079973928630352020e-04,6.640597712248563766e-03,7.167436182498931885e-03,-6.782406708225607872e-04,-5.493900971487164497e-04,6.072716787457466125e-03
5.574169754981994629e-02,-6.142545118927955627e-02,1.935513690114021301e-02,2.819802053272724152e-02,-2.842708304524421692e-02,-9.354129433631896973e-02,-9.509028494358062744e-02,-1.651492416858673096e-01,5.016018748283386230e-01,-3.408033847808837891e-01,-4.406653170008212328e-04,6.132083013653755188e-03,3.047242760658264160e-03,-2.108627231791615486e-04,6.655742414295673370e-03,7.139158900827169418e-03,-4.204704600851982832e-04,-5.672263796441257000e-04,6.010055541992187500e-03
5.518646910786628723e-02,-6.086554005742073059e-02,2.153992839157581329e-02,3.096008114516735077e-02,-3.382784873247146606e-02,-9.504485130310058594e-02,-8.809459954500198364e-02,-1.518386602401733398e-01,4.644934237003326416e-01,-3.197606801986694336e-01,-2.450400788802653551e-04,6.278651766479015350e-03,3.139334497973322868e-03,-2.086647145915776491e-04,6.663140375167131424e-03,7.075586356222629547e-03,-1.263818121515214443e-04,-5.777621991001069546e-04,5.948008969426155090e-03
5.399050191044807434e-02,-6.128223240375518799e-02,2.193070761859416962e-02,3.767988458275794983e-02,-4.121216386556625366e-02,-9.576998651027679443e-02,-8.186785876750946045e-02,-1.359661072492599487e-01,4.267802536487579346e-01,-3.004805445671081543e-01,-6.524315685965120792e-04,6.383804604411125183e-03,3.206335240975022316e-03,-2.138074487447738647e-04,6.690163165330886841e-03,7.042803335934877396e-03,2.128350024577230215e-04,-5.861134850420057774e-04,5.898997653275728226e-03
5.355589836835861206e-02,-6.272593140602111816e-02,2.195851691067218781e-02,4.655772447586059570e-02,-4.993773996829986572e-02,-9.486290812492370605e-02,-7.690665125846862793e-02,-1.180705875158309937e-01,3.892877399921417236e-01,-2.820824086666107178e-01,-2.690739347599446774e-04,6.447649095207452774e-03,3.276069648563861847e-03,-2.136292168870568275e-04,6.716658826917409897e-03,6.928646005690097809e-03,5.710726254619657993e-04,-5.875598872080445290e-04,5.866977851837873459e-03
5.271736904978752136e-02,-6.513160467147827148e-02,2.083412744104862213e-02,5.908312648534774780e-02,-6.065263226628303528e-02,-9.515108913183212280e-02,-7.338403910398483276e-02,-9.890857338905334473e-02,3.523060381412506104e-01,-2.609912157058715820e-01,-3.311338659841567278e-04,6.471424363553524017e-03,3.318535862490534782e-03,-2.150602231267839670e-04,6.756148766726255417e-03,6.829706951975822449e-03,8.783399825915694237e-04,-5.855929921381175518e-04,5.813709460198879242e-03
5.149442330002784729e-02,-6.794749200344085693e-02,1.788846589624881744e-02,7.587804645299911499e-02,-7.356799393892288208e-02,-9.480689465999603271e-02,-7.077827304601669312e-02,-7.887718826532363892e-02,3.160242140293121338e-01,-2.394321113824844360e-01,-5.957483663223683834e-04,6.465610116720199585e-03,3.343418939039111137e-03,-2.074195363093167543e-04,6.665567867457866669e-03,6.817254237830638885e-03,9.917162824422121048e-04,-5.904912250116467476e-04,5.783208180218935013e-03
5.055125430226325989e-02,-7.085815817117691040e-02,1.368599105626344681e-02,9.520728886127471924e-02,-8.777703344821929932e-02,-9.175661951303482056e-02,-6.888358294963836670e-02,-5.869231745600700378e-02,2.803133130073547363e-01,-2.172365933656692505e-01,-4.620811669155955315e-04,6.460634060204029083e-03,3.375332569703459740e-03,-1.953037717612460256e-04,6.549752783030271530e-03,6.807635538280010223e-03,1.043860916979610920e-03,-6.096884608268737793e-04,5.742549430578947067e-03
4.971640184521675110e-02,-7.181135565042495728e-02,1.040833443403244019e-02,1.153863891959190369e-01,-1.127955317497253418e-01,-9.257205575704574585e-02,-6.955588608980178833e-02,-4.814915731549263000e-02,2.725079953670501709e-01,-2.097780704498291016e-01,-1.424605376087129116e-03,6.556988693773746490e-03,1.836461829952895641e-03,-1.248565531568601727e-04,8.864952251315116882e-03,7.293677888810634613e-03,1.721989101497456431e-04,-5.699675530195236206e-04,9.896348230540752411e-03
4.592715203762054443e-02,-6.863965839147567749e-02,8.647830225527286530e-03,1.352659910917282104e-01,-1.425158679485321045e-01,-9.552186727523803711e-02,-6.819500029087066650e-02,-2.820901758968830109e-02,2.529935538768768311e-01,-2.068601548671722412e-01,-2.167224185541272163e-03,6.758381146937608719e-03,-8.098838734440505505e-04,-1.304086472373455763e-04,8.878001943230628967e-03,9.057324379682540894e-03,-4.307528724893927574e-04,-5.633019609376788139e-04,1.016334816813468933e-02
3.824372217059135437e-02,-6.343115866184234619e-02,3.307836130261421204e-03,1.589304953813552856e-01,-1.652368158102035522e-01,-9.685444086790084839e-02,-6.591739505529403687e-02,-6.850454490631818771e-03,2.271637618541717529e-01,-1.999060511589050293e-01,-1.677051652222871780e-03,6.744781509041786194e-03,-2.699007978662848473e-03,-1.405764633091166615e-04,8.594810031354427338e-03,9.378744289278984070e-03,-5.794363678433001041e-04,-5.628229700960218906e-04,1.003768481314182281e-02
2.893144637346267700e-02,-5.677337944507598877e-02,-6.403203122317790985e-03,1.860616505146026611e-01,-1.842976063489913940e-01,-9.753884375095367432e-02,-6.323149055242538452e-02,1.395240705460309982e-02,1.985422521829605103e-01,-1.912988722324371338e-01,-9.211946744471788406e-04,6.729862187057733536e-03,-3.761363914236426353e-03,-1.572715118527412415e-04,8.029681630432605743e-03,9.362533688545227051e-03,-6.082668551243841648e-04,-5.628415383398532867e-04,9.369078092277050018e-03
2.013892680406570435e-02,-4.863402247428894043e-02,-2.065881900489330292e-02,2.159475386142730713e-01,-1.972852945327758789e-01,-9.830088168382644653e-02,-6.028148531913757324e-02,3.338334709405899048e-02,1.692496985197067261e-01,-1.819405555725097656e-01,-5.630852538160979748e-04,6.714116781949996948e-03,-4.090218804776668549e-03,-1.675694511504843831e-04,7.213422097265720367e-03,9.346599690616130829e-03,-6.325001595541834831e-04,-5.613710964098572731e-04,8.386692963540554047e-03
1.253181509673595428e-02,-3.896782919764518738e-02,-3.825081884860992432e-02,2.477620542049407959e-01,-2.079387307167053223e-01,-9.843719750642776489e-02,-5.708582326769828796e-02,5.081916600465774536e-02,1.415908336639404297e-01,-1.730622500181198120e-01,1.655098021728917956e-04,6.700955796986818314e-03,-4.115423187613487244e-03,-1.576991489855572581e-04,6.523010786622762680e-03,9.310051798820495605e-03,-6.607394316233694553e-04,-5.572947557084262371e-04,7.588854990899562836e-03
7.272156421095132828e-03,-2.819853648543357849e-02,-5.844618007540702820e-02,2.809503078460693359e-01,-2.174958288669586182e-01,-9.772697836160659790e-02,-5.371484905481338501e-02,6.630156934261322021e-02,1.167629882693290710e-01,-1.653935760259628296e-01,1.331183244474232197e-03,6.691130809485912323e-03,-4.132657777518033981e-03,-1.481321960454806685e-04,6.245537661015987396e-03,9.129533544182777405e-03,-6.904262700118124485e-04,-5.543196457438170910e-04,7.300554774701595306e-03
3.644941374659538269e-03,-1.687780767679214478e-02,-8.156789839267730713e-02,3.161313831806182861e-01,-2.258232682943344116e-01,-9.811885654926300049e-02,-5.030618235468864441e-02,8.108040690422058105e-02,9.383647143840789795e-02,-1.588902622461318970e-01,1.090412144549190998e-03,6.681019440293312073e-03,-4.157758317887783051e-03,-1.365461648674681783e-04,6.156242452561855316e-03,8.954577147960662842e-03,-7.501731161028146744e-04,-5.473668570630252361e-04,7.157220039516687393e-03
1.233873073942959309e-03,-5.266479216516017914e-03,-1.067591384053230286e-01,3.526109755039215088e-01,-2.370687574148178101e-01,-9.858674556016921997e-02,-4.695521667599678040e-02,9.476716071367263794e-02,7.380335777997970581e-02,-1.539532244205474854e-01,8.260593167506158352e-04,6.676047574728727341e-03,-4.196096211671829224e-03,-1.285245525650680065e-04,6.089415401220321655e-03,8.941757492721080780e-03,-8.930552867241203785e-04,-5.373767344281077385e-04,7.033969275653362274e-03
1.368563098367303610e-04,6.578151602298021317e-03,-1.338373124599456787e-01,3.901307284832000732e-01,-2.494124323129653931e-01,-9.859704971313476562e-02,-4.360748827457427979e-02,1.076019033789634705e-01,5.628413334488868713e-02,-1.503805965185165405e-01,9.043171303346753120e-04,6.673816591501235962e-03,-4.231483209878206253e-03,-1.204780928674153984e-04,6.040190812200307846e-03,8.932825177907943726e-03,-1.072789425961673260e-03,-5.280977929942309856e-04,6.938450504094362259e-03
1.020882162265479565e-03,1.828236877918243408e-02,-1.631049364805221558e-01,4.288556575775146484e-01,-2.601044178009033203e-01,-9.840126335620880127e-02,-4.020329937338829041e-02,1.205627173185348511e-01,3.955212235450744629e-02,-1.473805904388427734e-01,1.008487539365887642e-03,6.671373266726732254e-03,-4.272970836609601974e-03,-1.118569853133521974e-04,6.007197313010692596e-03,8.930619806051254272e-03,-1.248831278644502163e-03,-5.196654237806797028e-04,6.874996703118085861e-03
1.488400157541036606e-03,2.946469187736511230e-02,-1.943397074937820435e-01,4.680027663707733154e-01,-2.728227078914642334e-01,-9.875363856554031372e-02,-3.688926249742507935e-02,1.326672732830047607e-01,2.516148984432220459e-02,-1.457185894250869751e-01,4.972423776052892208e-04,6.666776258498430252e-03,-4.330006428062915802e-03,-1.047106343321502209e-04,5.983481183648109436e-03,8.928388357162475586e-03,-1.472292584367096424e-03,-5.090993363410234451e-04,6.759474053978919983e-03
1.997363986447453499e-03,3.977326676249504089e-02,-2.278860062360763550e-01,5.080446004867553711e-01,-2.859015166759490967e-01,-9.924518316984176636e-02,-3.376122564077377319e-02,1.431346237659454346e-01,1.414590235799551010e-02,-1.458277553319931030e-01,-3.168006514897570014e-05,6.663036532700061798e-03,-4.406430758535861969e-03,-1.010539126582443714e-04,5.964439827948808670e-03,8.928169496357440948e-03,-1.782679348252713680e-03,-4.975123447366058826e-04,6.646356079727411270e-03
5.526545923203229904e-03,4.856530949473381042e-02,-2.643282711505889893e-01,5.489811897277832031e-01,-2.976757287979125977e-01,-9.975305199623107910e-02,-3.077013045549392700e-02,1.525939553976058960e-01,5.352248903363943100e-03,-1.471633315086364746e-01,-4.626743029803037643e-04,6.660738028585910797e-03,-4.464017692953348160e-03,-9.436628897674381733e-05,5.956028588116168976e-03,8.927187882363796234e-03,-2.100582001730799675e-03,-4.895744496025145054e-04,6.577736698091030121e-03
1.190801989287137985e-02,5.587675422430038452e-02,-3.031835854053497314e-01,5.896832942962646484e-01,-3.080376386642456055e-01,-1.002492830157279968e-01,-2.764170616865158081e-02,1.609380096197128296e-01,-1.161427819170057774e-03,-1.497208476066589355e-01,-7.260545389726758003e-04,6.657727994024753571e-03,-4.529594909399747849e-03,-8.791370055405423045e-05,5.903224926441907883e-03,8.929385803639888763e-03,-2.381291706115007401e-03,-4.790466336999088526e-04,6.539555732160806656e-03
2.006352320313453674e-02,6.146132200956344604e-02,-3.435610532760620117e-01,6.297239661216735840e-01,-3.218370079994201660e-01,-1.005516722798347473e-01,-2.440771460533142090e-02,1.674093306064605713e-01,-4.086353350430727005e-03,-1.541337221860885620e-01,-7.619613315910100937e-04,6.659273989498615265e-03,-4.575241822749376297e-03,-7.872792775742709637e-05,5.883533507585525513e-03,8.931353688240051270e-03,-2.585685811936855316e-03,-4.704910679720342159e-04,6.489654071629047394e-03
3.184235841035842896e-02,6.438920646905899048e-02,-3.846623897552490234e-01,6.675125360488891602e-01,-3.351778686046600342e-01,-1.003426313400268555e-01,-2.126816660165786743e-02,1.726516485214233398e-01,-4.311290569603443146e-03,-1.599808633327484131e-01,-3.909300139639526606e-04,6.671936716884374619e-03,-4.598665982484817505e-03,-6.653249874943867326e-05,5.896125454455614090e-03,8.934525772929191589e-03,-2.671779831871390343e-03,-4.627989837899804115e-04,6.456189323216676712e-03
4.250445216894149780e-02,6.510115414857864380e-02,-4.244124293327331543e-01,6.993964910507202148e-01,-3.473578393459320068e-01,-1.009717956185340881e-01,-1.840335875749588013e-02,1.765586435794830322e-01,-1.682750065810978413e-03,-1.674507409334182739e-01,-8.575643296353518963e-04,6.672486662864685059e-03,-4.629286937415599823e-03,-5.695499203284271061e-05,5.917273461818695068e-03,8.936996571719646454e-03,-2.740155672654509544e-03,-4.581531393341720104e-04,6.388070061802864075e-03
5.117353051900863647e-02,6.376831233501434326e-02,-4.616717696189880371e-01,7.263296842575073242e-01,-3.576882481575012207e-01,-1.017267107963562012e-01,-1.592748425900936127e-02,1.799265295267105103e-01,2.262932015582919121e-03,-1.757262498140335083e-01,-1.208919566124677658e-03,6.673660129308700562e-03,-4.659981932491064072e-03,-4.618159073288552463e-05,5.955646280199289322e-03,8.940719999372959137e-03,-2.815744606778025627e-03,-4.584426933433860540e-04,6.351572461426258087e-03
6.008249893784523010e-02,5.999584123492240906e-02,-4.961414635181427002e-01,7.488617897033691406e-01,-3.641275763511657715e-01,-1.016718372702598572e-01,-1.372615434229373932e-02,1.821966171264648438e-01,8.560333400964736938e-03,-1.852366626262664795e-01,-7.565343985334038734e-04,6.686964072287082672e-03,-4.681135062128305435e-03,-3.256259515183046460e-05,5.953671410679817200e-03,8.942939341068267822e-03,-2.863744739443063736e-03,-4.509123682510107756e-04,6.338232196867465973e-03
6.792650371789932251e-02,5.398550257086753845e-02,-5.271826386451721191e-01,7.657902836799621582e-01,-3.673076331615447998e-01,-1.017055511474609375e-01,-1.168412249535322189e-02,1.840860098600387573e-01,1.589271053671836853e-02,-1.954168975353240967e-01,-5.810642614960670471e-04,6.699779070913791656e-03,-4.701255820691585541e-03,-1.922471892612520605e-05,5.948361009359359741e-03,8.944033645093441010e-03,-2.899176208302378654e-03,-4.439566982910037041e-04,6.319658365100622177e-03
7.388006150722503662e-02,4.616579040884971619e-02,-5.552535057067871094e-01,7.780414223670959473e-01,-3.660660386085510254e-01,-1.020325794816017151e-01,-9.563764557242393494e-03,1.847657263278961182e-01,2.535214088857173920e-02,-2.067719101905822754e-01,-7.180216489359736443e-04,6.703946739435195923e-03,-4.726585000753402710e-03,-8.319462722283788025e-06,5.887475330382585526e-03,8.944268338382244110e-03,-2.943194005638360977e-03,-4.355641722213476896e-04,6.281803827732801437e-03
8.022290468215942383e-02,3.604426234960556030e-02,-5.808033943176269531e-01,7.861121296882629395e-01,-3.627415001392364502e-01,-1.020277664065361023e-01,-7.158891297876834869e-03,1.849403977394104004e-01,3.527348488569259644e-02,-2.183690220117568970e-01,-5.544536397792398930e-04,6.716712377965450287e-03,-4.745681304484605789e-03,2.622321062517585233e-06,5.821303930133581161e-03,8.947937749326229095e-03,-2.972379326820373535e-03,-4.296265251468867064e-04,6.270509678870439529e-03
8.459464460611343384e-02,2.454457059502601624e-02,-6.034350991249084473e-01,7.896566390991210938e-01,-3.555562496185302734e-01,-1.021892577409744263e-01,-4.361712373793125153e-03,1.850426197052001953e-01,4.463738203048706055e-02,-2.297492772340774536e-01,-6.119051249697804451e-04,6.720288190990686417e-03,-4.769113846123218536e-03,1.133461319113848731e-05,5.737970117479562759e-03,8.951349183917045593e-03,-3.006410785019397736e-03,-4.218441608827561140e-04,6.254721432924270630e-03
8.560938388109207153e-02,1.192122232168912888e-02,-6.231321692466735840e-01,7.896918654441833496e-01,-3.466417789459228516e-01,-1.030645519495010376e-01,-1.113664358854293823e-03,1.852954924106597900e-01,5.297346785664558411e-02,-2.407137900590896606e-01,-1.236031646840274334e-03,6.713315378874540329e-03,-4.800899419933557510e-03,1.375852843921165913e-05,5.665907636284828186e-03,8.963963016867637634e-03,-3.049854421988129616e-03,-4.128208965994417667e-04,6.225961260497570038e-03
8.542576432228088379e-02,-2.472419524565339088e-03,-6.401301026344299316e-01,7.883218526840209961e-01,-3.360931277275085449e-01,-1.039816886186599731e-01,2.691772766411304474e-03,1.854911148548126221e-01,6.103710457682609558e-02,-2.516515552997589111e-01,-1.623253570869565010e-03,6.707569584250450134e-03,-4.826436750590801239e-03,1.576299655425827950e-05,5.605417769402265549e-03,8.974884636700153351e-03,-3.085235599428415298e-03,-4.036674508824944496e-04,6.231735460460186005e-03
8.548149466514587402e-02,-1.897403970360755920e-02,-6.538128852844238281e-01,7.844300270080566406e-01,-3.230919241905212402e-01,-1.046676859259605408e-01,7.102264557033777237e-03,1.857401579618453979e-01,6.903161108493804932e-02,-2.626684308052062988e-01,-1.645298209041357040e-03,6.710990797728300095e-03,-4.844931885600090027e-03,2.072431561828125268e-05,5.544850137084722519e-03,8.980237878859043121e-03,-3.113385755568742752e-03,-3.966631775256246328e-04,6.242294330149888992e-03
8.490051329135894775e-02,-3.674662858247756958e-02,-6.644009351730346680e-01,7.788285613059997559e-01,-3.090422749519348145e-01,-1.056164056062698364e-01,1.241749245673418045e-02,1.861469596624374390e-01,7.696146517992019653e-02,-2.738772332668304443e-01,-1.813823590055108070e-03,6.704492028802633286e-03,-4.865295719355344772e-03,2.251058504043612629e-05,5.450813099741935730e-03,8.989495225250720978e-03,-3.142823232337832451e-03,-3.880055155605077744e-04,6.263893563300371170e-03
8.448571711778640747e-02,-5.512500926852226257e-02,-6.713527441024780273e-01,7.714441418647766113e-01,-2.960639894008636475e-01,-1.064816266298294067e-01,1.890829205513000488e-02,1.878973394632339478e-01,8.300385624170303345e-02,-2.844010591506958008e-01,-1.792094088159501553e-03,6.703091785311698914e-03,-4.879647400230169296e-03,2.560982829891145229e-05,5.366915371268987656e-03,8.999966084957122803e-03,-3.168949391692876816e-03,-3.803508298005908728e-04,6.318810861557722092e-03
8.260051906108856201e-02,-7.323537021875381470e-02,-6.740804314613342285e-01,7.621296644210815430e-01,-2.807959020137786865e-01,-1.076516732573509216e-01,2.640154957771301270e-02,1.902937293052673340e-01,8.898194134235382080e-02,-2.952483594417572021e-01,-1.994822872802615166e-03,6.697461009025573730e-03,-4.893463104963302612e-03,2.574898462626151741e-05,5.328562576323747635e-03,9.008952416479587555e-03,-3.193151205778121948e-03,-3.707076539285480976e-04,6.343062501400709152e-03
7.962447404861450195e-02,-9.077839553356170654e-02,-6.734880208969116211e-01,7.525516748428344727e-01,-2.660443782806396484e-01,-1.090655848383903503e-01,3.499340638518333435e-02,1.931877732276916504e-01,9.520429372787475586e-02,-3.065736591815948486e-01,-2.244618721306324005e-03,6.693882402032613754e-03,-4.908402450382709503e-03,2.625988236104603857e-05,5.224991589784622192e-03,9.023775346577167511e-03,-3.220215439796447754e-03,-3.574454458430409431e-04,6.361196283251047134e-03
7.853664457798004150e-02,-1.079720184206962585e-01,-6.699091792106628418e-01,7.423191666603088379e-01,-2.493930459022521973e-01,-1.096343323588371277e-01,4.484612122178077698e-02,1.968704313039779663e-01,1.011348813772201538e-01,-3.180426359176635742e-01,-1.574481371790170670e-03,6.699148565530776978e-03,-4.913497716188430786e-03,3.159581319778226316e-05,5.174998659640550613e-03,9.038074873387813568e-03,-3.238275181502103806e-03,-3.454170655459165573e-04,6.390983238816261292e-03
7.483438402414321899e-02,-1.230797618627548218e-01,-6.619473099708557129e-01,7.296670675277709961e-01,-2.340463399887084961e-01,-1.102329418063163757e-01,5.531384050846099854e-02,2.005041688680648804e-01,1.088851466774940491e-01,-3.308188617229461670e-01,-1.051369123160839081e-03,6.705359555780887604e-03,-4.916649777442216873e-03,3.839631608570925891e-05,5.171482451260089874e-03,9.041840210556983948e-03,-3.250008681789040565e-03,-3.330194449517875910e-04,6.368561182171106339e-03
7.062183320522308350e-02,-1.373936831951141357e-01,-6.495249271392822266e-01,7.156567573547363281e-01,-2.185624092817306519e-01,-1.103937551379203796e-01,6.578607112169265747e-02,2.046207487583160400e-01,1.181078106164932251e-01,-3.447996675968170166e-01,-2.375242474954575300e-04,6.719470955431461334e-03,-4.914223216474056244e-03,4.934948447044007480e-05,5.209280643612146378e-03,9.042220190167427063e-03,-3.253570524975657463e-03,-3.219950594939291477e-04,6.347980350255966187e-03
6.771145761013031006e-02,-1.507867276668548584e-01,-6.327401399612426758e-01,6.999979019165039062e-01,-2.028528302907943726e-01,-1.094420775771141052e-01,7.609629631042480469e-02,2.079728841781616211e-01,1.311321705579757690e-01,-3.610900342464447021e-01,1.347265322692692280e-03,6.757331546396017075e-03,-4.902081098407506943e-03,6.162368663353845477e-05,5.220168270170688629e-03,8.923475630581378937e-03,-3.237819066271185875e-03,-3.142051282338798046e-04,6.310350261628627777e-03
6.278963387012481689e-02,-1.619448065757751465e-01,-6.119402050971984863e-01,6.823307275772094727e-01,-1.842188090085983276e-01,-1.092872619628906250e-01,8.599691092967987061e-02,2.110703140497207642e-01,1.472186446189880371e-01,-3.795293271541595459e-01,1.798618119210004807e-03,6.773063447326421738e-03,-4.891089163720607758e-03,7.414796709781512618e-05,5.229826085269451141e-03,8.803656324744224548e-03,-3.226544242352247238e-03,-3.075806889683008194e-04,6.185120902955532074e-03
5.906231701374053955e-02,-1.711513400077819824e-01,-5.868473052978515625e-01,6.623292565345764160e-01,-1.648218482732772827e-01,-1.083113625645637512e-01,9.533914178609848022e-02,2.139727920293807983e-01,1.662411987781524658e-01,-3.999212086200714111e-01,2.777490532025694847e-03,6.798551883548498154e-03,-4.875920247286558151e-03,8.774664456723257899e-05,5.238262936472892761e-03,8.779009804129600525e-03,-3.185146255418658257e-03,-3.013934183400124311e-04,6.129425484687089920e-03
5.539286881685256958e-02,-1.779804080724716187e-01,-5.578899383544921875e-01,6.398696303367614746e-01,-1.444227248430252075e-01,-1.072197780013084412e-01,1.039774641394615173e-01,2.172840386629104614e-01,1.870431602001190186e-01,-4.217686355113983154e-01,3.459558822214603424e-03,6.824498996138572693e-03,-4.859661217778921127e-03,1.022022115648724139e-04,5.240405909717082977e-03,8.763130754232406616e-03,-3.149162512272596359e-03,-2.959399425890296698e-04,6.045712623745203018e-03
5.098805949091911316e-02,-1.823669224977493286e-01,-5.260179042816162109e-01,6.154107451438903809e-01,-1.251229792833328247e-01,-1.064316555857658386e-01,1.113923266530036926e-01,2.197592854499816895e-01,2.111487090587615967e-01,-4.457397460937500000e-01,4.065710585564374924e-03,6.849329452961683273e-03,-4.842291586101055145e-03,1.163391279987990856e-04,5.231527145951986313e-03,8.718675933778285980e-03,-3.133385209366679192e-03,-2.921897976193577051e-04,5.720830056816339493e-03
4.775236546993255615e-02,-1.808855682611465454e-01,-5.188283324241638184e-01,6.285462975502014160e-01,-1.221300065517425537e-01,-1.075116991996765137e-01,1.141347140073776245e-01,2.216841131448745728e-01,2.340717315673828125e-01,-4.663177728652954102e-01,1.928960555233061314e-03,6.729102693498134613e-03,-4.648752976208925247e-03,1.103087779483757913e-04,9.046976454555988312e-03,8.221917785704135895e-03,-2.667144406586885452e-03,-3.595940070226788521e-04,6.776610855013132095e-03
4.766571149230003357e-02,-1.842216402292251587e-01,-5.148160457611083984e-01,6.468303203582763672e-01,-1.409060806035995483e-01,-1.053106933832168579e-01,1.065175533294677734e-01,2.216052711009979248e-01,2.545620501041412354e-01,-4.773102104663848877e-01,1.274374197237193584e-03,6.771247368305921555e-03,-4.644569940865039825e-03,1.077650595107115805e-04,1.090671867132186890e-02,8.180841803550720215e-03,-2.588879317045211792e-03,-3.373631043359637260e-04,7.021013647317886353e-03
4.752965271472930908e-02,-1.893555372953414917e-01,-5.052993297576904297e-01,6.520152091979980469e-01,-1.528370231389999390e-01,-9.688185900449752808e-02,9.651904553174972534e-02,2.205131649971008301e-01,2.755079269409179688e-01,-4.912005960941314697e-01,1.025031320750713348e-03,6.774196401238441467e-03,-4.630388226360082626e-03,1.131604731199331582e-04,1.092150341719388962e-02,8.117607794702053070e-03,-2.564570633694529533e-03,-3.159271145705133677e-04,7.185500580817461014e-03
4.791587591171264648e-02,-1.950433701276779175e-01,-4.914845526218414307e-01,6.482347846031188965e-01,-1.601066440343856812e-01,-8.495184034109115601e-02,8.482365310192108154e-02,2.186949104070663452e-01,2.996188402175903320e-01,-5.042604207992553711e-01,1.046406221576035023e-03,6.772771477699279785e-03,-4.615737590938806534e-03,1.182358173537068069e-04,1.085995510220527649e-02,8.064757101237773895e-03,-2.547236857935786247e-03,-3.002312732860445976e-04,7.314577698707580566e-03
4.952294379472732544e-02,-2.005747705698013306e-01,-4.744100570678710938e-01,6.385643482208251953e-01,-1.643144637346267700e-01,-7.039488852024078369e-02,7.153119146823883057e-02,2.162953019142150879e-01,3.273456394672393799e-01,-5.176612734794616699e-01,1.787130138836801052e-03,6.768691819161176682e-03,-4.594310186803340912e-03,1.226171298185363412e-04,1.079055387526750565e-02,8.025789633393287659e-03,-2.529132412746548653e-03,-2.919556864071637392e-04,7.375484798103570938e-03
5.133735388517379761e-02,-2.054302394390106201e-01,-4.550592899322509766e-01,6.249231100082397461e-01,-1.665258109569549561e-01,-5.670961737632751465e-02,5.639767274260520935e-02,2.134668380022048950e-01,3.576415479183197021e-01,-5.309135317802429199e-01,2.080517588183283806e-03,6.759026087820529938e-03,-4.575510974973440170e-03,1.263695594388991594e-04,1.072572264820337296e-02,7.997791282832622528e-03,-2.512858947739005089e-03,-2.850728633347898722e-04,7.385511882603168488e-03
5.290661007165908813e-02,-2.091597765684127808e-01,-4.346564710140228271e-01,6.083958148956298828e-01,-1.669831126928329468e-01,-4.543346911668777466e-02,3.949105367064476013e-02,2.096215039491653442e-01,3.892315328121185303e-01,-5.442542433738708496e-01,1.986338058486580849e-03,6.738613825291395187e-03,-4.564068745821714401e-03,1.296832488151267171e-04,1.058848947286605835e-02,7.984579540789127350e-03,-2.499594353139400482e-03,-2.761126670520752668e-04,7.404691539704799652e-03
5.455253273248672485e-02,-2.115319371223449707e-01,-4.141964614391326904e-01,5.897650122642517090e-01,-1.659143716096878052e-01,-3.451615944504737854e-02,2.136804163455963135e-02,2.036107778549194336e-01,4.230786561965942383e-01,-5.566814541816711426e-01,1.982341054826974869e-03,6.712667644023895264e-03,-4.548359662294387817e-03,1.292003435082733631e-04,1.033698115497827530e-02,7.969140075147151947e-03,-2.481973031535744667e-03,-2.723903162404894829e-04,7.423444651067256927e-03
5.679989233613014221e-02,-2.123171240091323853e-01,-3.944295048713684082e-01,5.696226358413696289e-01,-1.635803282260894775e-01,-2.252637408673763275e-02,2.771638799458742142e-03,1.945630908012390137e-01,4.593485891819000244e-01,-5.695286989212036133e-01,2.563664922490715981e-03,6.692312657833099365e-03,-4.525673110038042068e-03,1.252394140465185046e-04,9.700185619294643402e-03,7.955027744174003601e-03,-2.461341675370931625e-03,-2.760976494755595922e-04,7.421645801514387131e-03
5.878492072224617004e-02,-2.116608470678329468e-01,-3.754451572895050049e-01,5.480118989944458008e-01,-1.598895043134689331e-01,-1.082341279834508896e-02,-1.618802547454833984e-02,1.828757077455520630e-01,4.963673055171966553e-01,-5.799963474273681641e-01,2.698549767956137657e-03,6.666183006018400192e-03,-4.501303192228078842e-03,1.167411901406012475e-04,9.135774336755275726e-03,7.938510738313198090e-03,-2.438677940517663956e-03,-2.817375061567872763e-04,7.423599250614643097e-03
6.012703105807304382e-02,-2.099654674530029297e-01,-3.567004799842834473e-01,5.246108174324035645e-01,-1.547910124063491821e-01,4.766814236063510180e-04,-3.540510684251785278e-02,1.694880276918411255e-01,5.329263806343078613e-01,-5.888134837150573730e-01,2.382724313065409660e-03,6.626889109611511230e-03,-4.482798743993043900e-03,1.058154884958639741e-04,8.939526043832302094e-03,7.928193546831607819e-03,-2.420178148895502090e-03,-2.860674867406487465e-04,7.431233301758766174e-03
6.083722785115242004e-02,-2.072840034961700439e-01,-3.379502892494201660e-01,4.994427263736724854e-01,-1.483501344919204712e-01,8.510229177772998810e-03,-5.492247641086578369e-02,1.534389555454254150e-01,5.704314112663269043e-01,-5.972171425819396973e-01,1.909305690787732601e-03,6.587517447769641876e-03,-4.466059152036905289e-03,9.638945630285888910e-05,8.803501725196838379e-03,7.919015362858772278e-03,-2.405088162049651146e-03,-2.926519955508410931e-04,7.431537378579378128e-03
6.229929625988006592e-02,-2.036297917366027832e-01,-3.191640675067901611e-01,4.728378355503082275e-01,-1.408921778202056885e-01,1.664380915462970734e-02,-7.381411641836166382e-02,1.351629346609115601e-01,6.076481342315673828e-01,-6.045392155647277832e-01,2.276113955304026604e-03,6.566485390067100525e-03,-4.436377435922622681e-03,8.841223461786285043e-05,8.655228652060031891e-03,7.900184951722621918e-03,-2.382948063313961029e-03,-3.073287662118673325e-04,7.425826508551836014e-03
6.281857937574386597e-02,-1.990075260400772095e-01,-3.006048202514648438e-01,4.454328715801239014e-01,-1.326522231101989746e-01,2.187564782798290253e-02,-9.192836284637451172e-02,1.148068085312843323e-01,6.446174979209899902e-01,-6.125922799110412598e-01,1.766815083101391792e-03,6.498523056507110596e-03,-4.415890667587518692e-03,8.062777487793937325e-05,8.462361060082912445e-03,7.887898944318294525e-03,-2.367290435358881950e-03,-3.148636897094547749e-04,7.419103756546974182e-03
6.358214467763900757e-02,-1.935409009456634521e-01,-2.816219329833984375e-01,4.170537889003753662e-01,-1.237614676356315613e-01,2.528378367424011230e-02,-1.089746877551078796e-01,9.255053848028182983e-02,6.811795830726623535e-01,-6.198902130126953125e-01,1.679481123574078083e-03,6.457499228417873383e-03,-4.388615023344755173e-03,7.368277147179469466e-05,8.364872075617313385e-03,7.870408706367015839e-03,-2.348078880459070206e-03,-3.283625701442360878e-04,7.429472636431455612e-03
6.465152651071548462e-02,-1.871069520711898804e-01,-2.620479464530944824e-01,3.879984021186828613e-01,-1.144685149192810059e-01,2.580126002430915833e-02,-1.243845447897911072e-01,6.870982050895690918e-02,7.155292630195617676e-01,-6.262632012367248535e-01,1.746191992424428463e-03,6.430526264011859894e-03,-4.357587080448865891e-03,6.807465251768007874e-05,8.237740956246852875e-03,7.856441661715507507e-03,-2.328694332391023636e-03,-3.445216570980846882e-04,7.439757231622934341e-03
6.508897989988327026e-02,-1.794242262840270996e-01,-2.421858608722686768e-01,3.586099147796630859e-01,-1.048627942800521851e-01,2.362369932234287262e-02,-1.369547694921493530e-01,4.367593675851821899e-02,7.476571202278137207e-01,-6.320314407348632812e-01,1.204252708703279495e-03,6.369695998728275299e-03,-4.331777337938547134e-03,6.286719872150570154e-05,8.087134920060634613e-03,7.844410836696624756e-03,-2.308648312464356422e-03,-3.558952594175934792e-04,7.461281493306159973e-03
6.593404710292816162e-02,-1.707969456911087036e-01,-2.219907641410827637e-01,3.290055990219116211e-01,-9.509886801242828369e-02,2.017786353826522827e-02,-1.470607966184616089e-01,1.785158179700374603e-02,7.762300372123718262e-01,-6.365268826484680176e-01,1.216840231791138649e-03,6.322895176708698273e-03,-4.296072758734226227e-03,5.929332837695255876e-05,7.932513952255249023e-03,7.823709398508071899e-03,-2.288309391587972641e-03,-3.731747274287045002e-04,7.462014909833669662e-03
6.690816581249237061e-02,-1.614074707031250000e-01,-2.021158635616302490e-01,3.002626299858093262e-01,-8.572704344987869263e-02,1.492322701960802078e-02,-1.551243513822555542e-01,-8.058247156441211700e-03,7.988355755805969238e-01,-6.369582414627075195e-01,1.241163932718336582e-03,6.291489582508802414e-03,-4.246587399393320084e-03,5.608912397292442620e-05,7.648052647709846497e-03,7.802051957696676254e-03,-2.268127631396055222e-03,-3.906917409040033817e-04,7.436840794980525970e-03
6.722043454647064209e-02,-1.512033641338348389e-01,-1.824261248111724854e-01,2.720708250999450684e-01,-7.650291919708251953e-02,8.831175975501537323e-03,-1.605957597494125366e-01,-3.243271633982658386e-02,8.139854073524475098e-01,-6.344746947288513184e-01,6.650830036960542202e-04,6.243293639272451401e-03,-4.168014973402023315e-03,5.053576387581415474e-05,7.477849721908569336e-03,7.784150075167417526e-03,-2.247326541692018509e-03,-4.056630423292517662e-04,7.434131111949682236e-03
6.746630370616912842e-02,-1.403427124023437500e-01,-1.633623987436294556e-01,2.451345920562744141e-01,-6.781034916639328003e-02,4.206955432891845703e-03,-1.634836047887802124e-01,-5.521420761942863464e-02,8.239213824272155762e-01,-6.306065917015075684e-01,3.036064445041120052e-04,6.110698450356721878e-03,-4.036850295960903168e-03,4.600714964908547699e-05,7.283159065991640091e-03,7.759811822324991226e-03,-2.227496821433305740e-03,-4.221512645017355680e-04,7.382370531558990479e-03
6.747134774923324585e-02,-1.292716264724731445e-01,-1.449175924062728882e-01,2.195206433534622192e-01,-5.970682948827743530e-02,-4.821750917471945286e-04,-1.646342873573303223e-01,-7.598576694726943970e-02,8.272095322608947754e-01,-6.256954073905944824e-01,-8.197436545742675662e-05,5.986697040498256683e-03,-3.848734777420759201e-03,4.235015876474790275e-05,7.155677303671836853e-03,7.730897981673479080e-03,-2.207683632150292397e-03,-4.408202657941728830e-04,7.319429423660039902e-03
6.742656230926513672e-02,-1.181704625487327576e-01,-1.277294009923934937e-01,1.962707787752151489e-01,-5.268703028559684753e-02,-4.610198549926280975e-03,-1.640707850456237793e-01,-9.497065842151641846e-02,8.255758285522460938e-01,-6.177068352699279785e-01,-3.146787057630717754e-04,5.858697928488254547e-03,-3.559883683919906616e-03,3.853749876725487411e-05,7.016188465058803558e-03,7.697498425841331482e-03,-2.185943536460399628e-03,-4.607364826370030642e-04,7.226469926536083221e-03
6.675422191619873047e-02,-1.074379608035087585e-01,-1.117814630270004272e-01,1.754436343908309937e-01,-4.676713049411773682e-02,-9.371743537485599518e-03,-1.624636799097061157e-01,-1.115324869751930237e-01,8.185949325561523438e-01,-6.064690351486206055e-01,-9.664345416240394115e-04,5.767398513853549957e-03,-3.203239291906356812e-03,3.431356526562012732e-05,6.934734992682933807e-03,7.658130954951047897e-03,-2.163405064493417740e-03,-4.820177564397454262e-04,7.092436309903860092e-03
6.582427769899368286e-02,-9.715518355369567871e-02,-9.666088223457336426e-02,1.564460694789886475e-01,-4.173471406102180481e-02,-1.492290198802947998e-02,-1.596276611089706421e-01,-1.256765127182006836e-01,8.072553873062133789e-01,-5.925687551498413086e-01,-1.582816359587013721e-03,5.698525346815586090e-03,-2.793296007439494133e-03,2.981698344228789210e-05,6.880223285406827927e-03,7.627385668456554413e-03,-2.138921990990638733e-03,-5.050409818068146706e-04,7.022130768746137619e-03
6.456875056028366089e-02,-8.722618222236633301e-02,-8.276424556970596313e-02,1.400448083877563477e-01,-3.795892372727394104e-02,-2.147263847291469574e-02,-1.550140827894210815e-01,-1.371288597583770752e-01,7.915286421775817871e-01,-5.772542953491210938e-01,-2.170881023630499840e-03,5.614155903458595276e-03,-2.342204330489039421e-03,2.565472459536977112e-05,6.830312311649322510e-03,7.600298151373863220e-03,-2.112323185428977013e-03,-5.287604290060698986e-04,6.954198703169822693e-03
6.362260133028030396e-02,-7.783976942300796509e-02,-6.972199678421020508e-02,1.254832148551940918e-01,-3.513329848647117615e-02,-3.002159669995307922e-02,-1.489034593105316162e-01,-1.469499617815017700e-01,7.724327445030212402e-01,-5.596033930778503418e-01,-2.165334997698664665e-03,5.577071569859981537e-03,-1.843792037107050419e-03,2.101223617501091212e-05,6.799058988690376282e-03,7.557078264653682709e-03,-2.074996475130319595e-03,-5.568600608967244625e-04,6.878120359033346176e-03
6.376726925373077393e-02,-6.926456838846206665e-02,-5.675485357642173767e-02,1.113664135336875916e-01,-3.263721242547035217e-02,-3.896101936697959900e-02,-1.420466005802154541e-01,-1.548939347267150879e-01,7.501611709594726562e-01,-5.399538278579711914e-01,-1.117974519729614258e-03,5.629430525004863739e-03,-1.220220350660383701e-03,1.535448609502054751e-05,6.792909465730190277e-03,7.461149711161851883e-03,-1.996014034375548363e-03,-5.875036003999412060e-04,6.799660623073577881e-03
6.393201649188995361e-02,-6.147159263491630554e-02,-4.377310723066329956e-02,9.697959572076797485e-02,-2.996745146811008453e-02,-4.784123599529266357e-02,-1.345595121383666992e-01,-1.602581143379211426e-01,7.245741486549377441e-01,-5.185394287109375000e-01,-2.800584188662469387e-04,5.760136526077985764e-03,-4.524549294728785753e-04,8.439547855232376605e-06,6.762772332876920700e-03,7.360407616943120956e-03,-1.821170910261571407e-03,-6.128501845523715019e-04,6.702746264636516571e-03
6.343277543783187866e-02,-5.466145277023315430e-02,-3.174649178981781006e-02,8.353497833013534546e-02,-2.757756598293781281e-02,-5.670439079403877258e-02,-1.268950551748275757e-01,-1.633577346801757812e-01,6.969179511070251465e-01,-4.978594481945037842e-01,-2.008988376474007964e-04,5.836577154695987701e-03,3.417478001210838556e-04,1.067619564310007263e-06,6.753212772309780121e-03,7.274517789483070374e-03,-1.486383145675063133e-03,-6.363329594023525715e-04,6.429931614547967911e-03
6.322605162858963013e-02,-4.885826259851455688e-02,-2.085777930915355682e-02,7.155439257621765137e-02,-2.582713030278682709e-02,-6.403074413537979126e-02,-1.192886009812355042e-01,-1.642508655786514282e-01,6.674827933311462402e-01,-4.778157472610473633e-01,1.125319249695166945e-04,5.891121923923492432e-03,1.095985993742942810e-03,-3.499888407532125711e-06,6.725503597408533096e-03,7.162429857999086380e-03,-1.006171922199428082e-03,-6.492997054010629654e-04,6.255816202610731125e-03
6.267202645540237427e-02,-4.400542005896568298e-02,-1.199093181639909744e-02,6.250304728746414185e-02,-2.536434121429920197e-02,-7.156269997358322144e-02,-1.115778088569641113e-01,-1.638312786817550659e-01,6.371757984161376953e-01,-4.574450850486755371e-01,6.346769805531948805e-05,5.935377441346645355e-03,1.751707401126623154e-03,-5.709109700546832755e-06,6.698696408420801163e-03,7.092431187629699707e-03,-4.760288575198501348e-04,-6.561791524291038513e-04,6.049415562301874161e-03
6.186978891491889954e-02,-4.005653038620948792e-02,-5.482192616909742355e-03,5.711985006928443909e-02,-2.657997980713844299e-02,-7.762989401817321777e-02,-1.038681939244270325e-01,-1.614260673522949219e-01,6.055693030357360840e-01,-4.380895495414733887e-01,-1.056586042977869511e-04,5.944562144577503204e-03,2.266090828925371170e-03,-5.685260930476943031e-06,6.679292768239974976e-03,7.054943125694990158e-03,1.985508242796640843e-05,-6.606001406908035278e-04,5.956304725259542465e-03
6.000299751758575439e-02,-3.703944385051727295e-02,-6.304441485553979874e-04,5.439935624599456787e-02,-2.894239686429500580e-02,-8.385415375232696533e-02,-9.639479219913482666e-02,-1.565452069044113159e-01,5.721758604049682617e-01,-4.179413616657257080e-01,-1.094679464586079121e-03,5.936397705227136612e-03,2.600081730633974075e-03,-1.232003978657303378e-05,6.683596409857273102e-03,7.044611498713493347e-03,4.303437890484929085e-04,-6.668426794931292534e-04,5.890088155865669250e-03
5.940200388431549072e-02,-3.508947044610977173e-02,1.902912626974284649e-03,5.604688078165054321e-02,-3.356555104255676270e-02,-8.608058840036392212e-02,-8.969314396381378174e-02,-1.491288244724273682e-01,5.369884371757507324e-01,-3.962480723857879639e-01,-6.774121429771184921e-04,5.999280139803886414e-03,2.800923073664307594e-03,-1.396250445395708084e-05,6.664363667368888855e-03,6.929565686732530594e-03,7.850328693166375160e-04,-6.646255496889352798e-04,5.751967895776033401e-03
5.896208062767982483e-02,-3.443314507603645325e-02,2.524458570405840874e-03,6.149776279926300049e-02,-4.009115323424339294e-02,-8.613064885139465332e-02,-8.427836000919342041e-02,-1.390483677387237549e-01,5.001292824745178223e-01,-3.722972869873046875e-01,-3.317908849567174911e-04,6.237267516553401947e-03,2.929233713075518608e-03,-1.585212703503202647e-05,6.674575153738260269e-03,6.610278505831956863e-03,1.201904960907995701e-03,-6.542728515341877937e-04,5.623950622975826263e-03
5.844984203577041626e-02,-3.483761101961135864e-02,2.540902933105826378e-03,6.912243366241455078e-02,-4.782747104763984680e-02,-8.609158545732498169e-02,-7.978539913892745972e-02,-1.268876045942306519e-01,4.634564220905303955e-01,-3.464864790439605713e-01,-1.384715287713333964e-04,6.495062261819839478e-03,3.015970578417181969e-03,-1.935500949912238866e-05,6.699202582240104675e-03,6.294831633567810059e-03,1.589830499142408371e-03,-6.346630980260670185e-04,5.600567907094955444e-03
5.878821387887001038e-02,-3.615081310272216797e-02,2.290274715051054955e-03,7.939440757036209106e-02,-5.726049467921257019e-02,-8.616850525140762329e-02,-7.621177285909652710e-02,-1.126466915011405945e-01,4.261369109153747559e-01,-3.203956782817840576e-01,7.256161188706755638e-04,6.763937883079051971e-03,3.098363056778907776e-03,-1.819111821532715112e-05,6.737029645591974258e-03,5.960497073829174042e-03,1.888185739517211914e-03,-6.053324905224144459e-04,5.589684471487998962e-03
5.918659269809722900e-02,-3.846037015318870544e-02,1.377159263938665390e-03,9.276703000068664551e-02,-6.850582361221313477e-02,-8.755072206258773804e-02,-7.409996539354324341e-02,-9.692744165658950806e-02,3.881555497646331787e-01,-2.939672470092773438e-01,1.316326903179287910e-03,7.010204251855611801e-03,3.177702426910400391e-03,-1.829019129218067974e-05,6.769083905965089798e-03,5.500232335180044174e-03,2.133527304977178574e-03,-5.749445408582687378e-04,5.531218834221363068e-03
5.977857485413551331e-02,-4.152524843811988831e-02,-1.047930680215358734e-03,1.100863069295883179e-01,-8.169799298048019409e-02,-8.832235634326934814e-02,-7.308271527290344238e-02,-8.024676144123077393e-02,3.495973348617553711e-01,-2.689549922943115234e-01,1.885705394670367241e-03,7.096387911587953568e-03,3.286468796432018280e-03,-1.182174310088157654e-05,6.869112607091665268e-03,5.152038298547267914e-03,2.290320349857211113e-03,-5.428844015114009380e-04,5.528866779059171677e-03
5.975469946861267090e-02,-4.498671367764472961e-02,-4.857678432017564774e-03,1.299142092466354370e-01,-9.616376459598541260e-02,-8.922176063060760498e-02,-7.339078933000564575e-02,-6.434354186058044434e-02,3.140173852443695068e-01,-2.342951148748397827e-01,1.794717973098158836e-03,7.098378147929906845e-03,3.301823046058416367e-03,-3.500800630718003958e-06,6.578411906957626343e-03,5.117977969348430634e-03,2.312685362994670868e-03,-5.398962530307471752e-04,5.277955904603004456e-03
5.702142789959907532e-02,-4.535858333110809326e-02,-6.184779573231935501e-03,1.489646285772323608e-01,-1.272584944963455200e-01,-9.278328716754913330e-02,-7.471623271703720093e-02,-5.599915236234664917e-02,3.151072263717651367e-01,-2.366398274898529053e-01,-1.440151478163897991e-03,7.154517341405153275e-03,1.312744105234742165e-03,4.468612678465433419e-05,8.940939791500568390e-03,6.168255582451820374e-03,1.318129827268421650e-03,-4.898490733467042446e-04,9.653329849243164062e-03
5.071547627449035645e-02,-4.313054308295249939e-02,-7.386350538581609726e-03,1.680459678173065186e-01,-1.584822088479995728e-01,-9.675160050392150879e-02,-7.352145016193389893e-02,-3.643705695867538452e-02,2.963864207267761230e-01,-2.339715361595153809e-01,-3.440231550484895706e-03,7.141862064599990845e-03,-1.317488378845155239e-03,6.698143806715961546e-06,8.894468657672405243e-03,8.409837260842323303e-03,5.702985799871385098e-04,-4.787314392160624266e-04,9.770762175321578979e-03
4.258077591657638550e-02,-3.963958099484443665e-02,-1.199581287801265717e-02,1.908880472183227539e-01,-1.827757656574249268e-01,-9.726415574550628662e-02,-7.155641168355941772e-02,-1.603731513023376465e-02,2.712240815162658691e-01,-2.272778451442718506e-01,-2.192849759012460709e-03,7.130497600883245468e-03,-3.113970626145601273e-03,-9.585100997355766594e-06,8.471804670989513397e-03,9.121374227106571198e-03,2.521022106520831585e-04,-4.804990894626826048e-04,9.667759761214256287e-03
3.277210518717765808e-02,-3.515905514359474182e-02,-2.092393673956394196e-02,2.173311412334442139e-01,-2.006521522998809814e-01,-9.715452045202255249e-02,-6.917476654052734375e-02,3.315740032121539116e-03,2.439925521612167358e-01,-2.188616394996643066e-01,-9.925186168402433395e-04,7.123650982975959778e-03,-3.991365432739257812e-03,-2.213269544881768525e-05,8.110028691589832306e-03,9.107955731451511383e-03,2.149100328097119927e-04,-4.817394656129181385e-04,9.331272915005683899e-03
2.209810167551040649e-02,-2.994896471500396729e-02,-3.393591195344924927e-02,2.464663535356521606e-01,-2.132080793380737305e-01,-9.762433171272277832e-02,-6.673666834831237793e-02,2.172579802572727203e-02,2.155319899320602417e-01,-2.097038179636001587e-01,-7.058461196720600128e-04,7.106486707925796509e-03,-4.166370723396539688e-03,-2.475494511600118130e-05,7.613488472998142242e-03,9.093288332223892212e-03,1.850171829573810101e-04,-4.812399274669587612e-04,8.524852804839611053e-03
1.297393906861543655e-02,-2.392594330012798309e-02,-5.062679573893547058e-02,2.781837284564971924e-01,-2.238530665636062622e-01,-9.818701446056365967e-02,-6.417617201805114746e-02,3.862081095576286316e-02,1.879923492670059204e-01,-2.007633447647094727e-01,-6.429236382246017456e-04,7.088192272931337357e-03,-4.189800005406141281e-03,-1.389396220474736765e-05,7.015974260866641998e-03,9.079533629119396210e-03,1.402562775183469057e-04,-4.782014875672757626e-04,7.761567365378141403e-03
4.192681983113288879e-03,-1.682423427700996399e-02,-7.023813575506210327e-02,3.119488656520843506e-01,-2.317599058151245117e-01,-9.901550412178039551e-02,-6.132807582616806030e-02,5.400227382779121399e-02,1.625095605850219727e-01,-1.927572637796401978e-01,-8.106910972855985165e-04,7.071743719279766083e-03,-4.223600495606660843e-03,-8.012673788471147418e-06,6.512255407869815826e-03,9.064808487892150879e-03,4.997172072762623429e-05,-4.713779489975422621e-04,7.390284910798072815e-03
-3.328283783048391342e-03,-8.953982032835483551e-03,-9.226964414119720459e-02,3.476418852806091309e-01,-2.392739206552505493e-01,-9.981928020715713501e-02,-5.833268165588378906e-02,6.761897355318069458e-02,1.405466645956039429e-01,-1.865380704402923584e-01,-9.128224337473511696e-04,7.057021837681531906e-03,-4.249699413776397705e-03,-9.330773309557116590e-07,6.309257820248603821e-03,9.051208384335041046e-03,-8.148920460371300578e-05,-4.638297541532665491e-04,7.225473877042531967e-03
-8.227702230215072632e-03,-6.319947424344718456e-04,-1.161741837859153748e-01,3.849931955337524414e-01,-2.488725483417510986e-01,-1.000558137893676758e-01,-5.536356195807456970e-02,8.015223592519760132e-02,1.216451078653335571e-01,-1.819673180580139160e-01,-5.302322679199278355e-04,7.052201777696609497e-03,-4.275892861187458038e-03,5.962501745671033859e-06,6.236051209270954132e-03,9.038832969963550568e-03,-2.650106907822191715e-04,-4.559236112982034683e-04,7.114461157470941544e-03
-1.306991372257471085e-02,8.348221890628337860e-03,-1.416356563568115234e-01,4.236091673374176025e-01,-2.578333914279937744e-01,-1.008363217115402222e-01,-5.229309201240539551e-02,9.290937334299087524e-02,1.039232388138771057e-01,-1.782869249582290649e-01,-7.915879250504076481e-04,7.044353056699037552e-03,-4.319031257182359695e-03,1.035789864545222372e-05,6.155402399599552155e-03,9.036762639880180359e-03,-5.024159909226000309e-04,-4.458131734281778336e-04,7.055328693240880966e-03
-1.616003364324569702e-02,1.802738010883331299e-02,-1.688015758991241455e-01,4.635409116744995117e-01,-2.663727104663848877e-01,-1.011694744229316711e-01,-4.891525208950042725e-02,1.058920249342918396e-01,8.708880096673965454e-02,-1.752047985792160034e-01,-6.073054391890764236e-04,7.042147684842348099e-03,-4.377394448965787888e-03,1.413001427863491699e-05,6.074875593185424805e-03,9.037805721163749695e-03,-7.570852176286280155e-04,-4.356512799859046936e-04,7.004009094089269638e-03
-1.762808114290237427e-02,2.812942117452621460e-02,-1.979038715362548828e-01,5.039553046226501465e-01,-2.763522863388061523e-01,-1.016621440649032593e-01,-4.516413807868957520e-02,1.193127334117889404e-01,7.049339264631271362e-02,-1.724982112646102905e-01,-6.939995801076292992e-04,7.036452647298574448e-03,-4.423459060490131378e-03,1.845799670263659209e-05,5.980028305202722549e-03,9.039404802024364471e-03,-9.847781620919704437e-04,-4.259594134055078030e-04,6.948647554963827133e-03
-1.528369262814521790e-02,3.757546469569206238e-02,-2.296105623245239258e-01,5.442903041839599609e-01,-2.870140671730041504e-01,-1.023049354553222656e-01,-4.113974794745445251e-02,1.323184669017791748e-01,5.530806630849838257e-02,-1.706472486257553101e-01,-8.933803183026611805e-04,7.029274012893438339e-03,-4.465731326490640640e-03,2.197696630901191384e-05,5.908125080168247223e-03,9.036964736878871918e-03,-1.193513977341353893e-03,-4.172295157331973314e-04,6.867098622024059296e-03
-9.834147058427333832e-03,4.578195884823799133e-02,-2.636682987213134766e-01,5.844618082046508789e-01,-2.972323000431060791e-01,-1.031102091073989868e-01,-3.704549372196197510e-02,1.438947916030883789e-01,4.335226863622665405e-02,-1.705515980720520020e-01,-1.143219880759716034e-03,7.021835539489984512e-03,-4.507235717028379440e-03,2.539902743592392653e-05,5.883011966943740845e-03,9.032731875777244568e-03,-1.425220863893628120e-03,-4.073452728334814310e-04,6.768020801246166229e-03
-1.718547544442117214e-03,5.249414220452308655e-02,-2.991152107715606689e-01,6.239657998085021973e-01,-3.095903694629669189e-01,-1.031157299876213074e-01,-3.305907547473907471e-02,1.539762914180755615e-01,3.446912020444869995e-02,-1.720221191644668579e-01,-6.090434617362916470e-04,7.022769190371036530e-03,-4.540754016488790512e-03,3.092197948717512190e-05,5.879481788724660873e-03,9.035434573888778687e-03,-1.660757698118686676e-03,-3.988869430031627417e-04,6.666817702353000641e-03
7.249338552355766296e-03,5.749630928039550781e-02,-3.359495997428894043e-01,6.626753807067871094e-01,-3.233840465545654297e-01,-1.034869924187660217e-01,-2.914268895983695984e-02,1.623817533254623413e-01,2.890935726463794708e-02,-1.752529740333557129e-01,-6.125809741206467152e-04,7.024321705102920532e-03,-4.570723511278629303e-03,3.775516961468383670e-05,5.846269428730010986e-03,9.033460170030593872e-03,-1.850004773586988449e-03,-3.903112374246120453e-04,6.577818188816308975e-03
1.772359199821949005e-02,6.024857982993125916e-02,-3.732946813106536865e-01,6.979907155036926270e-01,-3.338319957256317139e-01,-1.039087623357772827e-01,-2.534097805619239807e-02,1.687638312578201294e-01,2.721950970590114594e-02,-1.805042922496795654e-01,-6.727923173457384109e-04,7.026618812233209610e-03,-4.598341882228851318e-03,4.533434912445954978e-05,5.849975161254405975e-03,9.033646434545516968e-03,-1.997795421630144119e-03,-3.812775539699941874e-04,6.479089614003896713e-03
2.890195511281490326e-02,6.070448085665702820e-02,-4.097029268741607666e-01,7.272436022758483887e-01,-3.411696553230285645e-01,-1.040034890174865723e-01,-2.170512638986110687e-02,1.737796217203140259e-01,2.788769826292991638e-02,-1.869771331548690796e-01,-4.785751516465097666e-04,7.032458204776048660e-03,-4.622525535523891449e-03,5.426845018519088626e-05,5.846409592777490616e-03,9.038120508193969727e-03,-2.071961294859647751e-03,-3.725705028045922518e-04,6.390715483576059341e-03
3.898287564516067505e-02,5.927541479468345642e-02,-4.451905488967895508e-01,7.515798807144165039e-01,-3.474398851394653320e-01,-1.043762043118476868e-01,-1.811480149626731873e-02,1.779058575630187988e-01,2.978279069066047668e-02,-1.941118091344833374e-01,-6.184264784678816795e-04,7.036567665636539459e-03,-4.651210270822048187e-03,6.226608093129470944e-05,5.827729590237140656e-03,9.040078148245811462e-03,-2.136484254151582718e-03,-3.616640460677444935e-04,6.307493895292282104e-03
4.808894544839859009e-02,5.632163956761360168e-02,-4.790792465209960938e-01,7.703349590301513672e-01,-3.533934950828552246e-01,-1.046539917588233948e-01,-1.441289763897657394e-02,1.804512143135070801e-01,3.416489437222480774e-02,-2.024880647659301758e-01,-6.350202020257711411e-04,7.040867581963539124e-03,-4.676684737205505371e-03,6.979829777264967561e-05,5.796947516500949860e-03,9.043201804161071777e-03,-2.191257663071155548e-03,-3.515201387926936150e-04,6.269057746976613998e-03
5.644986778497695923e-02,5.200906097888946533e-02,-5.109789371490478516e-01,7.831696271896362305e-01,-3.567143678665161133e-01,-1.047555208206176758e-01,-1.040224824100732803e-02,1.822649091482162476e-01,3.937377780675888062e-02,-2.113163471221923828e-01,-5.414473707787692547e-04,7.047591265290975571e-03,-4.700124263763427734e-03,7.658137474209070206e-05,5.731677170842885971e-03,9.049165993928909302e-03,-2.236947650089859962e-03,-3.426436451263725758e-04,6.251767277717590332e-03
6.371714174747467041e-02,4.658066481351852417e-02,-5.407224893569946289e-01,7.910391092300415039e-01,-3.573592603206634521e-01,-1.050351187586784363e-01,-5.856144241988658905e-03,1.838010549545288086e-01,4.478295519948005676e-02,-2.203526347875595093e-01,-6.596518796868622303e-04,7.048875559121370316e-03,-4.725602921098470688e-03,8.261684706667438149e-05,5.665161646902561188e-03,9.053790941834449768e-03,-2.276785904541611671e-03,-3.333040513098239899e-04,6.261196453124284744e-03
7.032836973667144775e-02,3.996665030717849731e-02,-5.684115886688232422e-01,7.947649955749511719e-01,-3.541284799575805664e-01,-1.054672002792358398e-01,-6.506639765575528145e-04,1.850345134735107422e-01,5.050250142812728882e-02,-2.296295464038848877e-01,-8.366315159946680069e-04,7.048076484352350235e-03,-4.752072505652904510e-03,8.686113142175599933e-05,5.582856945693492889e-03,9.058917872607707977e-03,-2.317417180165648460e-03,-3.236849152017384768e-04,6.258405279368162155e-03
7.612676173448562622e-02,3.175816684961318970e-02,-5.942122340202331543e-01,7.960264086723327637e-01,-3.481079041957855225e-01,-1.064476072788238525e-01,5.153447855263948441e-03,1.873036324977874756e-01,5.420117080211639404e-02,-2.380987256765365601e-01,-1.381341717205941677e-03,7.043843157589435577e-03,-4.780291114002466202e-03,8.522870484739542007e-05,5.541091784834861755e-03,9.077143855392932892e-03,-2.368142129853367805e-03,-3.128564276266843081e-04,6.259882356971502304e-03
8.096791803836822510e-02,2.197779156267642975e-02,-6.175627708435058594e-01,7.961125373840332031e-01,-3.416022956371307373e-01,-1.072754487395286560e-01,1.141987182199954987e-02,1.895145177841186523e-01,5.795537307858467102e-02,-2.467254102230072021e-01,-1.571105327457189560e-03,7.043560966849327087e-03,-4.803141579031944275e-03,8.703939238330349326e-05,5.516986828297376633e-03,9.083477780222892761e-03,-2.414794871583580971e-03,-3.028347273357212543e-04,6.260626949369907379e-03
8.442982286214828491e-02,1.061541959643363953e-02,-6.378251910209655762e-01,7.942411303520202637e-01,-3.323566019535064697e-01,-1.079957336187362671e-01,1.805729791522026062e-02,1.912613809108734131e-01,6.268167495727539062e-02,-2.559580802917480469e-01,-1.604419318027794361e-03,7.044300902634859085e-03,-4.821492359042167664e-03,9.046127524925395846e-05,5.495302379131317139e-03,9.087033569812774658e-03,-2.449057297781109810e-03,-2.937532262876629829e-04,6.255977321416139603e-03
8.706446737051010132e-02,-2.786738565191626549e-03,-6.549985408782958984e-01,7.906906604766845703e-01,-3.229505717754364014e-01,-1.085689142346382141e-01,2.493499219417572021e-02,1.923901438713073730e-01,6.870805472135543823e-02,-2.659888267517089844e-01,-1.521756057627499104e-03,7.046443410217761993e-03,-4.836767446249723434e-03,9.375059744343161583e-05,5.479970946907997131e-03,9.091922082006931305e-03,-2.477260539308190346e-03,-2.852987672667950392e-04,6.224534008651971817e-03
8.762773871421813965e-02,-1.781830936670303345e-02,-6.687003374099731445e-01,7.862238883972167969e-01,-3.137123882770538330e-01,-1.092402189970016479e-01,3.191236406564712524e-02,1.940011978149414062e-01,7.420764863491058350e-02,-2.759783565998077393e-01,-1.547624939121305943e-03,7.048680912703275681e-03,-4.852924030274152756e-03,9.548469824949279428e-05,5.482583772391080856e-03,9.098786860704421997e-03,-2.508282428607344627e-03,-2.753104199655354023e-04,6.213788874447345734e-03
8.747936040163040161e-02,-3.480270877480506897e-02,-6.784893870353698730e-01,7.810738086700439453e-01,-3.013129234313964844e-01,-1.096637323498725891e-01,3.895094990730285645e-02,1.966323554515838623e-01,7.869918644428253174e-02,-2.857493460178375244e-01,-1.386267598718404770e-03,7.053587120026350021e-03,-4.862816538661718369e-03,9.973692795028910041e-05,5.504527129232883453e-03,9.106858633458614349e-03,-2.528817160055041313e-03,-2.666601794771850109e-04,6.223117467015981674e-03
8.604940026998519897e-02,-5.311118438839912415e-02,-6.841014027595520020e-01,7.748900055885314941e-01,-2.861707508563995361e-01,-1.102928519248962402e-01,4.620763659477233887e-02,2.001367360353469849e-01,8.271392434835433960e-02,-2.956053912639617920e-01,-1.446931972168385983e-03,7.055392488837242126e-03,-4.874628502875566483e-03,1.029518462019041181e-04,5.492488853633403778e-03,9.111467748880386353e-03,-2.552273916080594063e-03,-2.569023927208036184e-04,6.232577841728925705e-03
8.129256218671798706e-02,-7.127676159143447876e-02,-6.854947209358215332e-01,7.674837112426757812e-01,-2.708713114261627197e-01,-1.117641627788543701e-01,5.386957898736000061e-02,2.054061591625213623e-01,8.457269519567489624e-02,-3.048042058944702148e-01,-2.142764395102858543e-03,7.053792010992765427e-03,-4.890530835837125778e-03,9.935178240993991494e-05,5.476997233927249908e-03,9.127944707870483398e-03,-2.586260205134749413e-03,-2.443894045427441597e-04,6.239255424588918686e-03
7.754064351320266724e-02,-9.016957879066467285e-02,-6.840991973876953125e-01,7.597907781600952148e-01,-2.547456026077270508e-01,-1.123395711183547974e-01,6.211535632610321045e-02,2.109437137842178345e-01,8.638910204172134399e-02,-3.141483962535858154e-01,-1.809203997254371643e-03,7.058049086481332779e-03,-4.899351857602596283e-03,1.036752510117366910e-04,5.425887182354927063e-03,9.142126888036727905e-03,-2.607507165521383286e-03,-2.315358869964256883e-04,6.230157800018787384e-03
7.214632630348205566e-02,-1.079615652561187744e-01,-6.793503761291503906e-01,7.496877908706665039e-01,-2.357563823461532593e-01,-1.128784343600273132e-01,7.101976871490478516e-02,2.166903913021087646e-01,8.852902054786682129e-02,-3.239449858665466309e-01,-1.518968259915709496e-03,7.061621174216270447e-03,-4.905156325548887253e-03,1.092569436877965927e-04,5.389132536947727203e-03,9.153055027127265930e-03,-2.625060500577092171e-03,-2.184680924983695149e-04,6.231566891074180603e-03
6.741148978471755981e-02,-1.252347230911254883e-01,-6.706375479698181152e-01,7.369499802589416504e-01,-2.182654887437820435e-01,-1.127670109272003174e-01,8.035343885421752930e-02,2.222304344177246094e-01,9.253636747598648071e-02,-3.349995017051696777e-01,-7.040788768790662289e-04,7.071507629007101059e-03,-4.903884604573249817e-03,1.190483526443131268e-04,5.376049317419528961e-03,9.160297922790050507e-03,-2.633872674778103828e-03,-2.070607442874461412e-04,6.225280929356813431e-03
6.019346415996551514e-02,-1.405720710754394531e-01,-6.578359603881835938e-01,7.208296656608581543e-01,-1.991383284330368042e-01,-1.132019534707069397e-01,8.984693139791488647e-02,2.264962643384933472e-01,1.008340269327163696e-01,-3.486794531345367432e-01,-5.806821864098310471e-04,7.072899956256151199e-03,-4.901829175651073456e-03,1.260650315089151263e-04,5.369376391172409058e-03,9.139639325439929962e-03,-2.640784950926899910e-03,-1.960074587259441614e-04,6.176775321364402771e-03
5.581272393465042114e-02,-1.551446616649627686e-01,-6.413679718971252441e-01,7.035947442054748535e-01,-1.786415278911590576e-01,-1.126844361424446106e-01,9.955250471830368042e-02,2.308463007211685181e-01,1.113202199339866638e-01,-3.638678789138793945e-01,4.216752422507852316e-04,7.090388797223567963e-03,-4.892337135970592499e-03,1.386325602652505040e-04,5.362458061426877975e-03,9.139237925410270691e-03,-2.639245241880416870e-03,-1.863158249761909246e-04,6.168094929307699203e-03
5.028665065765380859e-02,-1.672725826501846313e-01,-6.212350726127624512e-01,6.843029260635375977e-01,-1.577392965555191040e-01,-1.128226742148399353e-01,1.091255992650985718e-01,2.343219071626663208e-01,1.257844567298889160e-01,-3.816254436969757080e-01,6.852389196865260601e-04,7.095874287188053131e-03,-4.881693981587886810e-03,1.493001036578789353e-04,5.362365860491991043e-03,9.101315401494503021e-03,-2.635312499478459358e-03,-1.785448257578536868e-04,6.065202876925468445e-03
4.699573293328285217e-02,-1.775228381156921387e-01,-5.976039171218872070e-01,6.638172864913940430e-01,-1.379415392875671387e-01,-1.119321361184120178e-01,1.184575185179710388e-01,2.371620833873748779e-01,1.437415778636932373e-01,-4.015549123287200928e-01,1.664438867010176182e-03,7.114961743354797363e-03,-4.865890834480524063e-03,1.644487201701849699e-04,5.364774726331233978e-03,9.093421511352062225e-03,-2.618607832118868828e-03,-1.714982208795845509e-04,6.019294261932373047e-03
4.077982902526855469e-02,-1.843558102846145630e-01,-5.710921287536621094e-01,6.425442695617675781e-01,-1.192787289619445801e-01,-1.123842522501945496e-01,1.269610673189163208e-01,2.397895902395248413e-01,1.645195037126541138e-01,-4.235423505306243896e-01,1.627982011996209621e-03,7.119360379874706268e-03,-4.853667225688695908e-03,1.769601367413997650e-04,5.366130266338586807e-03,9.081062860786914825e-03,-2.615213161334395409e-03,-1.641932321945205331e-04,5.810321774333715439e-03
3.618310391902923584e-02,-1.890828907489776611e-01,-5.419336557388305664e-01,6.208834052085876465e-01,-1.010816097259521484e-01,-1.111763641238212585e-01,1.348095089197158813e-01,2.420806437730789185e-01,1.879929006099700928e-01,-4.472542405128479004e-01,2.573619130998849869e-03,7.138899061828851700e-03,-4.834741353988647461e-03,1.914499589474871755e-04,5.363618955016136169e-03,9.068725630640983582e-03,-2.600935520604252815e-03,-1.580824464326724410e-04,5.730046425014734268e-03
3.401855751872062683e-02,-1.883123815059661865e-01,-5.374602675437927246e-01,6.394501328468322754e-01,-1.180499643087387085e-01,-1.124503090977668762e-01,1.371596306562423706e-01,2.433980256319046021e-01,2.111222296953201294e-01,-4.670331180095672607e-01,1.004473888315260410e-03,6.987267639487981796e-03,-4.674701485782861710e-03,1.890452113002538681e-04,9.549310430884361267e-03,8.355914615094661713e-03,-2.140023978427052498e-03,-2.225120406365022063e-04,7.034149486571550369e-03
3.409585729241371155e-02,-1.913896650075912476e-01,-5.339462161064147949e-01,6.577135920524597168e-01,-1.368533372879028320e-01,-1.105396077036857605e-01,1.297715306282043457e-01,2.430956661701202393e-01,2.316806316375732422e-01,-4.793863892555236816e-01,4.842478956561535597e-04,7.017582189291715622e-03,-4.670599941164255142e-03,1.897403708426281810e-04,1.091854181140661240e-02,8.265986107289791107e-03,-2.097155665978789330e-03,-2.058532700175419450e-04,7.187540177255868912e-03
3.446804359555244446e-02,-1.960310786962509155e-01,-5.259111523628234863e-01,6.642593145370483398e-01,-1.494338661432266235e-01,-1.026120185852050781e-01,1.201249957084655762e-01,2.407199740409851074e-01,2.543383240699768066e-01,-4.917609095573425293e-01,4.006054659839719534e-04,7.016684394329786301e-03,-4.660908598452806473e-03,1.957322529051452875e-04,1.088803168386220932e-02,8.191907778382301331e-03,-2.080674981698393822e-03,-1.862912613432854414e-04,7.307020947337150574e-03
3.528644889593124390e-02,-2.011031657457351685e-01,-5.143471956253051758e-01,6.626834869384765625e-01,-1.575490534305572510e-01,-9.016214311122894287e-02,1.092062443494796753e-01,2.373728454113006592e-01,2.801744937896728516e-01,-5.055276155471801758e-01,5.241945036686956882e-04,7.007829379290342331e-03,-4.650241229683160782e-03,2.008486771956086159e-04,1.081571541726589203e-02,8.135213516652584076e-03,-2.069575246423482895e-03,-1.692732330411672592e-04,7.422919850796461105e-03
3.696275874972343445e-02,-2.058599889278411865e-01,-4.997088313102722168e-01,6.554996371269226074e-01,-1.629419028759002686e-01,-7.607915997505187988e-02,9.685871005058288574e-02,2.337045967578887939e-01,3.090214431285858154e-01,-5.184208750724792480e-01,1.041514449752867222e-03,7.001176476478576660e-03,-4.633755888789892197e-03,2.051251649390906096e-04,1.073527615517377853e-02,8.103491738438606262e-03,-2.057137666270136833e-03,-1.586478610988706350e-04,7.476476021111011505e-03
3.888684511184692383e-02,-2.097768783569335938e-01,-4.828691482543945312e-01,6.450362205505371094e-01,-1.666353195905685425e-01,-6.329633295536041260e-02,8.283452689647674561e-02,2.300849705934524536e-01,3.401505053043365479e-01,-5.301105976104736328e-01,1.262557576410472393e-03,6.987767294049263000e-03,-4.620666615664958954e-03,2.086450258502736688e-04,1.067641377449035645e-02,8.075255900621414185e-03,-2.046038862317800522e-03,-1.480508944950997829e-04,7.493765559047460556e-03
4.094901308417320251e-02,-2.127580344676971436e-01,-4.644152522087097168e-01,6.317988038063049316e-01,-1.688062399625778198e-01,-5.162588879466056824e-02,6.707734614610671997e-02,2.258630841970443726e-01,3.731388449668884277e-01,-5.410955548286437988e-01,1.335792709141969681e-03,6.973620038479566574e-03,-4.608121234923601151e-03,2.074942167382687330e-04,1.060521788895130157e-02,8.049758151173591614e-03,-2.032057382166385651e-03,-1.411891425959765911e-04,7.493308279663324356e-03
4.323612526059150696e-02,-2.146271616220474243e-01,-4.450500905513763428e-01,6.160914897918701172e-01,-1.694734543561935425e-01,-4.014100506901741028e-02,4.975850880146026611e-02,2.203782945871353149e-01,4.069783687591552734e-01,-5.504621267318725586e-01,1.426431350409984589e-03,6.955563090741634369e-03,-4.593635909259319305e-03,2.056152734439820051e-04,1.047698315232992172e-02,8.028263226151466370e-03,-2.015815814957022667e-03,-1.368943485431373119e-04,7.496960926800966263e-03
4.554000869393348694e-02,-2.153621017932891846e-01,-4.256391525268554688e-01,5.983468890190124512e-01,-1.686733365058898926e-01,-2.831443771719932556e-02,3.099763579666614532e-02,2.126215547323226929e-01,4.426684975624084473e-01,-5.614053606986999512e-01,1.467671361751854420e-03,6.925703026354312897e-03,-4.578413907438516617e-03,2.010448079090565443e-04,1.026038732379674911e-02,8.009685203433036804e-03,-1.997807528823614120e-03,-1.347037468804046512e-04,7.506430149078369141e-03
4.702926427125930786e-02,-2.149568200111389160e-01,-4.066582620143890381e-01,5.782680511474609375e-01,-1.660069674253463745e-01,-1.625589095056056976e-02,1.136969961225986481e-02,2.022493779659271240e-01,4.800001680850982666e-01,-5.741383433341979980e-01,1.067791366949677467e-03,6.878669373691082001e-03,-4.566979128867387772e-03,1.918260095408186316e-04,1.001342199742794037e-02,8.002604357898235321e-03,-1.983621623367071152e-03,-1.312329550273716450e-04,7.507164031267166138e-03
4.797366261482238770e-02,-2.138024717569351196e-01,-3.879832327365875244e-01,5.555578470230102539e-01,-1.613641679286956787e-01,-5.147679708898067474e-03,-9.331316687166690826e-03,1.887428015470504761e-01,5.189773440361022949e-01,-5.865564942359924316e-01,7.642840500921010971e-04,6.840258836746215820e-03,-4.553904291242361069e-03,1.820504112401977181e-04,9.813521057367324829e-03,7.993508130311965942e-03,-1.969989156350493431e-03,-1.334070548182353377e-04,7.488520815968513489e-03
4.883746802806854248e-02,-2.120308727025985718e-01,-3.692823946475982666e-01,5.302060246467590332e-01,-1.548759192228317261e-01,4.649173934012651443e-03,-3.078931383788585663e-02,1.722748726606369019e-01,5.587319135665893555e-01,-5.960981249809265137e-01,6.787758902646601200e-04,6.814619991928339005e-03,-4.533748608082532883e-03,1.723324530757963657e-04,9.633335284888744354e-03,7.981273345649242401e-03,-1.951665501110255718e-03,-1.422038185410201550e-04,7.472942583262920380e-03
4.967648163437843323e-02,-2.094392031431198120e-01,-3.501573204994201660e-01,5.025457739830017090e-01,-1.468550860881805420e-01,1.207589358091354370e-02,-5.232813954353332520e-02,1.534775644540786743e-01,5.982304811477661133e-01,-6.059504747390747070e-01,6.045717163942754269e-04,6.786988116800785065e-03,-4.512615501880645752e-03,1.634281943552196026e-04,9.476806968450546265e-03,7.969473488628864288e-03,-1.934150466695427895e-03,-1.520698133390396833e-04,7.463433779776096344e-03
5.078129097819328308e-02,-2.060014456510543823e-01,-3.303577899932861328e-01,4.731576442718505859e-01,-1.377578526735305786e-01,1.764512062072753906e-02,-7.346351444721221924e-02,1.324430257081985474e-01,6.383665204048156738e-01,-6.178482770919799805e-01,6.907149218022823334e-04,6.764151155948638916e-03,-4.485814366489648819e-03,1.556346105644479394e-04,9.345288388431072235e-03,7.949481718242168427e-03,-1.914481050334870815e-03,-1.637718087295070291e-04,7.465270813554525375e-03
5.204081162810325623e-02,-2.017594575881958008e-01,-3.097386956214904785e-01,4.422209262847900391e-01,-1.277526319026947021e-01,2.189030312001705170e-02,-9.368449449539184570e-02,1.100622415542602539e-01,6.769481301307678223e-01,-6.291063427925109863e-01,7.755109108984470367e-04,6.739101838320493698e-03,-4.459621850401163101e-03,1.488807902205735445e-04,9.208621457219123840e-03,7.931670174002647400e-03,-1.896819216199219227e-03,-1.770580129232257605e-04,7.468651048839092255e-03
5.256933346390724182e-02,-1.963407546281814575e-01,-2.888592183589935303e-01,4.108547270298004150e-01,-1.172904223203659058e-01,2.212190814316272736e-02,-1.122405529022216797e-01,8.538300544023513794e-02,7.159116268157958984e-01,-6.389740705490112305e-01,2.926914312411099672e-04,6.601758301258087158e-03,-4.440726712346076965e-03,1.432082499377429485e-04,8.866940625011920929e-03,7.921720854938030243e-03,-1.884433208033442497e-03,-1.849855034379288554e-04,7.477310486137866974e-03
5.354370176792144775e-02,-1.895525604486465454e-01,-2.676325738430023193e-01,3.794297873973846436e-01,-1.067743822932243347e-01,2.181843854486942291e-02,-1.282119154930114746e-01,5.997023731470108032e-02,7.522535920143127441e-01,-6.467034816741943359e-01,3.585563972592353821e-04,6.507736630737781525e-03,-4.412783775478601456e-03,1.386127114528790116e-04,8.426654152572154999e-03,7.907485589385032654e-03,-1.864103251136839390e-03,-1.966266718227416277e-04,7.498487830162048340e-03
5.459259077906608582e-02,-1.814969778060913086e-01,-2.465379685163497925e-01,3.488566279411315918e-01,-9.662109613418579102e-02,1.951682567596435547e-02,-1.418658345937728882e-01,3.344613686203956604e-02,7.861129641532897949e-01,-6.529961824417114258e-01,4.040907078888267279e-04,6.472380366176366806e-03,-4.380154423415660858e-03,1.350889942841604352e-04,7.861210964620113373e-03,7.889923639595508575e-03,-1.846081810072064400e-03,-2.087753819068893790e-04,7.486660033464431763e-03
5.566749349236488342e-02,-1.724455803632736206e-01,-2.256385535001754761e-01,3.189646601676940918e-01,-8.674386888742446899e-02,1.558258198201656342e-02,-1.531518846750259399e-01,6.408567074686288834e-03,8.148941993713378906e-01,-6.556525826454162598e-01,4.124443803448230028e-04,6.438930984586477280e-03,-4.337070044130086899e-03,1.309920335188508034e-04,7.495322730392217636e-03,7.869937457144260406e-03,-1.827108790166676044e-03,-2.237304142909124494e-04,7.477522827684879303e-03
5.729338899254798889e-02,-1.625729352235794067e-01,-2.055115848779678345e-01,2.907760441303253174e-01,-7.766167819499969482e-02,1.102231722325086594e-02,-1.621288955211639404e-01,-2.057013660669326782e-02,8.371106386184692383e-01,-6.556552052497863770e-01,8.664237684570252895e-04,6.407834589481353760e-03,-4.253277555108070374e-03,1.286449987674131989e-04,7.094568572938442230e-03,7.843426428735256195e-03,-1.810066052712500095e-03,-2.408513682894408703e-04,7.446611300110816956e-03
5.799773707985877991e-02,-1.518974751234054565e-01,-1.868564039468765259e-01,2.655350565910339355e-01,-6.989471614360809326e-02,4.431702196598052979e-03,-1.687725633382797241e-01,-4.657799750566482544e-02,8.524497747421264648e-01,-6.527193188667297363e-01,3.906465135514736176e-04,6.293730344623327255e-03,-4.095633514225482941e-03,1.245325256604701281e-04,6.748490966856479645e-03,7.821411825716495514e-03,-1.794303418137133121e-03,-2.546024334151297808e-04,7.409858517348766327e-03
5.897247791290283203e-02,-1.408129334449768066e-01,-1.690166890621185303e-01,2.421334534883499146e-01,-6.300688534975051880e-02,-1.391781843267381191e-03,-1.732440441846847534e-01,-7.105635851621627808e-02,8.610009551048278809e-01,-6.459317207336425781e-01,3.718614461831748486e-04,6.120446603745222092e-03,-3.871598280966281891e-03,1.205660737468861043e-04,6.646754685789346695e-03,7.790717296302318573e-03,-1.774135627783834934e-03,-2.728395629674196243e-04,7.363968528807163239e-03
5.938642844557762146e-02,-1.294971853494644165e-01,-1.519044041633605957e-01,2.202133685350418091e-01,-5.676330626010894775e-02,-8.368127979338169098e-03,-1.756682544946670532e-01,-9.387420117855072021e-02,8.625837564468383789e-01,-6.375771164894104004e-01,-1.127813520724885166e-04,6.040105130523443222e-03,-3.563791280612349510e-03,1.158724917331710458e-04,6.553431507200002670e-03,7.763539906591176987e-03,-1.754725934006273746e-03,-2.905177534557878971e-04,7.324854843318462372e-03
5.972136184573173523e-02,-1.179706454277038574e-01,-1.357689052820205688e-01,2.002435922622680664e-01,-5.140429362654685974e-02,-1.520968880504369736e-02,-1.758903414011001587e-01,-1.152544394135475159e-01,8.599990010261535645e-01,-6.269062161445617676e-01,-4.127365245949476957e-04,5.899473559111356735e-03,-3.144918708130717278e-03,1.110397570300847292e-04,6.476684939116239548e-03,7.732739672064781189e-03,-1.733565237373113632e-03,-3.103313501924276352e-04,7.279902230948209763e-03
5.973368510603904724e-02,-1.065328791737556458e-01,-1.206351593136787415e-01,1.823822110891342163e-01,-4.704825952649116516e-02,-2.187351696193218231e-02,-1.743811368942260742e-01,-1.344070881605148315e-01,8.532429337501525879e-01,-6.138658523559570312e-01,-8.054681820794939995e-04,5.753244739025831223e-03,-2.622365485876798630e-03,1.060357099049724638e-04,6.422684993594884872e-03,7.696488872170448303e-03,-1.711577642709016800e-03,-3.319835814181715250e-04,7.210354320704936981e-03
5.949879810214042664e-02,-9.531125426292419434e-02,-1.063178554177284241e-01,1.660669147968292236e-01,-4.338165000081062317e-02,-2.853306569159030914e-02,-1.711410880088806152e-01,-1.509233266115188599e-01,8.416615128517150879e-01,-6.004013419151306152e-01,-1.176576246507465839e-03,5.644962657243013382e-03,-2.031558891758322716e-03,1.009358675219118595e-04,6.370679009705781937e-03,7.664980366826057434e-03,-1.686746487393975258e-03,-3.557686286512762308e-04,7.151025813072919846e-03
5.906230211257934570e-02,-8.456936478614807129e-02,-9.250739216804504395e-02,1.507030725479125977e-01,-4.014996066689491272e-02,-3.717093169689178467e-02,-1.665095090866088867e-01,-1.655215173959732056e-01,8.264297842979431152e-01,-5.852184891700744629e-01,-1.481286133639514446e-03,5.588637199252843857e-03,-1.420155051164329052e-03,9.614558803150430322e-05,6.376400589942932129e-03,7.624018006026744843e-03,-1.659315312281250954e-03,-3.827963373623788357e-04,7.077618502080440521e-03
5.949544161558151245e-02,-7.459826022386550903e-02,-7.855555415153503418e-02,1.351501941680908203e-01,-3.690220043063163757e-02,-4.485082253813743591e-02,-1.609618961811065674e-01,-1.770395338535308838e-01,8.068470358848571777e-01,-5.671948194503784180e-01,-8.709245012141764164e-04,5.616319365799427032e-03,-7.755223195999860764e-04,9.146095544565469027e-05,6.385543383657932281e-03,7.544124498963356018e-03,-1.612818450666964054e-03,-4.145062703173607588e-04,6.950435228645801544e-03
5.943381786346435547e-02,-6.539346277713775635e-02,-6.478313356637954712e-02,1.198577582836151123e-01,-3.370407596230506897e-02,-5.471467226743698120e-02,-1.543244570493698120e-01,-1.857571601867675781e-01,7.836919426918029785e-01,-5.465374588966369629e-01,-7.843347266316413879e-04,5.649507045745849609e-03,-1.302226155530661345e-04,8.630102092865854502e-05,6.394081749022006989e-03,7.487745955586433411e-03,-1.569997053593397141e-03,-4.456496099010109901e-04,6.882512941956520081e-03
5.927257239818572998e-02,-5.705145001411437988e-02,-5.110612139105796814e-02,1.044834479689598083e-01,-3.042074665427207947e-02,-6.404580920934677124e-02,-1.467966139316558838e-01,-1.914177685976028442e-01,7.581936717033386230e-01,-5.252895951271057129e-01,-7.626980659551918507e-04,5.671189166605472565e-03,4.966066335327923298e-04,8.001296373549848795e-05,6.399635691195726395e-03,7.420927751809358597e-03,-1.463948399759829044e-03,-4.751301021315157413e-04,6.716604344546794891e-03
5.882583186030387878e-02,-4.980789124965667725e-02,-3.700184449553489685e-02,8.782535046339035034e-02,-2.641512826085090637e-02,-7.369143515825271606e-02,-1.390431672334671021e-01,-1.944357454776763916e-01,7.304084897041320801e-01,-5.030707120895385742e-01,-8.992815855890512466e-04,5.702528171241283417e-03,1.024159137159585953e-03,7.303292659344151616e-05,6.406653672456741333e-03,7.378196343779563904e-03,-1.234815688803792000e-03,-5.037030787207186222e-04,6.543329916894435883e-03
5.901785939931869507e-02,-4.340823367238044739e-02,-2.468321844935417175e-02,7.363992184400558472e-02,-2.357609383761882782e-02,-8.072415739297866821e-02,-1.312196254730224609e-01,-1.946773231029510498e-01,7.000526785850524902e-01,-4.791426360607147217e-01,-3.931710962206125259e-04,5.740163847804069519e-03,1.548296655528247356e-03,6.900465086800977588e-05,6.369054317474365234e-03,7.286725565791130066e-03,-9.343159035779535770e-04,-5.218260339461266994e-04,6.323101464658975601e-03
5.999040603637695312e-02,-3.796884790062904358e-02,-1.404809113591909409e-02,6.137650832533836365e-02,-2.157020755112171173e-02,-8.855808526277542114e-02,-1.232608035206794739e-01,-1.943960338830947876e-01,6.686622500419616699e-01,-4.563377201557159424e-01,6.506332429125905037e-04,5.995234940201044083e-03,2.086764201521873474e-03,7.081116200424730778e-05,6.333946716040372849e-03,7.166218478232622147e-03,-5.498528480529785156e-04,-5.312853027135133743e-04,6.085918750613927841e-03
5.997886508703231812e-02,-3.347359970211982727e-02,-4.948433022946119308e-03,5.084336176514625549e-02,-2.019235864281654358e-02,-9.866295009851455688e-02,-1.152353882789611816e-01,-1.924368143081665039e-01,6.350113153457641602e-01,-4.334192574024200439e-01,5.446196882985532284e-04,6.339224521070718765e-03,2.554745413362979889e-03,7.330592052312567830e-05,6.340146064758300781e-03,7.078105118125677109e-03,-1.369475066894665360e-04,-5.401078378781676292e-04,5.973980296403169632e-03
5.972339212894439697e-02,-3.003967180848121643e-02,2.694058232009410858e-03,4.223536700010299683e-02,-1.962640695273876190e-02,-1.054683327674865723e-01,-1.079809740185737610e-01,-1.877579391002655029e-01,6.010375022888183594e-01,-4.109173119068145752e-01,3.359437396284192801e-04,6.481890566647052765e-03,2.926594344899058342e-03,7.267964974744245410e-05,6.351761985570192337e-03,7.031458895653486252e-03,3.557059681043028831e-04,-5.473605124279856682e-04,5.815288517624139786e-03
5.938845127820968628e-02,-2.786405384540557861e-02,8.448382839560508728e-03,3.667007014155387878e-02,-2.049040235579013824e-02,-1.089628040790557861e-01,-1.017809882760047913e-01,-1.807642877101898193e-01,5.677297711372375488e-01,-3.886716663837432861e-01,1.795752323232591152e-04,6.514879409223794937e-03,3.174331737682223320e-03,7.086080586304888129e-05,6.365212146192789078e-03,6.962799001485109329e-03,9.282371611334383488e-04,-5.470338510349392891e-04,5.689102225005626678e-03
5.883840471506118774e-02,-2.687279693782329559e-02,1.124081294983625412e-02,3.627074137330055237e-02,-2.381600998342037201e-02,-1.091333329677581787e-01,-9.626212716102600098e-02,-1.708546131849288940e-01,5.330514311790466309e-01,-3.691713809967041016e-01,-6.743615813320502639e-05,6.520972121506929398e-03,3.305856836959719658e-03,6.800918345106765628e-05,6.373882293701171875e-03,6.902240216732025146e-03,1.473361626267433167e-03,-5.396936321631073952e-04,5.565495695918798447e-03
5.802666023373603821e-02,-2.714878506958484650e-02,1.186418905854225159e-02,3.999286144971847534e-02,-2.916078455746173859e-02,-1.077778562903404236e-01,-9.145030379295349121e-02,-1.583542376756668091e-01,4.965878427028656006e-01,-3.485076725482940674e-01,-4.097893252037465572e-04,6.525619886815547943e-03,3.364167641848325729e-03,5.679591413354501128e-05,6.398407742381095886e-03,6.854454986751079559e-03,1.930276281200349331e-03,-5.309083499014377594e-04,5.448591429740190506e-03
5.776401609182357788e-02,-2.857593446969985962e-02,1.174047309905290604e-02,4.646181687712669373e-02,-3.608564287424087524e-02,-1.053718701004981995e-01,-8.740701526403427124e-02,-1.434475928544998169e-01,4.589588642120361328e-01,-3.259450495243072510e-01,-1.785862259566783905e-04,6.562086753547191620e-03,3.432971192523837090e-03,4.952438030159100890e-05,6.449662148952484131e-03,6.737621966749429703e-03,2.276365878060460091e-03,-5.105387535877525806e-04,5.435405764728784561e-03
5.755864456295967102e-02,-3.114602342247962952e-02,1.107957027852535248e-02,5.579842254519462585e-02,-4.448680207133293152e-02,-1.044932678341865540e-01,-8.426359295845031738e-02,-1.268153786659240723e-01,4.209329187870025635e-01,-3.035542368888854980e-01,-1.407724630553275347e-05,6.617435254156589508e-03,3.494123695418238640e-03,4.229921614751219749e-05,6.513386033475399017e-03,6.557963788509368896e-03,2.514138584956526756e-03,-4.888157709501683712e-04,5.404424853622913361e-03
5.808484554290771484e-02,-3.491772711277008057e-02,9.706122800707817078e-03,6.858200579881668091e-02,-5.524944514036178589e-02,-1.039117798209190369e-01,-8.217138797044754028e-02,-1.093706414103507996e-01,3.843647539615631104e-01,-2.828947305679321289e-01,6.699087680317461491e-04,6.739846896380186081e-03,3.573514288291335106e-03,4.458866533241234720e-05,6.607749033719301224e-03,6.329506170004606247e-03,2.692716894671320915e-03,-4.620982799679040909e-04,5.407543852925300598e-03
5.800155922770500183e-02,-3.941044211387634277e-02,6.656722631305456161e-03,8.498197048902511597e-02,-6.764465570449829102e-02,-1.039500012993812561e-01,-8.086571842432022095e-02,-9.164261817932128906e-02,3.484585583209991455e-01,-2.618784308433532715e-01,6.758556119166314602e-04,6.740407552570104599e-03,3.597654169425368309e-03,3.860143624478951097e-05,6.591991521418094635e-03,6.190756801515817642e-03,2.728937659412622452e-03,-4.661318962462246418e-04,5.308214109390974045e-03
5.703893676400184631e-02,-4.438125714659690857e-02,1.417800784111022949e-03,1.050359755754470825e-01,-8.201587200164794922e-02,-1.050212308764457703e-01,-8.242083340883255005e-02,-7.687429338693618774e-02,3.190023303031921387e-01,-2.297540754079818726e-01,-2.239675814053043723e-05,6.712966132909059525e-03,3.506979206576943398e-03,5.342916847439482808e-05,6.543537601828575134e-03,6.173141766339540482e-03,2.648572903126478195e-03,-4.653719661291688681e-04,5.381273105740547180e-03
5.256287381052970886e-02,-4.473594203591346741e-02,6.946591893211007118e-04,1.223757341504096985e-01,-1.145182624459266663e-01,-1.092905327677726746e-01,-8.408106863498687744e-02,-6.826669722795486450e-02,3.200523853302001953e-01,-2.354076802730560303e-01,-3.414428560063242912e-03,6.760224699974060059e-03,8.079899707809090614e-04,8.538541442248970270e-05,9.254164062440395355e-03,7.619171403348445892e-03,1.340528018772602081e-03,-4.084052343387156725e-04,1.033606380224227905e-02
4.610551893711090088e-02,-4.204075038433074951e-02,-1.505274674855172634e-03,1.420240253210067749e-01,-1.431305706501007080e-01,-1.129544973373413086e-01,-8.316097408533096313e-02,-4.677677527070045471e-02,2.961677312850952148e-01,-2.299776971340179443e-01,-4.587893374264240265e-03,6.742422003298997879e-03,-1.979939639568328857e-03,3.961732363677583635e-05,9.033553302288055420e-03,9.568800218403339386e-03,6.371018243953585625e-04,-4.013126308564096689e-04,1.038139779120683670e-02
3.780593723058700562e-02,-3.769407048821449280e-02,-6.950589362531900406e-03,1.646802127361297607e-01,-1.665838956832885742e-01,-1.133732497692108154e-01,-8.117986470460891724e-02,-2.453777007758617401e-02,2.664233446121215820e-01,-2.209632843732833862e-01,-2.922611311078071594e-03,6.727257743477821350e-03,-3.774159122258424759e-03,5.569919267145451158e-06,8.356852456927299500e-03,9.834931232035160065e-03,4.870516713708639145e-04,-4.025483503937721252e-04,1.016975753009319305e-02
2.971733175218105316e-02,-3.204889595508575439e-02,-1.708443835377693176e-02,1.906276792287826538e-01,-1.845328658819198608e-01,-1.128539070487022400e-01,-7.840777188539505005e-02,-3.547724569216370583e-03,2.349552512168884277e-01,-2.101664096117019653e-01,-9.033947717398405075e-04,6.716250441968441010e-03,-4.568160511553287506e-03,-2.256463631056249142e-05,7.341928780078887939e-03,9.813547134399414062e-03,4.580478998832404613e-04,-4.034121811855584383e-04,9.467038325965404510e-03
2.109091356396675110e-02,-2.542051300406455994e-02,-3.169514611363410950e-02,2.193155288696289062e-01,-2.009056806564331055e-01,-1.135019436478614807e-01,-7.516496628522872925e-02,1.625993661582469940e-02,2.031713575124740601e-01,-1.993091404438018799e-01,-4.634342622011899948e-04,6.700451485812664032e-03,-4.724175203591585159e-03,-3.601268326747231185e-05,6.624830886721611023e-03,9.796828962862491608e-03,4.291725927032530308e-04,-4.024150548502802849e-04,8.716662414371967316e-03
1.331441197544336319e-02,-1.811838150024414062e-02,-4.998195543885231018e-02,2.501661777496337891e-01,-2.135446518659591675e-01,-1.139454990625381470e-01,-7.167775928974151611e-02,3.430142626166343689e-02,1.726543158292770386e-01,-1.887671649456024170e-01,-2.608388967928476632e-05,6.688385736197233200e-03,-4.741478245705366135e-03,-2.960238998639397323e-05,5.999845918267965317e-03,9.766148403286933899e-03,3.997756866738200188e-04,-3.987610980402678251e-04,7.815854623913764954e-03
7.574047893285751343e-03,-1.037139166146516800e-02,-7.149070501327514648e-02,2.832931280136108398e-01,-2.240956276655197144e-01,-1.144499853253364563e-01,-6.800924241542816162e-02,5.078646168112754822e-02,1.444585472345352173e-01,-1.792923808097839355e-01,1.186299123219214380e-04,6.673948373645544052e-03,-4.757731687277555466e-03,-2.279510408698115498e-05,5.741618573665618896e-03,9.673082269728183746e-03,3.580195480026304722e-04,-3.941751492675393820e-04,7.309412583708763123e-03
5.048687104135751724e-03,-2.212601481005549431e-03,-9.568493813276290894e-02,3.183254599571228027e-01,-2.339256107807159424e-01,-1.148253753781318665e-01,-6.412632763385772705e-02,6.576952338218688965e-02,1.195913329720497131e-01,-1.715680211782455444e-01,2.529484627302736044e-04,6.665615364909172058e-03,-4.776559770107269287e-03,-1.862785029516089708e-05,5.636016372591257095e-03,9.592715650796890259e-03,2.945467713288962841e-04,-3.879514697473496199e-04,7.152585778385400772e-03
